name,category,language,before_loc,after_loc,before_bytes,after_bytes,before_nodes,after_nodes,has_mapping,op_identical,op_update,op_match_but_not_identical,op_delete,op_delete_with_children,op_insert,op_insert_with_children,node_op_identical,node_op_update,node_op_match_but_not_identical,node_op_delete,node_op_delete_with_children,node_op_insert,node_op_insert_with_children,implicit_identical_nodes,paired_entries,depth_delta_0,depth_delta_1,depth_delta_2,depth_delta_3plus,reorder_signals,group_count,group_with_children,current_mismatches
c-cpython-autogenerated-code,small,C,4146,4161,142030,142732,28887,29030,true,28866,3,18,0,0,0,1,57732,6,36,0,0,0,143,0,28887,28887,0,0,0,0,0,0,29
c-ffmpeg-added-typedef-to-enum,small,C,318,318,10561,10583,1238,1240,true,1230,0,6,2,0,4,0,2460,0,12,2,0,4,0,0,1236,1193,43,0,0,0,0,0,0
c-freeciv-add-parameter-to-function,small,C,30,31,1261,1318,122,132,true,116,0,5,0,0,9,0,235,0,10,0,0,9,0,3,121,121,0,0,0,0,1,0,0
c-htop-remove-function-declaration,small,C,95,93,2771,2700,597,570,true,568,0,2,27,0,0,0,1136,0,4,27,0,0,0,0,570,570,0,0,0,0,0,0,0
c-intel-vpl-gpu-rt-whitespace-only-change,full,C,749,749,24527,24512,3146,3146,true,3146,0,0,0,0,0,0,6292,0,0,0,0,0,0,0,3146,3146,0,0,0,0,0,0,0
c-libtom-libtomcrypt-change-function-call,full,C,363,363,10368,10372,4088,4088,true,4074,1,13,0,0,0,0,8148,2,26,0,0,0,0,0,4088,4088,0,0,0,0,0,0,0
c-linux-small-bugfix,small,C,3450,3453,99760,99853,23969,24017,true,23952,0,15,0,0,33,1,47910,0,30,0,0,33,13,6,23967,23843,0,96,28,0,2,0,5
c-linux-small-change,small,C,903,911,24830,25260,5911,5987,true,5888,0,23,0,0,76,0,11776,0,46,0,0,76,0,0,5911,5902,0,9,0,0,0,0,0
c-linux-small-change-struct-to-char,small,C,1770,1773,43302,43326,11373,11381,true,11328,0,30,15,0,23,0,22656,0,60,15,0,23,0,0,11358,11351,7,0,0,0,0,0,2
c-microsoft-terminal-add-function,small,C,488,489,26182,26228,5477,5489,true,5476,0,1,0,0,12,0,10952,0,2,0,0,12,0,0,5477,5477,0,0,0,0,0,0,0
c-nginx-add-typedef,small,C,901,924,20848,21370,5506,5635,true,5445,0,51,10,0,82,8,10890,0,102,10,0,82,57,0,5496,5480,14,2,0,1,0,0,50
c-ondsel-development-ondselsolver-add-include,full,C,133,134,4405,4424,1071,1074,true,1070,0,1,0,0,0,1,2140,0,2,0,0,0,3,0,1071,1071,0,0,0,0,0,0,0
c-postgres-real-logic-change,small,C,2051,1990,63055,61151,7769,7558,true,468,1,7,8,3,0,1,15263,2,14,8,27,0,13,14327,476,476,0,0,0,0,0,0,27
c-tripwire-tripwire-open-source-add-single-item-to-list,full,C,359,360,12613,12629,1201,1204,true,1194,0,7,0,0,0,2,2388,0,14,0,0,0,3,0,1201,1201,0,0,0,0,0,0,0
cpp-add-const-correctness,handmade,CPP,15,15,274,287,116,122,true,108,0,8,0,0,6,0,216,0,16,0,0,6,0,0,116,115,1,0,0,0,0,0,0
cpp-add-memory-management,handmade,CPP,13,14,246,294,89,107,true,80,0,5,4,0,22,0,160,0,10,4,0,22,0,0,85,82,1,0,2,0,0,0,0
cpp-add-templates,handmade,CPP,14,15,241,252,105,119,true,87,3,12,3,0,17,0,174,6,24,3,0,17,0,0,102,54,48,0,0,0,0,0,2
cpp-bolero-murakami-sprout-copyright-comment-update,full,CPP,91,91,3901,3901,809,809,true,807,1,1,0,0,0,0,1614,2,2,0,0,0,0,0,809,809,0,0,0,0,0,0,0
cpp-bolero-murakami-sprout-copyright-update,full,CPP,60,60,2113,2113,489,489,true,487,1,1,0,0,0,0,974,2,2,0,0,0,0,0,489,489,0,0,0,0,0,0,0
cpp-bolero-murakami-sprout-copyright-update-3,full,CPP,243,243,9967,9967,2268,2268,true,2266,1,1,0,0,0,0,4532,2,2,0,0,0,0,0,2268,2268,0,0,0,0,0,0,0
cpp-fix-segfault,handmade,CPP,19,19,391,390,170,170,true,164,0,6,0,0,0,0,328,0,12,0,0,0,0,0,170,170,0,0,0,0,0,0,0
cpp-godot-small-bugfix,small,CPP,685,687,20670,20684,5826,5832,true,5814,0,9,2,0,7,0,11631,0,18,2,0,7,0,3,5823,5797,10,16,0,0,1,0,11
cpp-ladybird-refactor-variables-if-changes,small,CPP,564,590,27975,29948,6028,6630,true,5931,1,37,55,0,145,5,11872,2,74,55,0,145,510,10,5969,5755,55,158,1,0,2,0,109
cpp-lancos-ponyprog-remove-a-few-lines,full,CPP,774,769,16352,16228,3216,3174,true,3167,0,7,0,1,0,0,6334,0,14,0,42,0,0,0,3174,3174,0,0,0,0,0,0,0
cpp-laydbird-change-function-signature,small,CPP,387,387,18051,18146,3544,3577,true,3441,1,22,51,2,112,0,6884,2,44,51,28,112,0,2,3464,3461,1,0,2,0,0,0,60
cpp-libreoffice-add-const,small,CPP,883,883,25531,25537,6011,6013,true,5998,0,13,0,0,2,0,11996,0,26,0,0,2,0,0,6011,6011,0,0,0,0,0,0,0
cpp-libreoffice-remove-return-value,small,CPP,483,482,15254,15194,3435,3428,true,3423,0,5,7,0,0,0,6846,0,10,7,0,0,0,0,3428,3428,0,0,0,0,0,0,0
cpp-llnl-sundials-comment-change,full,CPP,749,752,28035,28238,7425,7425,true,7423,1,1,0,0,0,0,14846,2,2,0,0,0,0,0,7425,7425,0,0,0,0,0,0,0
cpp-nextcloud-add-test-case,small,CPP,203,338,7740,14196,1850,3442,true,1846,0,4,0,0,6,1,3692,0,8,0,0,6,1586,0,1850,1850,0,0,0,0,0,0,0
cpp-ollama-add-function-argument,small,CPP,723,725,25996,26042,4402,4414,true,4397,0,5,0,0,12,0,8794,0,10,0,0,12,0,0,4402,4402,0,0,0,0,0,0,0
cpp-opencv-add-test-case,small,CPP,594,639,19810,21604,5407,5990,true,5401,0,6,0,0,2,1,10802,0,12,0,0,2,581,0,5407,5407,0,0,0,0,0,0,0
cpp-optimize-algorithm,handmade,CPP,18,12,363,263,169,126,true,95,0,4,70,0,27,0,190,0,8,70,0,27,0,0,99,99,0,0,0,0,0,0,0
cpp-tensorflow-switch-to-primitive-types,small,CPP,274,275,9311,9379,2294,2309,true,2236,0,58,0,0,15,0,4472,0,116,0,0,15,0,0,2294,2289,5,0,0,0,0,0,6
cpp-whitespace-only-change,small,CPP,82,82,2602,2603,928,928,true,928,0,0,0,0,0,0,1856,0,0,0,0,0,0,0,928,928,0,0,0,0,0,0,0
csharp-cyanfish-naps2-add-condition-to-if,full,CSharp,640,641,25640,25703,5608,5627,true,5600,0,8,0,0,1,2,11200,0,16,0,0,1,18,0,5608,5549,59,0,0,0,0,0,3
csharp-dotnet-script-dotnet-script-remove-two-arguments,full,CSharp,553,553,21000,20946,4979,4967,true,4948,0,19,2,2,0,0,9896,0,38,2,10,0,0,0,4967,4967,0,0,0,0,0,0,0
csharp-jellyfin-add-function,small,CSharp,316,335,11291,12079,2280,2367,true,2220,3,19,8,0,53,1,4489,6,38,8,0,53,53,49,2242,2234,0,0,8,0,0,0,11
csharp-jellyfin-sql-query-fix,small,CSharp,73,74,2614,2829,609,640,true,582,2,15,8,0,13,2,1170,4,30,8,0,13,24,6,599,577,0,0,22,0,1,0,0
csharp-lidarr-add-function,small,CSharp,314,326,13525,13916,2480,2609,true,2461,1,14,4,0,0,4,4922,2,28,4,0,0,133,0,2476,2476,0,0,0,0,0,0,0
csharp-lidarr-call-different-function,small,CSharp,552,552,20091,20125,4028,4028,true,3995,2,18,2,2,0,1,7993,4,36,2,10,0,11,3,4015,4015,0,0,0,0,1,0,0
csharp-lidarr-condition-change,small,CSharp,79,79,3525,3503,678,669,true,659,0,9,4,1,0,0,1321,0,18,4,4,0,0,3,668,664,0,4,0,0,1,0,0
csharp-lidarr-new-feature,small,CSharp,42,78,1614,2834,358,672,true,339,0,17,0,0,4,17,687,0,34,0,0,4,305,9,356,340,0,0,16,0,0,0,0
csharp-radarr-add-object-instance,small,CSharp,116,117,8519,8647,2302,2337,true,2292,0,10,0,0,1,1,4584,0,20,0,0,1,34,0,2302,2302,0,0,0,0,0,0,0
csharp-sonarr-add-if-block,small,CSharp,306,311,11246,11354,2493,2512,true,2486,0,7,0,0,0,1,4972,0,14,0,0,0,19,0,2493,2493,0,0,0,0,0,0,0
csharp-sonarr-add-true-to-function-call,small,CSharp,105,105,4086,4092,1075,1079,true,1063,0,12,0,0,1,1,2126,0,24,0,0,1,3,0,1075,1075,0,0,0,0,0,0,0
csharp-sonarr-change-type,small,CSharp,46,46,1194,1210,299,299,true,286,2,11,0,0,0,0,572,4,22,0,0,0,0,0,299,299,0,0,0,0,0,0,0
csharp-waf-csharprepl-update-string-URL,full,CSharp,262,262,9730,9731,2305,2305,true,2294,1,10,0,0,0,0,4588,2,20,0,0,0,0,0,2305,2305,0,0,0,0,0,0,0
css-add-property,small,CSS,29,30,494,515,126,131,true,123,0,3,0,0,5,0,246,0,6,0,0,5,0,0,126,126,0,0,0,0,0,0,0
css-fortawesome-font-awesome-update-version-comment-2,full,CSS,27,27,1690,1690,364,364,true,362,1,1,0,0,0,0,724,2,2,0,0,0,0,0,364,364,0,0,0,0,0,0,0
css-fortawesome-font-awesome-update-version-comment-3,full,CSS,6,6,21210,21210,10400,10400,true,10398,1,1,0,0,0,0,20796,2,2,0,0,0,0,0,10400,10400,0,0,0,0,0,0,0
css-fortawesome-font-awesome-upgrade-version-comment,full,CSS,51,51,1408,1408,447,447,true,445,1,1,0,0,0,0,890,2,2,0,0,0,0,0,447,447,0,0,0,0,0,0,0
css-heroic-games-launcher-heroicgameslauncher-add-6-lines,full,CSS,55,61,930,1054,264,295,true,259,0,5,0,0,0,6,518,0,10,0,0,0,31,0,264,264,0,0,0,0,0,0,0
css-horst3180-vertex-theme-remove-single-rule,full,CSS,5019,5016,271759,271648,91448,91408,true,91407,0,1,0,1,0,0,182814,0,2,0,40,0,0,0,91408,91408,0,0,0,0,0,0,0
css-lassekongo83-zuki-themes-fails-to-parse,full,CSS,136,136,3222,3239,858,862,true,848,1,8,1,0,5,0,1696,2,16,1,0,5,0,0,857,857,0,0,0,0,0,0,0
css-mozilla-firefox-firefox-actual-style-changes,small,CSS,423,425,11304,10903,2591,2494,true,2347,5,64,137,3,57,2,4697,10,128,137,37,57,19,3,2416,2415,0,1,0,0,1,0,8
css-playwright-add-class-selector,small,CSS,100,100,1974,2000,400,405,true,397,0,3,0,0,5,0,794,0,6,0,0,5,0,0,400,400,0,0,0,0,0,0,0
css-shadcn-ui-ui-completely-broken-treesitter-parsing,small,CSS,1365,1365,55049,55086,16334,16348,true,16329,1,1,3,0,17,0,32658,2,2,3,0,17,0,0,16331,16331,0,0,0,14,0,0,124
css-source-foundry-hack-change-font-string,full,CSS,34,34,1090,1089,259,259,true,251,1,7,0,0,0,0,502,2,14,0,0,0,0,0,259,259,0,0,0,0,0,0,0
css-wordpress-add-comment,small,CSS,151,155,2764,2940,346,347,true,345,0,1,0,0,1,0,690,0,2,0,0,1,0,0,346,346,0,0,0,0,0,0,0
css-wordpress-format-comment-and-fix,small,CSS,1,97,176,1789,77,115,true,65,0,10,2,0,16,24,130,0,20,2,0,16,24,0,75,75,0,0,0,0,0,0,0
css-wordpress-reformat,small,CSS,1,19,339,389,94,98,true,81,0,13,0,0,4,0,162,0,26,0,0,4,0,0,94,94,0,0,0,3,0,0,30
css-wordpress-smalll-change,small,CSS,355,354,5887,5877,1693,1693,true,1684,0,4,0,1,2,1,3368,0,8,0,5,2,3,0,1688,1684,4,0,0,0,0,0,0
css-wordpress-wordpress-autogenerated-file,small,CSS,2,2,23516,23505,8440,8430,true,8414,0,6,4,3,0,2,16828,0,12,4,16,0,10,0,8420,8420,0,0,0,0,0,0,0
css-wordpress-wordpress-change-simple-values-to-vars,small,CSS,356,356,5935,6002,1702,1716,true,1696,0,6,0,0,14,0,3392,0,12,0,0,14,0,0,1702,1698,0,4,0,0,0,0,1
go-caddy-rename-type,small,Go,77,77,1858,1858,507,507,true,421,17,69,0,0,0,0,842,34,138,0,0,0,0,0,507,507,0,0,0,0,0,0,0
go-cloudflare-cfssl-change-zero-value-to-is-zero,full,Go,257,257,9226,9218,1371,1365,true,1353,0,8,10,0,4,0,2706,0,16,10,0,4,0,0,1361,1359,1,1,0,0,0,0,5
go-containers-storage-add-two-constants,full,Go,866,868,36093,36177,7462,7472,true,7460,0,2,0,0,0,2,14920,0,4,0,0,0,10,0,7462,7462,0,0,0,0,0,0,0
go-cri-o-cri-o-change-importa,full,Go,118,118,2227,2218,560,560,true,552,0,3,0,1,0,1,1104,0,6,0,5,0,5,0,555,555,0,0,0,0,0,0,10
go-dweymouth-supersonic-remove-two-lines,full,Go,169,167,4654,4579,1546,1528,true,1520,0,8,0,2,0,0,3040,0,16,0,18,0,0,0,1528,1528,0,0,0,0,0,0,0
go-gin-add-function,small,Go,32,34,739,854,312,326,true,308,0,4,0,0,2,1,616,0,8,0,0,2,12,0,312,312,0,0,0,0,0,0,0
go-gin-change-import,small,Go,45,45,1193,1183,425,424,true,420,0,4,1,0,0,0,840,0,8,1,0,0,0,0,424,424,0,0,0,0,0,0,0
go-gin-constant-change,small,Go,101,101,2738,2737,678,678,true,666,1,11,0,0,0,0,1332,2,22,0,0,0,0,0,678,678,0,0,0,0,0,0,0
go-jesseduffield-lazygit-add-function,full,Go,11,12,299,335,53,68,true,52,0,1,0,0,0,1,104,0,2,0,0,0,15,0,53,53,0,0,0,0,0,0,0
go-kubernetes-kubernetes-add-unit-test-cases,small,Go,217,379,7378,12185,2516,4216,true,2510,0,6,0,0,0,16,5020,0,12,0,0,0,1700,0,2516,2516,0,0,0,0,0,0,5
go-lazygit-add-to-if-condition,small,Go,421,421,12005,12042,3232,3244,true,3227,0,5,0,0,12,0,6454,0,10,0,0,12,0,0,3232,3231,1,0,0,0,0,0,0
go-lazygit-switch-to-strings,small,Go,27,29,703,740,233,249,true,160,1,15,3,0,4,1,438,2,30,3,0,4,5,118,176,176,0,0,0,0,0,0,4
go-ollama-ollama-surround-block-with-if-and-function-call,small,Go,649,654,14519,14743,5533,5600,true,5529,0,4,0,0,7,1,11058,0,8,0,0,7,60,0,5533,5405,0,0,128,0,0,0,0
go-prometheus-node_exporter-remove-one-comment,full,Go,328,327,9282,9260,2707,2706,true,2705,0,1,1,0,0,0,5410,0,2,1,0,0,0,0,2706,2706,0,0,0,0,0,0,0
go-prometheus-single-comment-change,small,Go,38,38,1173,1168,213,213,true,211,1,1,0,0,0,0,422,2,2,0,0,0,0,0,213,213,0,0,0,0,0,0,0
go-stackexchange-blackbox-add-comment,full,Go,9,10,202,221,25,26,true,24,0,1,0,0,1,0,48,0,2,0,0,1,0,0,25,25,0,0,0,0,0,0,0
go-user-slices-library,small,Go,802,793,28353,28165,5814,5774,true,5743,3,14,1,1,14,0,11486,6,28,1,53,14,0,0,5760,5757,3,0,0,0,0,0,0
html-apache-echarts-actual-structure-change,small,HTML,347,377,19997,21776,3708,3989,true,3593,2,20,0,3,0,6,7186,4,40,0,93,0,374,0,3615,3615,0,0,0,0,0,0,82
html-chennes-med-only-text-value-change,full,HTML,98,98,3931,3929,1376,1376,true,1331,8,37,0,0,0,0,2662,16,74,0,0,0,0,0,1376,1376,0,0,0,0,0,0,0
html-chennes-med-only-text-value-change-2,full,HTML,53,53,2555,2549,858,858,true,816,6,36,0,0,0,0,1632,12,72,0,0,0,0,0,858,858,0,0,0,0,0,0,0
html-fatedier-add-attribute,small,HTML,16,16,291,304,122,129,true,108,2,12,0,0,0,1,216,4,24,0,0,0,7,0,122,122,0,0,0,0,0,0,0
html-firefox-update-src,small,HTML,19,19,892,896,253,253,true,247,1,5,0,0,0,0,494,2,10,0,0,0,0,0,253,253,0,0,0,0,0,0,0
html-gohugoio-hugo-enclose-table-with-div-and-add-thead-tbody,small,HTML,39,47,952,1252,92,119,true,72,5,8,0,1,23,1,144,10,16,0,7,23,11,0,85,2,9,74,0,0,0,0,9
html-gorhill-add-tag,small,HTML,27,28,851,901,291,310,true,288,0,3,0,0,0,1,576,0,6,0,0,0,19,0,291,291,0,0,0,0,0,0,0
html-hugo-tag-to-selfclosing-tag,small,HTML,9,9,317,315,92,92,true,86,0,6,0,0,0,0,172,0,12,0,0,0,0,0,92,92,0,0,0,0,0,0,2
html-ladybird-delete-attribute,small,HTML,14,13,370,297,62,43,true,42,0,1,1,1,0,0,84,0,2,1,18,0,0,0,43,43,0,0,0,0,0,0,0
html-mermaid-update-link,small,HTML,102,102,3102,3081,202,202,true,197,1,4,0,0,0,0,394,2,8,0,0,0,0,0,202,202,0,0,0,0,0,0,0
html-milkytracker-milkytracker-text-update,full,HTML,3757,3757,115742,115740,40500,40500,true,40495,1,4,0,0,0,0,80990,2,8,0,0,0,0,0,40500,40500,0,0,0,0,0,0,0
html-mozilla-firefox-firefox-remove-li-around-button,small,HTML,1206,1190,65633,65065,13444,13372,true,13354,0,18,12,15,0,0,26708,0,36,12,60,0,0,0,13372,12912,460,0,0,0,0,0,24
html-oauth-xx-oauth-ruby-version-and-timestamp-update,full,HTML,399,399,16067,16067,5268,5268,true,5261,2,5,0,0,0,0,10522,4,10,0,0,0,0,0,5268,5268,0,0,0,0,0,0,0
html-tcltk-thread-one-multiline-value-changed,full,HTML,312,312,15629,15630,4477,4477,true,4470,1,6,0,0,0,0,8940,2,12,0,0,0,0,0,4477,4477,0,0,0,0,0,0,0
html-twbs-bootstrap-add-the-same-attribute-in-many-places,small,HTML,357,357,20576,20861,5185,5290,true,5121,0,64,0,0,0,15,10242,0,128,0,0,0,105,0,5185,5185,0,0,0,0,0,0,0
java-add-exception-handling,handmade,Java,15,20,456,638,145,186,true,137,0,7,0,0,40,0,277,0,14,0,0,40,0,3,144,53,0,91,0,0,0,0,6
java-add-interface,handmade,Java,13,18,262,340,81,104,true,76,0,5,0,0,23,0,152,0,10,0,0,23,0,0,81,81,0,0,0,0,0,0,0
java-add-logging,handmade,Java,11,14,292,458,104,164,true,97,0,7,0,0,60,0,194,0,14,0,0,60,0,0,104,104,0,0,0,0,0,0,0
java-eclipse-jdt-eclipse-remove-import-and-inheritance,full,Java,69,68,3247,3142,403,377,true,372,0,5,1,2,0,0,744,0,10,1,25,0,0,0,377,377,0,0,0,0,0,0,0
java-fix-array-index,handmade,Java,10,10,262,261,89,89,true,81,0,8,0,0,0,0,162,0,16,0,0,0,0,0,89,89,0,0,0,0,0,0,0
java-genymobile-scrcpy-change-some-android-version-constant,small,Java,121,122,4284,4353,997,1004,true,973,4,12,4,0,0,1,1952,8,24,4,0,0,13,6,989,983,6,0,0,0,0,0,0
java-genymobile-scrcpy-refactor-for-loop-in-a-function,small,Java,126,144,5575,6519,1399,1644,true,1377,2,20,0,0,50,3,2754,4,40,0,0,50,195,0,1399,1357,0,0,42,0,0,0,52
java-genymobile-scrcpy-switch-from-three-exceptions-to-one,small,Java,228,225,10771,10494,2204,2173,true,2140,6,27,18,1,0,0,4280,12,54,18,13,0,0,0,2173,2173,0,0,0,0,0,0,0
java-hunterhacker-jdom-javadoc-update,full,Java,614,614,20804,20805,1633,1633,true,1629,1,3,0,0,0,0,3258,2,6,0,0,0,0,0,1633,1633,0,0,0,0,0,0,0
java-jflex-de-jflex-javadoc-update,full,Java,53,53,1721,1731,367,367,true,365,1,1,0,0,0,0,730,2,2,0,0,0,0,0,367,367,0,0,0,0,0,0,0
java-jopt-simple-jopt-simple-remove-import,full,Java,92,90,2842,2802,549,536,true,535,0,1,0,1,0,0,1070,0,2,0,13,0,0,0,536,536,0,0,0,0,0,0,0
java-junit-pioneer-junit-pioneer-add-block-comment,full,Java,82,89,2721,2955,640,641,true,639,0,1,0,0,0,1,1278,0,2,0,0,0,1,0,640,640,0,0,0,0,0,0,0
java-nextcloud-android-add-if-branch-with-reused-return,small,Java,2303,2312,90755,91179,17922,18005,true,17884,3,35,0,0,11,3,35768,6,70,0,0,11,72,0,17922,17921,1,0,0,0,0,0,54
java-nextcloud-android-add-two-function-calls,small,Java,1772,1778,76277,76503,14331,14357,true,14318,0,13,0,0,2,2,28636,0,26,0,0,2,24,0,14331,14331,0,0,0,0,0,0,0
java-protobuf-add-two-annotations,small,Java,703,705,24419,24467,4067,4073,true,4060,0,7,0,0,0,2,8120,0,14,0,0,0,6,0,4067,4067,0,0,0,0,0,0,0
java-protocolbuffers-protobuf-add-a-method,small,Java,704,717,24425,24896,4054,4084,true,4051,0,3,0,0,1,1,8102,0,6,0,0,1,29,0,4054,4054,0,0,0,0,0,0,0
java-protocolbuffers-protobuf-add-import-and-update-field-access,small,Java,4884,4885,187744,187794,41413,41426,true,41395,1,17,0,0,0,1,82790,2,34,0,0,0,13,0,41413,41413,0,0,0,0,0,0,0
java-refactor-constants,handmade,Java,15,16,279,315,84,96,true,69,0,13,2,0,14,0,138,0,26,2,0,14,0,0,82,82,0,0,0,0,0,0,0
java-scrcpy-public-to-protected,small,Java,145,145,5774,5777,1249,1249,true,1243,0,6,0,0,0,0,2486,0,12,0,0,0,0,0,1249,1249,0,0,0,0,0,0,1
java-scrcpy-remove-or-expression,small,Java,149,149,5384,5312,947,938,true,930,0,7,1,1,0,0,1863,0,14,1,7,0,0,3,937,931,6,0,0,0,0,0,0
java-zeroc-ice-ice-comment-only-update,full,Java,37,37,1114,1121,118,118,true,114,1,3,0,0,0,0,228,2,6,0,0,0,0,0,118,118,0,0,0,0,0,0,0
javascript-add-array-method,handmade,JavaScript,11,6,242,143,96,57,true,44,0,4,48,0,9,0,88,0,8,48,0,9,0,0,48,48,0,0,0,0,0,0,0
javascript-add-destructuring,handmade,JavaScript,11,9,186,149,75,59,true,47,0,3,23,0,8,0,97,0,6,23,0,8,0,3,50,49,1,0,0,0,0,0,5
javascript-add-event-listener,handmade,JavaScript,7,10,147,254,51,95,true,45,1,3,2,0,46,0,90,2,6,2,0,46,0,0,49,48,1,0,0,0,0,0,7
javascript-fix-promises,handmade,JavaScript,11,19,202,391,90,145,true,71,0,15,0,0,52,0,153,0,30,0,0,52,0,11,86,46,0,40,0,0,0,0,2
javascript-grobian-carbonapi-web-add-binary-expression-to-existing-assignment,full,JavaScript,262,262,8367,8373,2013,2019,true,2006,0,3,0,0,1,1,4021,0,6,0,0,1,4,9,2009,1989,20,0,0,0,1,0,2
javascript-jquery-ui-rails-jquery-ui-rails-update-text-in-string,full,JavaScript,41,41,1239,1227,476,476,true,461,2,13,0,0,0,0,922,4,26,0,0,0,0,0,476,476,0,0,0,0,0,0,0
javascript-jquery-ui-rails-jquery-ui-rails-update-text-in-string-2,full,JavaScript,40,40,1199,1205,476,476,true,461,2,13,0,0,0,0,922,4,26,0,0,0,0,0,476,476,0,0,0,0,0,0,0
javascript-microsoft-typescript-another-test-case-marked-with-strict,small,JavaScript,29,30,815,830,196,202,true,195,0,1,0,0,0,1,390,0,2,0,0,0,6,0,196,196,0,0,0,0,0,0,0
javascript-microsoft-typescript-broken-js-remove-string-fragment,small,JavaScript,940,939,40890,40725,14836,14817,true,14779,0,38,19,0,0,0,29558,0,76,19,0,0,0,0,14817,14817,0,0,0,0,0,0,464
javascript-microsoft-typescript-test-data-pretending-to-be-code-maybe-broken-parsing,small,JavaScript,514,510,18751,18666,4436,4389,true,4379,1,9,3,3,0,0,8758,2,18,3,44,0,0,0,4389,4389,0,0,0,0,0,0,2
javascript-mozilla-firefox-add-comment,small,JavaScript,400,402,11236,11334,1877,1879,true,1876,0,1,0,0,2,0,3752,0,2,0,0,2,0,0,1877,1877,0,0,0,0,0,0,0
javascript-refactor-arrow-func,handmade,JavaScript,11,7,200,154,95,77,true,64,0,9,22,0,4,0,128,0,18,22,0,4,0,0,73,60,2,11,0,0,0,0,0
javascript-twbs-bootstrap-comment-version-update,small,JavaScript,135,135,4360,4360,1140,1140,true,1138,1,1,0,0,0,0,2276,2,2,0,0,0,0,0,1140,1140,0,0,0,0,0,0,0
javascript-typescript-add-strict-3,small,JavaScript,106,107,5484,5499,1832,1838,true,1831,0,1,0,0,0,1,3662,0,2,0,0,0,6,0,1832,1832,0,0,0,0,0,0,0
javascript-typescript-add-use-strict,small,JavaScript,19,20,474,489,127,133,true,126,0,1,0,0,0,1,252,0,2,0,0,0,6,0,127,127,0,0,0,0,0,0,0
javascript-typescript-interesting-small-edit-refactor,small,JavaScript,7,7,213,195,51,38,true,30,0,3,1,2,0,0,72,0,6,1,10,0,0,12,33,31,2,0,0,0,0,0,3
javascript-typescript-use-strict-2,small,JavaScript,29,30,815,830,196,202,true,195,0,1,0,0,0,1,390,0,2,0,0,0,6,0,196,196,0,0,0,0,0,0,0
javascript-typescript-very-interesting-brokn-code,small,JavaScript,8,9,258,273,44,44,true,40,1,3,0,0,0,0,80,2,6,0,0,0,0,0,44,44,0,0,0,0,0,0,0
javascript-usebruno-bruno-add-class-to-classname-attribute,full,JavaScript,214,214,8034,8028,1923,1923,true,1901,1,21,0,0,0,0,3802,2,42,0,0,0,0,0,1923,1923,0,0,0,0,0,0,0
javascript-usebruno-bruno-style-change,full,JavaScript,29,29,579,613,94,117,true,88,1,5,0,0,1,1,176,2,10,0,0,1,22,0,94,94,0,0,0,0,0,0,0
javascript-xpra-org-xpra-html5-small-change,full,JavaScript,4974,4974,164068,164064,45435,45427,true,45402,2,19,4,0,0,0,90816,4,38,4,0,0,0,12,45423,45421,0,0,2,0,4,0,5
json-apache-string-change-version,small,JSON,412,412,17903,17903,4310,4310,true,4303,1,6,0,0,0,0,8606,2,12,0,0,0,0,0,4310,4310,0,0,0,0,0,0,0
json-excalidraw-excalidraw-change-translations-mostly-add,small,JSON,665,715,27613,28633,6474,6907,true,6463,0,10,1,0,6,6,12926,0,20,1,0,6,428,0,6473,6473,0,0,0,0,0,0,27
json-fedoraqt-qgnomeplatform-remove-from-list,full,JSON,3,3,54,46,27,22,true,18,0,4,1,1,0,0,36,0,8,1,4,0,0,0,22,22,0,0,0,0,0,0,0
json-fortawesome-font-awesome-string-change,full,JSON,1,1,397,405,62,62,true,56,1,5,0,0,0,0,112,2,10,0,0,0,0,0,62,62,0,0,0,0,0,0,0
json-gorhill-ublock-add-5-pairs,small,JSON,394,414,15497,16281,3065,3220,true,3063,0,2,0,0,5,5,6126,0,4,0,0,5,150,0,3065,3065,0,0,0,0,0,0,0
json-governikus-ausweisapp-whitespace-only,full,JSON,4,4,67,67,24,24,true,19,1,4,0,0,0,0,38,2,8,0,0,0,0,0,24,24,0,0,0,0,0,0,0
json-iwalton3-jellyfin-web-jmp-gigantic-file-trivial-string-version-change,full,JSON,15705,15705,647688,647688,129252,129252,true,129247,1,4,0,0,0,0,258494,2,8,0,0,0,0,0,129252,129252,0,0,0,0,0,0,0
json-kellyjonbrazil-jc-add-maxhops-to-traceroute,full,JSON,1,1,687,716,404,420,true,402,0,2,0,0,2,2,804,0,4,0,0,2,14,0,404,404,0,0,0,0,0,0,0
json-kiwix-kiwix-desktop-add-a-few-change-a-few,full,JSON,196,198,9564,9675,2079,2101,true,2074,1,4,0,0,0,4,4148,2,8,0,0,0,22,0,2079,2079,0,0,0,0,0,0,20
json-langflow-update-single-string,small,JSON,2150,2150,154331,154331,23136,23136,true,23115,1,20,0,0,0,0,46230,2,40,0,0,0,0,0,23136,23136,0,0,0,0,0,0,0
json-main-branch-track_open_instances-remove-item-from-list,full,JSON,23,22,672,615,161,150,true,144,0,6,1,1,0,0,288,0,12,1,10,0,0,0,150,150,0,0,0,0,0,0,0
json-mastodon-add-translation,small,JSON,1043,1044,75729,75807,11465,11476,true,11463,0,2,0,0,0,2,22926,0,4,0,0,0,11,0,11465,11465,0,0,0,0,0,0,0
json-nextcloud-server-deleted-pair,small,JSON,26,25,2649,2254,282,271,true,267,0,4,1,1,0,0,534,0,8,1,10,0,0,0,271,271,0,0,0,0,0,0,0
json-nextcloud-server-remove-many-and-move-one,small,JSON,367,341,27656,26046,4127,3833,true,3829,0,4,3,49,0,0,7658,0,8,3,291,0,0,0,3833,3833,0,0,0,1,0,0,0
json-radarr-radarr-rename-string-key,small,JSON,1119,1119,66506,66494,12294,12294,true,12289,1,4,0,0,0,0,24578,2,8,0,0,0,0,0,12294,12294,0,0,0,0,0,0,0
json-shadcn-ui-ui-react-code-in-string-constant,small,JSON,15,15,3704,3813,525,540,true,518,0,7,0,0,15,0,1036,0,14,0,0,15,0,0,525,525,0,0,0,0,0,0,0
json-shadcn-ui-ui-string-value-update-string-is-code,small,JSON,12,12,1852,1851,196,196,true,188,1,7,0,0,0,0,376,2,14,0,0,0,0,0,196,196,0,0,0,0,0,0,0
kotlin-add-data-class,handmade,Kotlin,11,10,211,212,94,95,true,60,1,10,23,0,24,0,120,2,20,23,0,24,0,0,71,69,2,0,0,0,0,0,0
kotlin-add-null-check,handmade,Kotlin,9,12,185,234,71,87,true,67,0,4,0,0,16,0,134,0,8,0,0,16,0,0,71,71,0,0,0,0,0,0,0
kotlin-add-validation,handmade,Kotlin,8,14,198,417,66,126,true,62,0,4,0,0,60,0,124,0,8,0,0,60,0,0,66,66,0,0,0,0,0,0,0
kotlin-fix-loop-bug,handmade,Kotlin,14,14,292,287,133,133,true,126,0,5,2,0,2,0,252,0,10,2,0,2,0,0,131,131,0,0,0,0,0,0,0
kotlin-jetbrains-kotlin-add-single-const,full,Kotlin,29,30,1911,1988,279,291,true,276,0,3,0,0,0,1,552,0,6,0,0,0,12,0,279,279,0,0,0,0,0,0,0
kotlin-jetbrains-kotlin-remove-one-comment-line,full,Kotlin,32,31,884,806,183,182,true,179,2,1,0,1,0,0,358,4,2,0,1,0,0,0,182,182,0,0,0,0,0,0,1
kotlin-jetbrains-kotlin-remove-typealias-with-annotations,full,Kotlin,33,29,998,848,193,148,true,147,0,1,7,2,0,0,294,0,2,7,38,0,0,0,148,148,0,0,0,0,0,0,0
kotlin-nextcloud-a-few-small-removals,small,Kotlin,438,418,17339,16507,3540,3352,true,3318,0,24,6,10,10,0,6636,0,48,6,192,10,0,0,3342,3342,0,0,0,0,0,0,4
kotlin-nextcloud-android-add-a-feature,small,Kotlin,518,530,20407,20923,3500,3588,true,3492,0,8,0,0,0,4,6984,0,16,0,0,0,88,0,3500,3500,0,0,0,0,0,0,0
kotlin-nextcloud-android-dot-to-question-mark-dot,small,Kotlin,195,195,6577,6584,1792,1792,true,1763,0,29,0,0,0,0,3526,0,58,0,0,0,0,0,1792,1792,0,0,0,0,0,0,7
kotlin-nextcloud-android-extract-argument-into-variable,small,Kotlin,201,202,7722,7824,1912,1946,true,1898,0,11,3,0,37,0,3796,0,22,3,0,37,0,0,1909,1908,1,0,0,0,0,0,3
kotlin-nextcloud-android-move-from-one-mocking-library-to-other,small,Kotlin,58,59,2205,2137,530,540,true,445,6,25,0,4,0,4,890,12,50,0,54,0,64,0,476,476,0,0,0,0,0,0,49
kotlin-nextcloud-change-function-fingerprint,small,Kotlin,157,161,5563,5843,1232,1289,true,1179,0,25,5,1,34,3,2382,0,50,5,12,34,38,24,1204,1203,0,0,1,0,0,0,1
kotlin-nextcloud-remove-function,small,Kotlin,854,822,33556,32495,7187,6987,true,6940,5,30,0,1,11,0,13881,10,60,0,212,11,0,1,6975,6942,0,33,0,0,0,0,6
kotlin-nextcloud-whitespace-only-change,small,Kotlin,69,70,2186,2187,569,569,true,569,0,0,0,0,0,0,1138,0,0,0,0,0,0,0,569,569,0,0,0,0,0,0,0
kotlin-refactor-function,handmade,Kotlin,14,10,395,303,135,130,true,30,3,20,82,0,77,0,60,6,40,82,0,77,0,0,53,50,2,0,1,0,0,0,0
kotlin-remove-function,small,Kotlin,77,57,2994,2319,455,296,true,236,2,23,14,5,0,2,478,4,46,14,177,0,32,6,261,259,2,0,0,0,0,0,68
kotlin-small-api-change,small,Kotlin,85,85,2705,2726,779,786,true,766,0,9,4,0,11,0,1532,0,18,4,0,11,0,0,775,775,0,0,0,0,0,0,0
kotlin-yairm210-unciv-small-change,full,Kotlin,147,148,4079,4110,785,797,true,761,1,19,4,0,4,1,1522,2,38,4,0,4,12,0,781,781,0,0,0,0,0,0,0
lua-awesome-only-comment-change,small,LUA,719,719,24513,24514,4644,4644,true,4641,1,2,0,0,0,0,9282,2,4,0,0,0,0,0,4644,4644,0,0,0,0,0,0,0
lua-awesomewm-awesome-align-to-halign,small,LUA,82,82,1999,1999,483,483,true,458,2,23,0,0,0,0,916,4,46,0,0,0,0,0,483,483,0,0,0,0,0,0,0
lua-awesomewm-awesome-change-doccomments,small,LUA,480,484,14850,15049,3112,3124,true,3085,10,11,0,2,0,6,6170,20,22,0,6,0,18,0,3106,3106,0,0,0,0,0,0,21
lua-awesomewm-awesome-comment-changes-and-additions,small,LUA,249,251,8085,8167,1689,1695,true,1680,4,5,0,0,0,2,3360,8,10,0,0,0,6,0,1689,1689,0,0,0,0,0,0,0
lua-corsixth-corsixth-refactor-if-expressions,full,LUA,278,278,10282,10272,2302,2308,true,2276,0,10,16,0,22,0,4552,0,20,16,0,22,0,0,2286,2282,4,0,0,0,0,0,12
lua-dromozoa-dromozoa-utf8-only-comment-text-update,full,LUA,287,287,6765,6770,2460,2460,true,2457,1,2,0,0,0,0,4914,2,4,0,0,0,0,0,2460,2460,0,0,0,0,0,0,0
lua-luals-lua-language-server-add-gsub-function-call,full,LUA,671,671,20688,20710,5989,6007,true,5975,0,14,0,0,4,1,11950,0,28,0,0,4,14,0,5989,5981,0,8,0,0,0,0,2
lua-luals-lua-language-server-add-two-translations,full,LUA,1310,1314,35940,36052,3190,3208,true,3189,0,1,0,0,0,2,6378,0,2,0,0,0,18,0,3190,3190,0,0,0,0,0,0,0
lua-luaposix-luaposix-copyright-year-change,full,LUA,486,486,15500,15500,3713,3713,true,3710,1,2,0,0,0,0,7420,2,4,0,0,0,0,0,3713,3713,0,0,0,0,0,0,0
lua-neovim-neovim-add-if-around-one-line,small,LUA,1074,1076,30273,30304,7839,7845,true,7836,0,3,0,0,6,0,15672,0,6,0,0,6,0,0,7839,7826,0,13,0,0,0,0,2
lua-neovim-neovim-add-new-logic,small,LUA,2098,2103,59887,59998,16255,16285,true,16200,0,13,2,0,13,3,32480,0,26,2,0,13,19,80,16213,16208,4,0,1,0,0,0,10
lua-neovim-neovim-constant-changes,small,LUA,264,264,11178,11170,1054,1054,true,1037,2,15,0,0,0,0,2074,4,30,0,0,0,0,0,1054,1054,0,0,0,0,0,0,0
lua-neovim-neovim-if-flips-two-branches,small,LUA,1521,1521,51759,51759,11903,11903,true,11891,0,12,0,0,0,0,23782,0,24,0,0,0,0,0,11903,11828,75,0,0,0,0,0,68
lua-neovim-neovim-logic-change-with-some-code-re-use,small,LUA,1441,1479,49823,51712,9694,10008,true,3690,0,6,0,0,0,11,19419,0,12,0,0,0,271,12039,3696,3696,0,0,0,0,0,0,0
lua-neovim-one-added-line,small,LUA,239,240,6076,6116,1989,2006,true,1982,0,7,0,0,0,1,3964,0,14,0,0,0,17,0,1989,1989,0,0,0,0,0,0,0
lua-return-to-the-roots-s25client-add-two-items-to-list,full,LUA,526,528,22274,22339,4529,4549,true,4523,0,6,0,0,2,2,9046,0,12,0,0,2,18,0,4529,4529,0,0,0,0,0,0,0
lua-return-to-the-roots-s25client-few-added-lines,full,LUA,80,86,2576,2798,714,816,true,711,0,3,0,0,0,6,1422,0,6,0,0,0,102,0,714,714,0,0,0,0,0,0,0
lua-teeworlds-teeworlds-add-or-expression-to-existing-if,full,LUA,560,560,18024,18043,5701,5710,true,5695,0,6,0,0,2,1,11390,0,12,0,0,2,7,0,5701,5685,16,0,0,0,0,0,4
php-doctrine-orm-delete-3-comments-and-update-1,full,PHP,1052,1049,40764,40459,9406,9403,true,9385,1,17,3,0,0,0,18770,2,34,3,0,0,0,0,9403,9403,0,0,0,0,0,0,0
php-icinga-icingaweb2-module-graphite-add-a-few-nodes,full,PHP,115,122,3727,3915,1173,1234,true,1168,0,5,0,0,0,3,2336,0,10,0,0,0,61,0,1173,1173,0,0,0,0,0,0,0
php-nextcloud-change-doccomment,small,PHP,156,156,4637,4628,1771,1771,true,1767,1,3,0,0,0,0,3534,2,6,0,0,0,0,0,1771,1771,0,0,0,0,0,0,0
php-nextcloud-server-whitespace-and-added-declaration,small,PHP,39,40,819,844,251,260,true,250,0,1,0,0,0,1,500,0,2,0,0,0,9,0,251,251,0,0,0,0,0,0,0
php-php-fig-log-deleted-a-class,full,PHP,146,138,4743,4649,1287,1263,true,1262,0,1,0,1,0,0,2524,0,2,0,24,0,0,0,1263,1263,0,0,0,0,0,0,0
php-smarty-php-smarty-change-version-string,full,PHP,2239,2239,56570,56570,11816,11816,true,11809,1,6,0,0,0,0,23618,2,12,0,0,0,0,0,11816,11816,0,0,0,0,0,0,0
php-symfony-finder-move-elseif-block-to-else,full,PHP,856,852,24386,24157,4258,4224,true,4213,1,7,2,2,0,0,8435,2,14,2,29,0,0,9,4221,4221,0,0,0,0,3,0,2
php-wordpress-wordpress-add-null-to-return,small,PHP,2823,2823,97804,97809,19897,19898,true,19889,0,8,0,0,1,0,39778,0,16,0,0,1,0,0,19897,19897,0,0,0,0,0,0,0
php-wordpress-wordpress-add-rtc-check,small,PHP,1636,1645,46036,46422,10228,10308,true,10217,0,10,0,0,9,3,20437,0,20,0,0,9,70,3,10227,10075,0,0,152,0,1,0,0
php-wordpress-wordpress-add-some-checks,small,PHP,3944,3969,151511,152232,34771,34952,true,34679,0,14,2,0,5,3,69510,0,28,2,0,5,178,152,34693,34690,3,0,0,0,0,0,10
php-wordpress-wordpress-update-doccomment,small,PHP,861,861,23929,23944,4318,4318,true,4314,3,1,0,0,0,0,8628,6,2,0,0,0,0,0,4318,4318,0,0,0,0,0,0,0
php-wordpress-wordpress-version-update,small,PHP,57,57,1113,1113,84,84,true,79,1,4,0,0,0,0,158,2,8,0,0,0,0,0,84,84,0,0,0,0,0,0,0
php-wordpress-wordpress-version-update-2,small,PHP,57,57,1113,1113,84,84,true,79,1,4,0,0,0,0,158,2,8,0,0,0,0,0,84,84,0,0,0,0,0,0,0
php-wordpress-wordpress-version-update-3,small,PHP,57,57,1113,1113,84,84,true,79,1,4,0,0,0,0,158,2,8,0,0,0,0,0,84,84,0,0,0,0,0,0,0
php-wordpress-wordpress-whitespace-only-change,small,PHP,2829,2829,98245,98244,20113,20113,true,20113,0,0,0,0,0,0,40226,0,0,0,0,0,0,0,20113,20113,0,0,0,0,0,0,0
php-zetacomponents-base-whitespace-only-change,full,PHP,141,141,4950,4948,318,318,true,316,1,1,0,0,0,0,632,2,2,0,0,0,0,0,318,318,0,0,0,0,0,0,0
php-zetacomponents-consoletools-file-with-parse-errors-and-a-few-deletions,full,PHP,407,406,14540,14499,1910,1903,true,1882,0,21,7,0,0,0,3764,0,42,7,0,0,0,0,1903,1903,0,0,0,0,0,0,2
python-aajanki-yle-dl-tiny-change,full,Python,58,58,1776,1770,344,341,true,326,2,13,1,1,0,0,652,4,26,1,2,0,0,0,341,341,0,0,0,0,0,0,0
python-add-remove-block,handmade,Python,20,28,398,616,133,182,true,127,1,5,0,0,49,0,254,2,10,0,0,49,0,0,133,133,0,0,0,0,0,0,0
python-added-if-block,handmade,Python,21,22,690,719,168,181,true,165,0,3,0,0,13,0,330,0,6,0,0,13,0,0,168,154,0,14,0,0,0,0,0
python-added-if-block-small,handmade,Python,3,4,60,81,27,35,true,24,0,3,0,0,8,0,48,0,6,0,0,8,0,0,27,17,0,10,0,0,0,0,0
python-ansible-ansible-field-rename,small,Python,1536,1536,60372,60373,10431,10431,true,10420,1,10,0,0,0,0,20840,2,20,0,0,0,0,0,10431,10431,0,0,0,0,0,0,0
python-ansible-ansible-ridiculously-long-yaml-in-string-constant-and-actual-code-changes,small,Python,1535,1622,67347,71178,10314,10992,true,10296,1,11,4,0,5,9,20595,2,22,4,0,5,678,3,10308,10229,79,0,0,0,1,0,13
python-api-change,handmade,Python,18,33,449,1079,118,316,true,82,3,18,15,0,213,0,164,6,36,15,0,213,0,0,103,88,2,13,0,0,0,0,0
python-bolero-murakami-sprout-change-copyright-year,full,Python,121,121,4045,4045,1356,1356,true,1354,1,1,0,0,0,0,2708,2,2,0,0,0,0,0,1356,1356,0,0,0,0,0,0,0
python-bugfix-loop,handmade,Python,24,30,550,739,148,190,true,140,1,7,0,0,42,0,280,2,14,0,0,42,0,0,148,147,0,0,1,0,0,0,0
python-django-django-update-unit-tests-actual-logic-change,small,Python,490,603,17532,21539,3485,4207,true,3152,0,82,73,2,0,7,6304,0,164,73,178,0,973,0,3234,3231,3,0,0,0,0,0,48
python-espressomd-espresso-fix-comment-typo,full,Python,335,335,14094,14095,3650,3650,true,3646,1,3,0,0,0,0,7292,2,6,0,0,0,0,0,3650,3650,0,0,0,0,0,0,0
python-langflow-ai-langflow-actual-change-of-logic,small,Python,306,293,10104,9645,2719,2584,true,2494,0,14,39,2,3,4,4991,0,28,39,170,3,72,3,2508,2508,0,0,0,0,1,0,8
python-open-telemetry-opentelemetry-python-move-from-one-function-to-other,full,Python,38,38,1107,1119,290,290,true,280,2,8,0,0,0,0,560,4,16,0,0,0,0,0,290,290,0,0,0,0,0,0,0
python-openhands-openhands-change-string-constant,small,Python,58,58,1795,1795,464,464,true,452,1,11,0,0,0,0,904,2,22,0,0,0,0,0,464,464,0,0,0,0,0,0,0
python-paddlepaddle-paddleocr-formatting-only-change,small,Python,534,536,17608,17638,5094,5094,true,5094,0,0,0,0,0,0,10188,0,0,0,0,0,0,0,5094,5094,0,0,0,0,0,0,0
python-pandas-dev-pandas-doccoment-changes-only,small,Python,3516,3575,115918,118622,14612,14612,true,14513,19,80,0,0,0,0,29026,38,160,0,0,0,0,0,14612,14612,0,0,0,0,0,0,0
python-persepolisdm-persepolis-add-a-single-node,full,Python,260,260,10245,10257,2053,2054,true,2050,0,3,0,0,1,0,4100,0,6,0,0,1,0,0,2053,2053,0,0,0,0,0,0,0
python-portagefilelist-client-remove-one-import-and-update-one-const-string,full,Python,171,170,6705,6690,1692,1688,true,1683,1,4,0,1,0,0,3366,2,8,0,4,0,0,0,1688,1688,0,0,0,0,0,0,16
python-pytorch-pytorch-add-param-to-many-places-and-update-one,small,Python,692,698,19203,19449,4439,4498,true,4416,1,22,0,0,6,5,8832,2,44,0,0,6,53,0,4439,4439,0,0,0,0,0,0,1
python-refactoring,handmade,Python,28,19,565,469,148,119,true,74,0,13,11,2,13,3,148,0,26,11,50,13,19,0,87,85,2,0,0,0,0,0,0
python-thefuck-multiline-string-change,small,Python,74,75,2635,2652,594,594,true,584,1,9,0,0,0,0,1168,2,18,0,0,0,0,0,594,594,0,0,0,0,0,0,0
python-ytdl-add-import-and-function-call,small,Python,108,112,3122,3198,858,873,true,857,0,1,0,0,0,2,1714,0,2,0,0,0,15,0,858,858,0,0,0,0,0,0,0
python-zaneb-autopage-move-time-sleep,full,Python,337,337,11857,11857,3156,3156,true,3149,0,7,0,0,0,0,6298,0,14,0,0,0,0,0,3156,3156,0,0,0,0,0,0,0
r-gtownsend-icon-one-letter-identifier-change,full,R,364,364,9571,9572,3321,3321,true,3318,1,2,0,0,0,0,6636,2,4,0,0,0,0,0,3321,3321,0,0,0,0,0,0,0
r-mtytel-helm-dummy-file,full,R,7,7,209,209,34,34,true,32,1,1,0,0,0,0,64,2,2,0,0,0,0,0,34,34,0,0,0,0,0,0,0
ruby-homebrew-add-or-expression,small,Ruby,299,300,10991,11110,3070,3076,true,3058,0,12,0,0,5,1,6116,0,24,0,0,5,1,0,3070,3049,21,0,0,0,0,0,0
ruby-homebrew-brew-actual-logic-change,small,Ruby,623,633,25328,25781,4728,4848,true,4690,0,26,5,1,13,9,9389,0,52,5,4,13,113,9,4716,4698,14,0,4,0,2,0,15
ruby-homebrew-brew-change-heredoc-to-string,small,Ruby,297,295,9978,9956,2101,2106,true,2084,0,10,7,0,12,0,4168,0,20,7,0,12,0,0,2094,2069,0,25,0,0,0,0,2
ruby-homebrew-brew-decent-amount-of-new-code-and-some-changes,small,Ruby,384,434,14602,16831,2777,3452,true,2670,8,58,21,5,18,17,5340,16,116,21,20,18,698,0,2736,2728,1,0,7,0,0,0,32
ruby-homebrew-brew-enclose-block-in-rescue,small,Ruby,225,229,9402,9494,1427,1440,true,1416,0,11,0,0,3,1,2832,0,22,0,0,3,10,0,1427,1357,70,0,0,0,0,0,0
ruby-homebrew-brew-function-callsite-argument-change,small,Ruby,695,690,24802,24627,5148,5125,true,5090,1,25,3,3,0,1,10180,2,50,3,29,0,9,0,5116,5116,0,0,0,0,0,0,0
ruby-homebrew-brew-real-small-change,small,Ruby,231,222,7510,7282,1580,1551,true,1496,2,49,17,2,4,0,2992,4,98,17,16,4,0,0,1547,1532,15,0,0,0,0,0,1
ruby-intridea-multi_json-remove-double-colon,full,Ruby,25,25,616,614,165,163,true,159,0,4,2,0,0,0,318,0,8,2,0,0,0,0,163,162,1,0,0,0,0,0,0
ruby-intridea-multi_json-remove-single-comma,full,Ruby,29,29,723,722,193,192,true,178,0,14,1,0,0,0,356,0,28,1,0,0,0,0,192,192,0,0,0,0,0,0,0
ruby-junegunn-fzf-add-test-case,small,Ruby,3790,3797,128484,128862,36950,37026,true,36947,0,3,0,0,0,1,73894,0,6,0,0,0,76,0,36950,36950,0,0,0,0,0,0,0
ruby-junegunn-fzf-add-test-case-2,small,Ruby,3977,3984,134623,134872,37941,37992,true,37938,0,3,0,0,0,1,75876,0,6,0,0,0,51,0,37941,37941,0,0,0,0,0,0,0
ruby-mastodon-mastodon-use-context-and-new-test-case,small,Ruby,115,126,3967,4344,957,1055,true,946,0,8,0,0,3,2,1901,0,16,0,0,3,92,9,954,823,0,0,131,0,3,0,16
ruby-moneta-rb-moneta-change-one-identifier,full,Ruby,24,24,585,584,110,110,true,101,1,8,0,0,0,0,202,2,16,0,0,0,0,0,110,110,0,0,0,0,0,0,0
ruby-moneta-rb-moneta-trivial-version-update,full,Ruby,5,5,87,87,18,18,true,11,1,6,0,0,0,0,22,2,12,0,0,0,0,0,18,18,0,0,0,0,0,0,0
ruby-rapid7-ruby_smb-add-import-and-one-expression,full,Ruby,366,369,15069,15218,1887,1928,true,1880,0,7,0,0,0,2,3760,0,14,0,0,0,41,0,1887,1887,0,0,0,0,0,0,0
rust-add-comments-and-real-new-logic,handmade,Rust,436,468,16336,17751,3784,4043,true,3744,0,39,1,0,13,23,7488,0,78,1,0,13,247,0,3783,3757,0,0,26,0,0,0,84
rust-add-if,handmade,Rust,8,10,114,162,58,81,true,54,0,4,0,0,4,2,108,0,8,0,0,4,19,0,58,17,0,41,0,0,0,0,0
rust-add-to-existing-use,handmade,Rust,5,7,65,78,32,37,true,29,0,2,0,0,6,0,59,0,4,0,0,6,0,1,31,30,1,0,0,0,0,0,0
rust-add-value-to-enum,handmade,Rust,21,22,715,733,137,140,true,134,0,3,0,0,3,0,268,0,6,0,0,3,0,0,137,137,0,0,0,0,0,0,0
rust-adding-many-identical-cfg-test-statements-to-a-signle-file-doesnt-prefer-the-local-insert-but-rather-goes-to-some-other-existing-cfg,handmade,Rust,139,225,4632,7557,858,1460,true,857,0,1,0,0,0,86,1714,0,2,0,0,0,602,0,858,858,0,0,0,0,0,0,0
rust-adding-to-a-list-of-identical-attributes-should-favour-near-matches,handmade,Rust,477,481,13270,13434,3224,3252,true,3223,0,1,0,0,0,4,6446,0,2,0,0,0,28,0,3224,3224,0,0,0,0,0,0,0
rust-algorithm-change,handmade,Rust,20,24,458,514,184,184,true,118,5,11,31,0,29,1,266,10,22,31,0,29,10,30,134,110,8,1,15,0,1,0,12
rust-completely-unrelated-main-files,handmade,Rust,240,899,9860,35694,1806,8462,false,0,0,0,0,0,0,0,0,0,0,0,0,0,0,0,0,0,0,0,0,0,0,0,
rust-cost-optimization,handmade,Rust,29,34,672,784,201,217,true,194,0,7,0,0,16,0,388,0,14,0,0,16,0,0,201,201,0,0,0,0,0,0,0
rust-data-structure,handmade,Rust,16,28,268,544,104,212,true,69,1,16,18,0,34,1,138,2,32,18,0,34,92,0,86,86,0,0,0,0,0,0,0
rust-error-handling,handmade,Rust,14,15,322,376,133,168,true,107,0,7,10,0,48,0,229,0,14,10,0,48,0,15,114,85,27,2,0,0,0,0,1
rust-firefox-webrenderer-borders,handmade,Rust,368,368,11681,11651,2472,2444,true,2386,8,44,22,0,0,0,4790,16,88,22,0,0,0,18,2438,2426,0,12,0,0,2,0,0
rust-fornwall-rust-script-add-lifecycle-management,full,Rust,1360,1360,31319,31331,7116,7137,true,7103,0,13,0,0,3,3,14206,0,26,0,0,3,18,0,7116,7113,3,0,0,0,0,0,0
rust-hash-optimization,handmade,Rust,22,41,488,1050,187,386,true,129,0,14,0,0,177,0,368,0,28,0,0,177,0,110,143,143,0,0,0,0,0,0,0
rust-hello-world-added-message,handmade,Rust,3,4,43,103,22,34,true,19,0,3,0,0,0,1,38,0,6,0,0,0,12,0,22,22,0,0,0,0,0,0,0
rust-hello-world-removed-message,handmade,Rust,4,3,103,43,34,22,true,19,0,3,0,1,0,0,38,0,6,0,12,0,0,0,22,22,0,0,0,0,0,0,0
rust-leetcode-1-bugfix,handmade,Rust,26,30,665,758,220,261,true,215,0,5,0,0,41,0,430,0,10,0,0,41,0,0,220,220,0,0,0,0,0,0,0
rust-multi-map-duplicate-calls,handmade,Rust,6,5,58,47,38,31,true,1,0,0,0,0,0,0,69,0,0,0,0,0,0,67,1,1,0,0,0,0,1,1,0
rust-next-font-imports-generator,handmade,Rust,274,274,10889,10266,2389,2372,true,2315,0,42,21,0,8,0,4648,0,84,21,0,8,0,18,2357,1313,48,53,943,2,0,0,0
rust-no-change,handmade,Rust,49,49,1213,1213,383,383,true,383,0,0,0,0,0,0,766,0,0,0,0,0,0,0,383,383,0,0,0,0,0,0,0
rust-real-logic-change-in-a-huge-75k-node-file,handmade,Rust,9145,9585,359544,376443,74748,78381,true,451,3,4,0,0,1,3,153111,6,8,0,0,1,3,152209,458,458,0,0,0,0,0,0,18
rust-refirmlabs-binwalk-whitespace-only,full,Rust,921,919,37771,37741,5373,5373,true,5373,0,0,0,0,0,0,10746,0,0,0,0,0,0,0,5373,5373,0,0,0,0,0,0,0
rust-rust-lang-rust-add-key-to-function-arguments-and-call-sites,small,Rust,737,739,27847,27906,5765,5791,true,5717,0,48,0,0,12,2,11434,0,96,0,0,12,14,0,5765,5765,0,0,0,0,0,0,0
rust-rustdesk-add-item,small,Rust,658,659,32550,32576,8272,8284,true,8268,0,4,0,0,1,1,16536,0,8,0,0,1,11,0,8272,8272,0,0,0,0,0,0,0
rust-rustdesk-add-one-slice-element,small,Rust,740,741,38916,38943,9197,9209,true,9193,0,4,0,0,1,1,18386,0,8,0,0,1,11,0,9197,9197,0,0,0,0,0,0,0
rust-rustdesk-rustdesk-actual-logic-change-in-io-loop-medium-sized-file,small,Rust,2341,2376,108156,109471,23218,23510,true,22967,2,63,37,1,4,9,46086,4,126,37,36,4,435,152,23032,22976,45,11,0,0,36,0,95
rust-rustdesk-rustdesk-add-two-values-to-slice,small,Rust,731,733,63335,63406,9332,9356,true,9328,0,4,0,0,2,2,18656,0,8,0,0,2,22,0,9332,9332,0,0,0,0,0,0,0
rust-rustdesk-rustdesk-large-file-40k-normal-feature-work,small,Rust,4495,4593,186610,190698,44940,46060,true,44744,0,93,20,0,18,36,89605,0,186,20,0,18,1171,117,44837,44685,47,105,0,0,29,0,47
rust-rustdesk-rustdesk-string-constant-change,small,Rust,718,718,47464,47458,9413,9413,true,9406,1,6,0,0,0,0,18812,2,12,0,0,0,0,0,9413,9413,0,0,0,0,0,0,0
rust-skim-rs-skim-format-string,full,Rust,134,134,4426,4424,1198,1196,true,1186,1,9,2,0,0,0,2372,2,18,2,0,0,0,0,1196,1196,0,0,0,0,0,0,0
rust-sniffnet-protocol,handmade,Rust,47,51,1330,1531,415,480,true,393,1,20,0,0,64,0,789,2,40,0,0,64,0,3,414,414,0,0,0,0,0,0,1
rust-tauri-api-build-1,handmade,Rust,51,52,1761,1777,451,456,true,436,0,14,0,0,4,0,875,0,28,0,0,4,0,3,450,450,0,0,0,0,0,0,0
rust-tauri-api-build-2,handmade,Rust,52,52,1777,1773,456,453,true,445,1,7,3,0,0,0,890,2,14,3,0,0,0,0,453,453,0,0,0,0,0,0,0
rust-tauri-cli-ios-dev,handmade,Rust,332,332,10308,10309,2580,2582,true,2574,0,6,0,0,2,0,5148,0,12,0,0,2,0,0,2580,2546,34,0,0,0,0,0,0
rust-turbopack-module-rule,handmade,Rust,224,276,8559,11005,1775,2150,true,1639,1,35,5,2,246,8,3430,2,70,5,22,246,150,152,1675,1564,0,47,64,0,0,0,49
rust-turbopack-persistence-tools-main,handmade,Rust,66,67,2120,2171,457,468,true,445,1,11,0,0,11,0,890,2,22,0,0,11,0,0,457,457,0,0,0,0,0,0,0
rust-tursodatabase-turso-unwrap-to-expect,full,Rust,101,103,2937,3023,817,825,true,800,2,15,0,0,0,2,1600,4,30,0,0,0,8,0,817,817,0,0,0,0,0,0,0
rust-vercel-nextjs-move-from-one-struct-to-another-and-add-some-code,small,Rust,219,227,6934,7193,1344,1380,true,1272,13,56,2,1,1,2,2544,26,112,2,1,1,38,0,1341,1341,0,0,0,0,0,0,0
rust-vercel-nextjs-refactoring-would-require-mulitmap-mapping,small,Rust,1220,1203,46885,46289,9089,9073,true,8909,9,15,8,0,10,1,18090,18,30,8,0,10,6,272,8933,8856,3,3,71,0,3,0,6
rust-xou816-spot-add-Some-around-existing-code,full,Rust,283,283,8419,8425,2383,2388,true,2375,0,8,0,0,5,0,4750,0,16,0,0,5,0,0,2383,2377,0,6,0,0,0,0,0
rust-zed-git-panel-settings,handmade,Rust,71,73,2679,2763,605,627,true,596,0,9,0,0,22,0,1192,0,18,0,0,22,0,0,605,605,0,0,0,0,0,0,0
rust-zed-industries-zed-add-argument,small,Rust,6142,6148,219899,220123,53901,53939,true,53819,0,82,0,0,6,5,107638,0,164,0,0,6,32,0,53901,53901,0,0,0,0,0,0,0
rust-zed-workspace-tasks,handmade,Rust,136,330,4568,11735,1077,2998,true,1010,5,35,26,0,42,5,2023,10,70,26,0,42,1904,3,1050,819,11,0,220,0,1,0,117
scala-com-lihaoyi-mill-add-a-function-call,full,Scala,38,43,1125,1216,312,330,true,304,0,8,0,0,18,0,608,0,16,0,0,18,0,0,312,311,0,1,0,0,0,0,2
scala-com-lihaoyi-mill-add-one-argument,full,Scala,42,43,906,930,233,238,true,228,0,5,0,0,1,1,456,0,10,0,0,1,4,0,233,233,0,0,0,0,0,0,0
scala-com-lihaoyi-mill-assert-format-string-change,full,Scala,87,87,2933,2958,699,699,true,673,2,24,0,0,0,0,1346,4,48,0,0,0,0,0,699,699,0,0,0,0,0,0,0
scala-com-lihaoyi-mill-expand-import-path,full,Scala,254,254,9033,9042,2245,2247,true,2243,0,2,0,0,2,0,4486,0,4,0,0,2,0,0,2245,2245,0,0,0,0,0,0,0
scala-com-lihaoyi-mill-small-change,full,Scala,117,117,4366,4371,808,814,true,795,2,9,0,0,2,0,1598,4,18,0,0,2,0,8,806,806,0,0,0,0,2,0,5
scala-com-lihaoyi-mill-small-refactoring,full,Scala,74,74,2358,2370,571,576,true,549,1,18,1,0,4,0,1104,2,36,1,0,4,0,6,568,562,6,0,0,0,2,0,2
scala-com-lihaoyi-mill-split-import,full,Scala,610,611,20331,20361,5602,5609,true,5597,0,3,1,0,7,0,11197,0,6,1,0,7,0,3,5600,5600,0,0,0,0,1,0,11
scala-com-lihaoyi-mill-split-import-2,full,Scala,41,42,1321,1349,328,332,true,321,0,2,4,0,7,0,645,0,4,4,0,7,0,3,323,322,1,0,0,0,1,0,8
scala-com-lihaoyi-mill-version-string-change,full,Scala,342,342,15310,15310,2167,2167,true,2159,0,8,0,0,0,0,4318,0,16,0,0,0,0,0,2167,2167,0,0,0,0,0,0,0
scala-sirthias-parboiled-value-change,full,Scala,21,21,896,897,239,239,true,231,2,6,0,0,0,0,462,4,12,0,0,0,0,0,239,239,0,0,0,0,0,0,0
scala-ymnk-jzlib-interesting-probably-has-no-optimal-solution,full,Scala,41,39,1077,959,240,217,true,202,3,7,8,2,0,0,411,6,14,8,18,0,0,7,212,207,5,0,0,0,1,0,0
shellscript-ansible-ansible-add-variable-and-string-expansion,small,ShellScript,89,90,3494,3543,711,730,true,701,1,9,0,0,1,2,1402,2,18,0,0,1,18,0,711,711,0,0,0,0,0,0,0
shellscript-ansible-ansible-simple-deletion,small,ShellScript,9,7,207,148,47,38,true,37,0,1,0,2,0,0,74,0,2,0,9,0,0,0,38,38,0,0,0,0,0,0,0
shellscript-fleetingheart-ksre-multiline-string-change,full,ShellScript,112,113,2383,2391,568,568,true,562,1,5,0,0,0,0,1124,2,10,0,0,0,0,0,568,568,0,0,0,0,0,0,0
shellscript-genymobile-scrcpy-add-two-flags,small,ShellScript,106,106,2836,2852,630,632,true,628,0,2,0,0,2,0,1256,0,4,0,0,2,0,0,630,630,0,0,0,0,0,0,0
shellscript-go-delve-delve-add-if,full,ShellScript,89,94,2157,2234,668,698,true,667,0,1,0,0,0,1,1334,0,2,0,0,0,30,0,668,668,0,0,0,0,0,0,0
shellscript-hgst-libzbc-add-variable,full,ShellScript,13,15,335,354,27,34,true,26,0,1,0,0,0,1,52,0,2,0,0,0,7,0,27,27,0,0,0,0,0,0,0
shellscript-langchain-ai-langchain-some-interesting-raw-string-to-string-content,small,ShellScript,17,18,399,531,78,105,true,71,0,6,1,0,10,1,142,0,12,1,0,10,18,0,77,64,13,0,0,0,0,0,3
shellscript-maxsatula-ocp-small-change,full,ShellScript,12,12,379,383,68,68,true,65,1,2,0,0,0,0,130,2,4,0,0,0,0,0,68,68,0,0,0,0,0,0,0
shellscript-nextcloud-server-change-invocation-string,small,ShellScript,459,459,14241,14273,3045,3045,true,3034,1,10,0,0,0,0,6068,2,20,0,0,0,0,0,3045,3045,0,0,0,0,0,0,0
shellscript-nicolargo-glances-add-shebang,full,ShellScript,2,5,28,50,13,18,true,12,0,1,0,0,1,1,24,0,2,0,0,1,4,0,13,13,0,0,0,0,0,0,0
shellscript-nvm-sh-nvm-upgrade-version-string,small,ShellScript,4387,4387,142060,142060,33122,33122,true,33114,1,7,0,0,0,0,66228,2,14,0,0,0,0,0,33122,33122,0,0,0,0,0,0,0
shellscript-pi-hole-pi-hole-sql-code-in-string-constant,small,ShellScript,1325,1325,53640,53658,8880,8880,true,8860,5,15,0,0,0,0,17720,10,30,0,0,0,0,0,8880,8880,0,0,0,0,0,0,0
shellscript-pytorch-pytorch-change-invocation-string,small,ShellScript,319,319,12524,12524,1988,1988,true,1983,1,4,0,0,0,0,3966,2,8,0,0,0,0,0,1988,1988,0,0,0,0,0,0,0
shellscript-ropery-ffcast-comment-only-change,full,ShellScript,196,196,6633,6669,1584,1584,true,1581,2,1,0,0,0,0,3162,4,2,0,0,0,0,0,1584,1584,0,0,0,0,0,0,0
shellscript-scikit-learn-scikit-learn-string-to-regex,small,ShellScript,138,138,5249,5247,756,752,true,743,0,9,4,0,0,0,1486,0,18,4,0,0,0,0,752,751,1,0,0,0,0,0,1
shellscript-torvalds-linux-double-equals-to-equals,small,ShellScript,387,387,9029,9027,1056,1056,true,1047,0,9,0,0,0,0,2094,0,18,0,0,0,0,0,1056,1056,0,0,0,0,0,0,2
swift-apple-swift-argument-parser-small-change,full,Swift,111,110,3760,3743,955,952,true,919,0,6,0,4,0,2,1838,0,12,0,30,0,27,0,925,925,0,0,0,0,0,0,18
swift-nextcloud-ios-actual-control-flow-change,small,Swift,326,326,18552,18615,3700,3701,true,3684,1,11,4,0,3,1,7368,2,22,4,0,3,2,0,3696,3696,0,0,0,0,0,0,2
swift-nextcloud-ios-actual-logic-added,small,Swift,171,189,8278,9102,1522,1707,true,1492,0,24,6,0,7,3,2984,0,48,6,0,7,184,0,1516,1516,0,0,0,0,0,0,0
swift-nextcloud-ios-add-4-functions,small,Swift,535,646,24623,28792,6382,7083,true,6379,0,3,0,0,4,24,12758,0,6,0,0,4,697,0,6382,6382,0,0,0,0,0,0,0
swift-nextcloud-ios-call-different-function,small,Swift,59,59,1731,1726,446,446,true,433,1,12,0,0,0,0,866,2,24,0,0,0,0,0,446,446,0,0,0,0,0,0,0
swift-nextcloud-ios-move-function-and-refactor-logic,small,Swift,439,419,22819,21580,5157,4934,true,4855,11,45,34,7,20,0,9716,22,90,34,209,20,0,6,4911,4658,27,1,225,1,2,0,16
swift-nextcloud-ios-refactor-and-change,small,Swift,297,304,14985,15248,3668,3712,true,3648,1,11,1,1,32,4,7296,2,22,1,7,32,20,0,3660,3506,57,29,68,1,0,0,20
swift-swiftlang-swift-actual-logic-change,small,Swift,327,346,9596,10270,3238,3450,true,3163,6,52,12,0,37,10,6341,12,104,12,0,37,182,15,3221,3177,6,38,0,0,3,0,36
swift-swiftlang-swift-comment-change,small,Swift,4,4,605,645,20,20,true,18,1,1,0,0,0,0,36,2,2,0,0,0,0,0,20,20,0,0,0,0,0,0,0
swift-swiftlang-swift-comment-change-2,small,Swift,10,10,557,550,84,84,true,80,1,3,0,0,0,0,160,2,6,0,0,0,0,0,84,84,0,0,0,0,0,0,0
swift-swiftlang-swift-enable-checks-remove-todo-comment,small,Swift,200,193,13107,12181,1434,1428,true,1415,6,7,6,0,0,0,2830,12,14,6,0,0,0,0,1428,1428,0,0,0,0,0,0,2
tsx-apache-superset-add-test-case,small,TSX,790,798,21832,21994,6447,6532,true,6446,0,1,0,0,0,1,12892,0,2,0,0,0,85,0,6447,6447,0,0,0,0,0,0,0
tsx-apache-superset-error-handling-change,small,TSX,391,399,12250,12546,2614,2678,true,2587,0,24,0,0,3,4,5177,0,48,0,0,3,64,3,2611,2611,0,0,0,0,0,0,3
tsx-excalidraw-excalidraw-huge-file-with-real-logic-change,small,TSX,9326,9390,291221,293313,64404,64841,true,64238,1,71,33,4,62,13,128555,2,142,33,18,62,433,79,64310,64269,31,9,1,0,15,0,231
tsx-excalidraw-excalidraw-import-path-change,small,TSX,45,45,1629,1623,369,369,true,362,2,5,0,0,0,0,724,4,10,0,0,0,0,0,369,369,0,0,0,0,0,0,0
tsx-excalidraw-excalidraw-move-from-one-struct-to-other,small,TSX,394,395,11055,11121,2746,2765,true,2706,1,30,9,0,10,1,5412,2,60,9,0,10,18,0,2737,2731,6,0,0,0,0,0,13
tsx-keybase-client-change-from-one-import-and-call-to-another,full,TSX,178,178,6213,6189,1874,1870,true,1853,2,15,4,0,0,0,3706,4,30,4,0,0,0,0,1870,1869,1,0,0,0,0,0,0
tsx-keybase-client-emoji-to-native,full,TSX,237,237,9062,9068,2366,2366,true,2348,1,17,0,0,0,0,4696,2,34,0,0,0,0,0,2366,2366,0,0,0,0,0,0,0
tsx-kong-insomnia-classname-strings-changed,full,TSX,100,100,4321,4321,1293,1293,true,1270,2,21,0,0,0,0,2540,4,42,0,0,0,0,0,1293,1293,0,0,0,0,0,0,0
tsx-langflow-ai-langflow-move-function-around-update-string-constant,small,TSX,554,554,17681,17681,3668,3668,true,3655,1,12,0,0,0,0,7310,2,24,0,0,0,0,0,3668,3668,0,0,0,1,0,0,0
tsx-material-remove-import,small,TSX,107,106,3283,3251,1161,1148,true,1147,0,1,0,1,0,0,2294,0,2,0,13,0,0,0,1148,1148,0,0,0,0,0,0,0
tsx-mitmproxy-mitmproxy-array-to-object,full,TSX,13,15,270,277,70,71,true,64,0,3,3,0,4,0,128,0,6,3,0,4,0,0,67,67,0,0,0,0,0,0,0
tsx-mui-material-ui-move-colour-to-a-new-attribute,small,TSX,158,158,4248,4258,1106,1115,true,1084,0,22,0,0,9,0,2168,0,44,0,0,9,0,0,1106,1100,0,0,6,1,0,0,16
tsx-rektdeckard-departure-mono-import-path,full,TSX,765,765,80958,80962,6202,6202,true,6198,1,3,0,0,0,0,12396,2,6,0,0,0,0,0,6202,6202,0,0,0,0,0,0,0
tsx-shadcn-ui-ui-add-attribute,small,TSX,65,65,1360,1382,364,371,true,348,0,16,0,0,0,1,696,0,32,0,0,0,7,0,364,364,0,0,0,0,0,0,0
tsx-shadcn-ui-ui-real-small-change,small,TSX,38,37,1612,1666,252,239,true,216,4,19,0,1,0,0,432,8,38,0,13,0,0,0,239,239,0,0,0,0,0,0,0
typescript-add-error-handling,handmade,TypeScript,6,13,131,279,64,121,true,61,0,3,0,0,57,0,122,0,6,0,0,57,0,0,64,34,0,30,0,0,0,0,3
typescript-add-generics,handmade,TypeScript,17,18,307,348,98,125,true,69,3,18,8,0,35,0,138,6,36,8,0,35,0,0,90,90,0,0,0,0,0,0,10
typescript-add-type-annotations,handmade,TypeScript,10,16,175,279,68,108,true,61,0,7,0,0,14,1,122,0,14,0,0,14,26,0,68,68,0,0,0,0,0,0,0
typescript-apache-echarts-envelop-2-lines-with-an-if-block,full,TypeScript,770,772,26943,26994,5026,5038,true,5016,0,10,0,0,5,1,10032,0,20,0,0,5,7,0,5026,4975,0,51,0,0,0,0,6
typescript-async-await,handmade,TypeScript,9,12,185,258,87,109,true,42,1,18,3,1,33,0,105,2,36,3,17,33,0,21,61,31,0,0,30,0,0,0,6
typescript-excalidraw-excalidraw-add-function,small,TypeScript,1018,1052,25942,26648,8259,8658,true,8258,0,1,0,0,0,2,16516,0,2,0,0,0,399,0,8259,8259,0,0,0,0,0,0,0
typescript-excalidraw-excalidraw-add-values-to-lists,small,TypeScript,289,291,11363,11453,3071,3099,true,3058,0,13,0,0,2,2,6116,0,26,0,0,2,26,0,3071,3071,0,0,0,0,0,0,0
typescript-lxqt-lxqt-openssh-askpass-change-url,full,TypeScript,25,25,790,790,300,300,true,286,1,13,0,0,0,0,572,2,26,0,0,0,0,0,300,300,0,0,0,0,0,0,0
typescript-lxqt-lxqt-panel-not-actually-ts-but-still,full,TypeScript,447,447,17397,17397,6355,6355,true,6315,3,37,0,0,0,0,12630,6,74,0,0,0,0,0,6355,6355,0,0,0,0,0,0,0
typescript-microsoft-playwright-add-two-test-cases,small,TypeScript,297,335,9656,11028,2569,3024,true,2568,0,1,0,0,0,2,5136,0,2,0,0,0,455,0,2569,2569,0,0,0,0,0,0,0
typescript-microsoft-typescript-add-dot-js-to-import-paths,small,TypeScript,128,128,5190,5199,1404,1404,true,1394,3,7,0,0,0,0,2788,6,14,0,0,0,0,0,1404,1404,0,0,0,0,0,0,0
typescript-microsoft-typescript-add-target-comment,small,TypeScript,34,35,2103,2123,318,319,true,317,0,1,0,0,1,0,634,0,2,0,0,1,0,0,318,318,0,0,0,0,0,0,0
typescript-microsoft-typescript-comment-change,small,TypeScript,11,11,157,165,51,51,true,49,1,1,0,0,0,0,98,2,2,0,0,0,0,0,51,51,0,0,0,0,0,0,0
typescript-n8n-io-n8n-remove-and-add-imports,small,TypeScript,112,114,3101,3066,802,792,true,784,0,4,0,1,4,0,1568,0,8,0,14,4,0,0,788,788,0,0,0,0,0,0,13
typescript-refactor-interface,handmade,TypeScript,23,30,404,546,139,187,true,136,0,3,0,0,8,1,272,0,6,0,0,8,40,0,139,139,0,0,0,0,0,0,0
typescript-typescript-add-target-comment,small,TypeScript,10,11,389,408,135,136,true,134,0,1,0,0,1,0,268,0,2,0,0,1,0,0,135,135,0,0,0,0,0,0,0
typescript-typescript-add-target-comment-2,small,TypeScript,10,11,175,194,96,97,true,95,0,1,0,0,1,0,190,0,2,0,0,1,0,0,96,96,0,0,0,0,0,0,0
typescript-typescript-add-target-comment-3,small,TypeScript,11,12,174,193,33,34,true,32,0,1,0,0,1,0,64,0,2,0,0,1,0,0,33,33,0,0,0,0,0,0,0
vimscript-chikamichi-mediawiki-add-one-autocmd,full,Vimscript,6,7,280,344,62,75,true,57,1,4,0,0,0,1,114,2,8,0,0,0,13,0,62,62,0,0,0,0,0,0,26
vimscript-chikamichi-mediawiki-remove-3-lines,full,Vimscript,188,185,6342,6223,981,964,true,957,0,7,0,3,0,0,1914,0,14,0,17,0,0,0,964,964,0,0,0,0,0,0,0
vimscript-fedorenchik-qt-support-add-two-lines,full,Vimscript,1402,1404,50955,51060,6899,6910,true,6898,0,1,0,0,0,2,13796,0,2,0,0,0,11,0,6899,6899,0,0,0,0,0,0,0
vimscript-idanarye-vim-merginal-add-one-call,full,Vimscript,258,259,10422,10565,2172,2198,true,2171,0,1,0,0,0,1,4342,0,2,0,0,0,26,0,2172,2172,0,0,0,0,0,0,0
vimscript-jreybert-vimagit-move-one-line,full,Vimscript,385,385,11839,11838,2394,2394,true,2387,0,7,0,0,0,0,4774,0,14,0,0,0,0,0,2394,2386,0,8,0,0,0,0,0
vimscript-junegunn-fzf-condition-canges,small,Vimscript,1103,1103,32592,32616,9111,9120,true,9104,0,5,0,0,3,1,18213,0,10,0,0,3,5,5,9109,9085,20,4,0,0,1,0,1
vimscript-m-pilia-vim-mediawiki-add-a-new-functon,full,Vimscript,114,120,3405,3523,810,832,true,809,0,1,0,0,0,2,1618,0,2,0,0,0,22,0,810,810,0,0,0,0,0,0,0
vimscript-neovim-neovim-add-a-few-lines,small,Vimscript,50,52,1583,1675,206,213,true,203,1,2,0,0,1,1,406,2,4,0,0,1,6,0,206,206,0,0,0,0,0,0,0
vimscript-neovim-neovim-add-a-few-lines-one-after-the-other,small,Vimscript,286,292,8573,8782,1526,1567,true,1523,0,3,0,0,0,5,3046,0,6,0,0,0,41,0,1526,1526,0,0,0,0,0,0,0
vimscript-neovim-neovim-add-line-comment,small,Vimscript,1732,1732,47000,47028,7284,7285,true,7281,0,3,0,0,1,0,14562,0,6,0,0,1,0,0,7284,7284,0,0,0,0,0,0,0
vimscript-neovim-neovim-add-test-case-plus-edit-existing-one,small,Vimscript,6312,6356,207339,208960,39537,39778,true,39524,0,9,4,0,0,4,79048,0,18,4,0,0,245,0,39533,39533,0,0,0,0,0,0,0
vimscript-neovim-neovim-add-two-functions-and-modify-a-few-lines,small,Vimscript,792,826,30259,31283,5725,5922,true,5664,7,19,30,0,25,5,11336,14,38,30,0,25,204,8,5690,5688,2,0,0,0,3,0,22
vimscript-neovim-neovim-awful-test-case-bunch-of-hex-colours-more-data-than-code,small,Vimscript,426,260,20224,15930,5072,4719,true,194,3,2,13,1,6,9,9705,6,4,13,7,6,50,9317,199,112,10,77,0,2,0,0,11
vimscript-neovim-neovim-i-have-no-idea-what-this-diff-does,small,Vimscript,541,542,24217,24310,4989,4993,true,4976,2,11,0,0,4,0,9952,4,22,0,0,4,0,0,4989,4989,0,0,0,0,0,0,0
vimscript-neovim-neovim-improved-asserts,small,Vimscript,389,395,10385,10694,2391,2428,true,2369,3,19,0,0,3,2,4738,6,38,0,0,3,34,0,2391,2391,0,0,0,0,0,0,0
vimscript-neovim-neovim-test-debian-package-parsing-awful-string-matching,small,Vimscript,132,152,8158,9513,1371,1629,true,1187,2,4,0,0,4,10,2871,4,8,0,0,4,113,497,1193,1188,5,0,0,0,0,0,8
vimscript-protesilaos-tempus-themes-vim-change-two-values,full,Vimscript,198,198,8897,8897,1897,1897,true,1893,2,2,0,0,0,0,3786,4,4,0,0,0,0,0,1897,1897,0,0,0,0,0,0,0
xml-adoptopenjdk-icedtea-web-update-version-string,full,XML,229,229,9798,9799,1741,1741,true,1733,1,7,0,0,0,0,3466,2,14,0,0,0,0,0,1741,1741,0,0,0,0,0,0,0
xml-antlr-antlr3-comment-out-part-of-code-interesting-case,full,XML,49,50,1300,1320,299,253,true,244,1,7,0,1,1,0,488,2,14,0,47,1,0,0,252,252,0,0,0,0,0,0,0
xml-eclipse-ee4j-jaxb-istack-commons-update-version-string,full,XML,49,49,1612,1603,298,298,true,290,1,7,0,0,0,0,580,2,14,0,0,0,0,0,298,298,0,0,0,0,0,0,0
xml-gap-packages-toric-remove-two-attributes,full,XML,941,941,29403,29365,6221,6209,true,6196,0,13,0,2,0,0,12392,0,26,0,12,0,0,0,6209,6209,0,0,0,0,0,0,34
xml-javacc-javacc-version-update,full,XML,837,837,33658,33658,7352,7352,true,7341,2,9,0,0,0,0,14682,4,18,0,0,0,0,0,7352,7352,0,0,0,0,0,0,0
xml-lincity-ng-lincity-ng-whitespace-only-change,full,XML,16,16,1336,1333,262,262,true,262,0,0,0,0,0,0,524,0,0,0,0,0,0,0,262,262,0,0,0,0,0,0,0
xml-megaglest-megaglest-data-update-url-path,full,XML,113,113,3442,3426,1287,1287,true,1278,0,9,0,0,0,0,2556,0,18,0,0,0,0,0,1287,1287,0,0,0,0,0,0,0
xml-microsoft-terminal-multiline-string-constant-change,small,XML,184,181,7260,7068,833,833,true,827,1,5,0,0,0,0,1654,2,10,0,0,0,0,0,833,833,0,0,0,0,0,0,0
xml-mozilla-firefox-firefox-add-a-few-attributes,small,XML,37,37,2429,2613,208,244,true,200,0,8,0,0,0,6,400,0,16,0,0,0,36,0,208,208,0,0,0,0,0,0,0
xml-mozilla-firefox-firefox-add-a-few-translations-and-a-few-attributes,small,XML,37,51,2223,3481,208,384,true,199,1,8,0,0,1,33,398,2,16,0,0,1,175,0,208,208,0,0,0,0,0,0,69
xml-nextcloud-android-add-few-translations,small,XML,925,931,74685,75157,16410,16518,true,16407,0,3,0,0,6,6,32814,0,6,0,0,6,102,0,16410,16410,0,0,0,0,0,0,0
xml-nextcloud-android-delete-element,small,XML,1214,1213,103928,103862,21396,21378,true,21375,0,3,1,1,0,0,42750,0,6,1,17,0,0,0,21378,21378,0,0,0,0,0,0,0
xml-nextcloud-android-delete-element-2,small,XML,1205,1204,101686,101576,21324,21306,true,21303,0,3,1,1,0,0,42606,0,6,1,17,0,0,0,21306,21306,0,0,0,0,0,0,0
xml-odoo-odoo-add-attribute,small,XML,479,479,27339,27386,6707,6713,true,6686,0,21,0,0,0,1,13372,0,42,0,0,0,6,0,6707,6707,0,0,0,0,0,0,0
xml-odoo-odoo-add-button-roles,small,XML,239,242,15670,15800,2355,2385,true,2296,0,59,0,0,0,5,4592,0,118,0,0,0,30,0,2355,2355,0,0,0,0,0,0,112
xml-odoo-odoo-add-two-attributes,small,XML,2164,2166,158127,158282,27365,27377,true,27340,0,25,0,0,0,2,54680,0,50,0,0,0,12,0,27365,27365,0,0,0,0,0,0,0
xml-odoo-odoo-change-value,small,XML,174,174,6854,6847,1659,1659,true,1645,1,13,0,0,0,0,3290,2,26,0,0,0,0,0,1659,1659,0,0,0,0,0,0,0
xml-veracrypt-veracrypt-version-string,full,XML,1699,1699,331680,331680,40844,40844,true,40837,0,7,0,0,0,0,81674,0,14,0,0,0,0,0,40844,40844,0,0,0,0,0,0,0
yaml-ansible-ansible-add-two-sequence-items,small,YAML,38,40,1263,1367,269,279,true,256,0,13,0,0,0,2,512,0,26,0,0,0,10,0,269,269,0,0,0,0,0,0,0
yaml-ansible-ansible-double-quote-scalar-change-possible-treesitter-weakness,small,YAML,2533,2533,82823,82791,17457,17457,true,17441,0,16,0,0,0,0,34882,0,32,0,0,0,0,0,17457,17457,0,0,0,0,0,0,0
yaml-arkq-bluez-alsa-version-string,full,YAML,170,170,4582,4582,875,875,true,855,1,19,0,0,0,0,1710,2,38,0,0,0,0,0,875,875,0,0,0,0,0,0,0
yaml-axios-axios-update-string-value,small,YAML,16,16,347,347,126,126,true,106,1,19,0,0,0,0,212,2,38,0,0,0,0,0,126,126,0,0,0,0,0,0,0
yaml-containers-skopeo-remove-one-block-pair,full,YAML,148,145,4709,4578,980,957,true,947,0,10,0,1,0,0,1894,0,20,0,23,0,0,0,957,957,0,0,0,0,0,0,0
yaml-draios-sysdig-const-string-url-change,full,YAML,8,8,483,483,77,77,true,66,0,11,0,0,0,0,132,0,22,0,0,0,0,0,77,77,0,0,0,0,0,0,0
yaml-draios-sysdig-string-url-change,full,YAML,8,8,1089,1089,97,97,true,78,0,19,0,0,0,0,156,0,38,0,0,0,0,0,97,97,0,0,0,0,0,0,0
yaml-draios-sysdig-string-url-change-2,full,YAML,8,8,936,936,97,97,true,82,0,15,0,0,0,0,164,0,30,0,0,0,0,0,97,97,0,0,0,0,0,0,0
yaml-draios-sysdig-string-url-change-3,full,YAML,8,8,537,537,77,77,true,66,0,11,0,0,0,0,132,0,22,0,0,0,0,0,77,77,0,0,0,0,0,0,0
yaml-draios-sysdig-string-url-change-4,full,YAML,8,8,990,990,97,97,true,80,0,17,0,0,0,0,160,0,34,0,0,0,0,0,97,97,0,0,0,0,0,0,0
yaml-junegunn-fzf-version-upgrade,small,YAML,17,17,292,292,125,125,true,105,1,19,0,0,0,0,210,2,38,0,0,0,0,0,125,125,0,0,0,0,0,0,0
yaml-kbudde-rabbitmq_exporter-string-url-change,full,YAML,57,57,1332,1332,390,390,true,370,1,19,0,0,0,0,740,2,38,0,0,0,0,0,390,390,0,0,0,0,0,0,0
yaml-manugarg-pacparser-string-url-change,full,YAML,28,28,985,985,211,211,true,190,2,19,0,0,0,0,380,4,38,0,0,0,0,0,211,211,0,0,0,0,0,0,0
yaml-mastodon-mastodon-add-block-pair-translation,small,YAML,197,201,9873,10231,1529,1562,true,1513,0,16,0,0,0,1,3026,0,32,0,0,0,33,0,1529,1529,0,0,0,0,0,0,0
yaml-mastodon-remove-one-pair,small,YAML,939,938,35862,35836,7416,7408,true,7398,0,10,0,1,0,0,14796,0,20,0,8,0,0,0,7408,7408,0,0,0,0,0,0,0
yaml-mozilla-pdf-single-value-update,small,YAML,42,42,950,950,269,269,true,249,1,19,0,0,0,0,498,2,38,0,0,0,0,0,269,269,0,0,0,0,0,0,0
yaml-n8n-io-n8n-add-performance-check-to-ci-config,small,YAML,175,188,6701,7260,1036,1102,true,1005,0,31,0,0,4,2,2010,0,62,0,0,4,62,0,1036,1036,0,0,0,0,0,0,0
yaml-python-xmp-toolkit-python-xmp-toolkit-insert-two-values-to-a-slice,full,YAML,59,59,1892,1908,335,345,true,316,0,19,0,0,0,4,632,0,38,0,0,0,10,0,335,335,0,0,0,0,0,0,0
yaml-twbs-bootstrap-remove-v-semicolon-from-version-numbers,small,YAML,56,56,1261,1165,605,381,true,315,0,66,224,0,0,0,630,0,132,224,0,0,0,0,381,253,0,0,128,0,0,0,0
yaml-twbs-bootstrap-version-pin-with-comment,small,YAML,43,43,776,870,278,280,true,251,2,25,0,0,2,0,502,4,50,0,0,2,0,0,278,278,0,0,0,0,0,0,0
