solution,mismatches,mismatch_pct,total_nodes,human_unsolved,algorithm_cost,human_cost,cost_diff,elapsed_ms,IdHash,IdHashAnc,FullMap,StructId,StructAnc,OptIDU,FlatSeq,Moved,Comment,BottomUp,GreedyAnchor,NormImport,NormNoPunct,NormNoLit,NormNoId,NormNoPunctLit,APTED:fast_fallback,APTED:final_pass,APTED:greedy_anchor_block,APTED:large_flat_subtree,APTED:large_flat_subtree_container,APTED:syntax_import_list,APTED:syntax_named,APTED:unique_named_local
css-shadcn-ui-ui-completely-broken-treesitter-parsing,16277,49.80,32682,false,32574,21,32553,1353.991,2,27,0,0,0,0,0,24,0,0,0,0,0,0,0,0,32574,0,0,0,0,0,0,0
tsx-excalidraw-excalidraw-huge-file-with-real-logic-change,1882,1.46,129245,false,1541,564,977,140929.242,286,60404,0,1,217,0,1,0,0,0,0,0,0,0,0,0,0,218,0,2936,16,0,339,0
javascript-microsoft-typescript-broken-js-remove-string-fragment,793,2.67,29653,false,677,19,658,941.881,97,8511,0,0,0,0,0,5837,0,0,4,0,0,0,0,0,677,0,32,0,0,0,7,0
vimscript-neovim-neovim-test-debian-package-parsing-awful-string-matching,160,5.33,3000,false,233,119,114,157.605,3,219,0,0,0,0,1,0,0,0,0,0,0,0,0,0,0,1153,0,0,0,0,0,0
xml-odoo-odoo-add-button-roles,133,2.81,4740,false,173,30,143,2244.113,25,1633,0,1,41,0,0,16,0,0,0,0,0,0,0,0,0,738,0,0,0,0,0,0
rust-zed-workspace-tasks,117,2.87,4075,false,2068,1978,90,352.394,16,855,0,0,0,0,0,0,0,0,0,0,0,0,0,0,0,1634,0,0,0,42,522,0
cpp-ladybird-refactor-variables-if-changes,109,0.86,12658,false,660,713,-53,1326.661,46,4765,0,0,0,0,0,0,0,0,0,0,0,0,0,0,0,4,0,0,0,0,1835,0
html-apache-echarts-actual-structure-change,97,1.26,7697,false,424,469,-45,1223.211,18,3327,0,0,0,0,0,21,0,0,0,0,0,0,0,0,0,686,0,0,0,0,0,0
rust-rustdesk-rustdesk-actual-logic-change-in-io-loop-medium-sized-file,95,0.20,46728,false,604,594,10,8867.433,85,21318,0,1,54,0,0,8,0,0,0,0,0,0,0,0,0,11,0,0,152,0,2014,0
rust-add-comments-and-real-new-logic,84,1.07,7827,false,273,261,12,988.208,31,2747,0,0,0,0,0,0,0,0,0,0,0,0,0,0,0,189,0,0,0,0,1068,0
xml-mozilla-firefox-firefox-add-a-few-translations-and-a-few-attributes,70,11.82,592,false,178,177,1,20.421,7,112,0,2,32,0,0,0,0,0,0,0,0,0,0,0,0,231,0,0,0,0,0,0
javascript-microsoft-typescript-test-data-pretending-to-be-code-maybe-broken-parsing,68,0.77,8825,false,100,48,52,335.800,27,2079,0,0,0,0,1,31,0,0,2,0,0,0,0,0,0,2259,16,0,0,0,28,0
lua-neovim-neovim-if-flips-two-branches,68,0.29,23806,false,53,0,53,956.382,37,11096,0,0,0,0,0,7,0,0,0,0,0,0,0,0,0,167,0,0,0,0,337,0
kotlin-remove-function,66,8.79,751,false,168,225,-57,33.293,8,68,0,2,29,0,0,0,0,0,0,0,0,0,0,0,0,64,0,0,0,0,284,0
kotlin-refactor-function,64,24.15,265,false,100,162,-62,16.010,0,0,0,0,0,0,0,0,0,0,0,0,0,0,0,0,0,97,0,0,0,0,83,0
cpp-laydbird-change-function-signature,60,0.84,7121,false,144,192,-48,325.916,32,3225,0,0,0,0,0,26,0,0,0,0,0,0,0,0,0,1,0,0,0,0,336,0
java-nextcloud-android-add-if-branch-with-reused-return,54,0.15,35927,false,85,86,-1,3518.810,305,17006,0,0,0,0,0,0,0,0,0,0,0,0,0,0,0,19,0,639,16,0,0,0
java-genymobile-scrcpy-refactor-for-loop-in-a-function,52,1.71,3043,false,310,247,63,1066.868,17,935,0,0,0,0,0,6,0,0,0,0,0,0,0,0,0,21,0,0,0,0,697,0
rust-turbopack-module-rule,52,1.32,3925,false,601,424,177,1502.972,17,899,0,0,0,0,0,55,0,0,0,0,0,0,0,0,0,766,0,0,0,18,505,0
c-nginx-add-typedef,50,0.45,11141,false,140,149,-9,1314.970,34,3879,0,0,0,0,0,6,0,0,0,0,0,0,0,0,0,607,0,0,0,0,1110,0
kotlin-nextcloud-android-move-from-one-mocking-library-to-other,50,4.67,1070,false,76,124,-48,58.771,12,134,0,1,8,0,0,12,0,0,0,0,0,0,0,0,0,40,0,0,0,0,362,0
python-django-django-update-unit-tests-actual-logic-change,48,0.62,7692,false,1176,1224,-48,1121.451,33,2197,0,0,0,0,0,24,0,0,0,0,0,0,0,0,0,13,0,0,0,0,2167,0
rust-rustdesk-rustdesk-large-file-40k-normal-feature-work,47,0.05,91000,false,1274,1268,6,7959.386,228,40217,0,1,31,0,2,0,0,0,0,0,0,0,0,0,0,240,0,1359,615,0,3352,0
swift-swiftlang-swift-actual-logic-change,36,0.54,6688,false,290,240,50,1671.751,13,2563,0,0,0,0,0,0,0,0,0,0,0,0,0,0,0,2,0,0,0,0,897,0
tsx-excalidraw-excalidraw-move-from-one-struct-to-other,33,0.60,5511,false,41,38,3,1449.908,27,1978,0,1,82,0,0,0,0,0,0,0,0,0,0,0,0,68,0,0,0,0,618,0
ruby-homebrew-brew-decent-amount-of-new-code-and-some-changes,32,0.51,6229,false,795,765,30,406.133,17,2110,0,0,0,0,0,4,0,0,0,0,0,0,0,0,0,31,0,0,0,0,1345,0
css-wordpress-reformat,30,15.62,192,false,8,4,4,10.409,0,0,0,0,0,0,0,5,0,0,0,0,0,0,0,0,0,93,0,0,0,0,0,0
c-cpython-autogenerated-code,29,0.05,57917,false,170,146,24,2032.076,222,26646,0,0,0,0,1,0,0,0,100,0,0,0,0,0,0,409,1810,0,0,0,0,0
c-postgres-real-logic-change,27,0.18,15327,false,516,49,467,1377.607,63,6412,0,0,0,0,0,41,0,0,0,0,0,0,0,0,0,93,0,0,0,0,1276,0
vimscript-chikamichi-mediawiki-add-one-autocmd,26,18.98,137,false,13,14,-1,6.323,0,0,0,0,0,0,0,0,0,0,0,0,0,0,0,0,0,75,0,0,0,0,0,0
html-gohugoio-hugo-enclose-table-with-div-and-add-thead-tbody,24,11.37,211,false,34,46,-12,5.847,1,20,0,1,50,0,0,0,0,0,0,0,0,0,0,0,0,47,0,0,0,0,0,0
rust-real-logic-change-in-a-huge-75k-node-file,23,0.02,153129,false,5058,7,5051,170911.683,337,68619,0,3,301,0,2,168,0,0,1,0,0,0,0,0,0,1891,14,3959,6,0,3126,0
vimscript-neovim-neovim-add-two-functions-and-modify-a-few-lines,22,0.19,11647,false,262,268,-6,86874.132,24,3414,0,0,0,0,0,0,0,0,0,0,0,0,0,0,0,2363,0,0,0,0,38,0
vimscript-neovim-neovim-awful-test-case-bunch-of-hex-colours-more-data-than-code,22,0.22,9791,false,2241,79,2162,271.782,0,0,0,0,0,0,0,3775,0,0,0,0,0,0,0,0,2241,0,0,0,0,0,0,0
swift-nextcloud-ios-refactor-and-change,20,0.27,7380,false,100,61,39,700.168,16,3021,0,0,0,0,0,71,0,0,0,0,0,0,0,0,0,1,0,0,0,0,628,0
lua-awesomewm-awesome-comment-changes-and-additions,18,0.53,3384,false,10,10,0,104.261,7,1382,0,0,0,0,1,0,0,0,0,0,0,0,0,0,0,289,0,0,0,0,0,0
swift-nextcloud-ios-move-function-and-refactor-logic,16,0.16,10091,false,286,276,10,848.391,10,4526,0,0,0,0,0,7,0,0,0,0,0,0,0,0,0,5,0,0,0,0,629,0
tsx-mui-material-ui-move-colour-to-a-new-attribute,16,0.72,2221,false,17,9,8,644.271,10,839,0,0,0,0,0,0,0,0,0,0,0,0,0,0,0,4,0,0,0,0,264,0
lua-awesomewm-awesome-change-doccomments,15,0.24,6236,false,29,34,-5,223.864,23,2654,0,0,0,0,0,0,0,0,0,0,0,0,0,0,0,270,0,0,0,0,0,0
ruby-homebrew-brew-actual-logic-change,15,0.16,9576,false,153,138,15,516.123,30,3396,0,0,0,0,0,0,0,0,0,0,0,0,0,0,0,31,0,0,0,0,1406,0
rust-algorithm-change,12,3.26,368,false,117,75,42,22.849,1,81,0,0,0,0,0,0,0,0,0,0,0,0,0,0,0,11,0,0,0,0,147,0
cpp-godot-small-bugfix,11,0.09,11658,false,20,10,10,356.243,45,5648,0,0,0,0,0,0,0,0,0,0,0,0,0,0,0,1,0,0,0,0,113,0
csharp-jellyfin-add-function,11,0.24,4647,false,174,117,57,178.840,21,1742,0,0,0,0,0,0,0,0,0,0,0,0,0,0,0,14,0,0,0,0,631,0
kotlin-nextcloud-change-function-fingerprint,11,0.44,2521,false,91,89,2,113.774,44,950,0,0,0,0,0,0,0,0,1,0,0,0,0,0,0,201,6,0,0,0,83,20
go-cri-o-cri-o-change-importa,10,0.89,1120,false,1,10,-9,34.510,5,471,1,1,82,0,0,0,0,0,0,0,0,0,0,0,0,0,0,0,0,0,0,0
lua-neovim-neovim-add-new-logic,10,0.03,32540,false,54,34,20,1223.464,111,15310,0,0,0,0,1,0,0,0,0,0,0,0,0,0,0,505,0,0,0,0,217,0
php-wordpress-wordpress-add-some-checks,10,0.01,69723,false,182,185,-3,3411.450,51,33894,0,0,0,0,0,0,0,0,0,0,0,0,0,0,0,102,0,0,0,0,857,0
kotlin-nextcloud-android-dot-to-question-mark-dot,7,0.20,3584,false,14,0,14,160.863,23,1544,0,0,0,0,0,0,0,0,0,0,0,0,0,0,0,10,0,0,0,0,222,0
cpp-tensorflow-switch-to-primitive-types,6,0.13,4603,false,27,15,12,196.582,20,1926,0,0,0,0,0,0,0,0,0,0,0,0,0,0,0,2,0,0,0,0,364,0
java-add-exception-handling,6,1.81,331,false,41,40,1,12.723,4,120,0,0,0,0,0,0,0,0,0,0,0,0,0,0,0,1,0,0,0,0,61,0
kotlin-nextcloud-remove-function,6,0.04,14174,false,229,228,1,703.001,90,6523,0,1,65,0,0,0,0,0,0,0,0,0,0,0,0,13,0,441,62,0,0,0
rust-vercel-nextjs-refactoring-would-require-mulitmap-mapping,6,0.03,18162,false,271,36,235,773.349,30,8735,0,0,0,0,0,0,0,0,0,0,0,0,0,0,0,1,0,0,0,0,408,0
c-linux-small-bugfix,5,0.01,47986,false,48,48,0,1678.174,156,23424,0,0,0,0,0,28,0,0,0,0,0,0,0,0,0,202,0,0,0,0,192,0
go-cloudflare-cfssl-change-zero-value-to-is-zero,5,0.18,2736,false,18,14,4,165.683,16,1091,0,0,0,0,0,0,0,0,0,0,0,0,0,0,0,34,0,0,0,0,200,0
python-ansible-ansible-ridiculously-long-yaml-in-string-constant-and-actual-code-changes,5,0.02,21306,false,693,689,4,744.322,67,9512,0,0,0,0,0,0,0,0,0,0,0,0,0,0,0,188,0,0,510,0,692,0
scala-com-lihaoyi-mill-small-change,5,0.31,1622,false,12,8,4,53.663,11,670,0,0,0,0,0,0,0,0,0,0,0,0,0,0,0,7,0,0,0,0,127,0
c-ffmpeg-added-typedef-to-enum,4,0.16,2478,false,4,6,-2,72.255,25,792,0,0,0,0,1,0,0,0,0,0,0,0,0,0,0,2,0,418,0,0,0,0
go-lazygit-switch-to-strings,4,0.83,482,false,39,13,26,62.912,1,74,0,0,0,0,0,0,0,0,0,0,0,0,0,0,0,29,0,0,0,0,156,0
kotlin-nextcloud-a-few-small-removals,4,0.06,6892,false,208,208,0,3292.361,52,1853,0,0,0,0,0,0,0,0,0,0,0,0,0,0,0,34,0,0,0,0,1585,25
lua-teeworlds-teeworlds-add-or-expression-to-existing-if,4,0.04,11411,false,9,9,0,784.162,29,5072,0,0,0,0,0,0,0,0,0,0,0,0,0,0,0,606,0,0,0,0,0,0
swift-swiftlang-swift-enable-checks-remove-todo-comment,4,0.14,2862,false,12,12,0,101.964,6,1315,0,0,0,0,0,0,0,0,0,0,0,0,0,0,0,111,0,0,0,0,0,0
css-mozilla-firefox-firefox-actual-style-changes,3,0.06,5085,false,257,256,1,796.444,40,1684,0,1,121,0,0,0,0,0,0,0,0,0,0,0,0,811,0,0,0,0,0,0
javascript-typescript-interesting-small-edit-refactor,3,3.37,89,false,24,11,13,3.765,0,0,0,0,0,0,0,0,0,0,0,0,0,0,0,0,0,56,0,0,0,0,0,0
kotlin-nextcloud-android-extract-argument-into-variable,3,0.08,3858,false,43,40,3,127.236,27,1511,0,0,0,0,0,0,0,0,0,0,0,0,0,0,0,14,0,0,0,0,392,5
shellscript-langchain-ai-langchain-some-interesting-raw-string-to-string-content,3,1.64,183,false,35,29,6,8.145,0,0,0,0,0,0,0,0,0,0,0,0,0,0,0,0,0,109,0,0,0,0,0,0
tsx-apache-superset-error-handling-change,3,0.06,5292,false,64,67,-3,781.876,24,2064,0,0,0,0,0,0,0,0,0,0,0,0,0,0,0,52,0,0,0,0,537,0
c-linux-small-change-struct-to-char,2,0.01,22754,false,38,38,0,1122.656,69,10706,0,0,0,0,0,0,0,0,0,0,0,0,0,0,0,70,0,0,0,0,531,0
html-hugo-tag-to-selfclosing-tag,2,1.09,184,false,4,0,4,6.118,3,46,0,0,0,0,0,0,0,0,0,0,0,0,0,0,0,45,0,0,0,0,0,0
javascript-grobian-carbonapi-web-add-binary-expression-to-existing-assignment,2,0.05,4032,false,6,6,0,132.446,4,1953,0,0,0,0,0,0,0,0,0,0,0,0,0,0,0,8,0,0,0,0,52,0
lua-luals-lua-language-server-add-gsub-function-call,2,0.02,11996,false,18,18,0,492.281,24,5192,0,0,0,0,0,0,0,0,0,0,0,0,0,0,0,330,0,0,0,0,450,0
lua-neovim-neovim-add-if-around-one-line,2,0.01,15684,false,6,6,0,1067.352,62,6902,0,0,0,0,0,0,0,0,0,0,0,0,0,0,0,644,0,0,0,0,30,0
ruby-homebrew-brew-change-heredoc-to-string,2,0.05,4207,false,23,19,4,220.087,8,1665,0,0,0,0,0,0,0,0,0,0,0,0,0,0,0,24,0,0,0,0,418,0
ruby-mastodon-mastodon-use-context-and-new-test-case,2,0.10,2012,false,98,98,0,185.848,6,760,0,0,0,0,0,0,0,0,0,0,0,0,0,0,0,289,0,0,0,0,0,0
shellscript-torvalds-linux-double-equals-to-equals,2,0.09,2112,false,4,0,4,106.751,7,712,0,0,0,0,0,0,0,0,0,0,0,0,0,0,0,268,0,0,0,0,0,69
swift-nextcloud-ios-actual-control-flow-change,2,0.03,7401,false,8,10,-2,254.896,13,3554,0,0,0,0,0,0,0,0,0,0,0,0,0,0,0,1,0,0,0,0,131,0
typescript-async-await,2,1.02,196,false,69,54,15,7.826,1,8,0,1,18,0,0,0,0,0,0,0,0,0,0,0,0,38,0,0,0,0,66,0
css-wordpress-wordpress-change-simple-values-to-vars,1,0.03,3418,false,16,14,2,91.131,41,1599,0,0,0,0,0,0,0,0,0,0,0,0,0,0,0,59,0,0,0,0,0,0
java-scrcpy-public-to-protected,1,0.04,2498,false,2,0,2,82.280,38,1173,0,0,0,0,0,0,0,0,0,0,0,0,0,0,0,14,0,0,0,0,23,0
python-langflow-ai-langflow-actual-change-of-logic,1,0.02,5303,false,287,285,2,365.622,29,1908,0,0,0,0,0,0,0,0,0,0,0,0,0,0,0,261,0,0,0,0,597,0
python-pytorch-pytorch-add-param-to-many-places-and-update-one,1,0.01,8937,false,61,60,1,457.327,30,3297,0,0,0,0,1,0,0,0,0,0,0,0,0,0,0,77,0,150,306,0,635,0
ruby-homebrew-brew-real-small-change,1,0.03,3131,false,41,39,2,1474.531,11,1036,0,0,0,0,0,0,0,0,0,0,0,0,0,0,0,538,0,0,0,0,0,0
rust-error-handling,1,0.33,301,false,67,58,9,13.573,2,18,0,0,0,0,0,0,0,0,0,0,0,0,0,0,0,1,0,0,0,0,163,0
rust-sniffnet-protocol,1,0.11,895,false,67,65,2,42.323,9,200,0,0,0,0,0,0,0,0,0,0,0,0,0,0,0,50,0,0,0,0,222,0
shellscript-scikit-learn-scikit-learn-string-to-regex,1,0.07,1508,false,6,4,2,50.965,5,642,0,0,0,0,0,0,0,0,0,0,0,0,0,0,0,18,0,0,0,0,54,38
vimscript-junegunn-fzf-condition-canges,1,0.01,18231,false,11,9,2,733.985,53,8648,0,0,0,0,0,0,0,0,0,0,0,0,0,0,0,409,0,0,0,0,10,0
c-freeciv-add-parameter-to-function,0,0.00,254,false,10,10,0,25.920,11,29,0,0,0,0,0,0,0,0,0,0,0,0,0,0,0,90,0,0,0,0,0,0
c-htop-remove-function-declaration,0,0.00,1167,false,27,27,0,174.604,21,245,0,0,0,0,0,0,0,0,0,0,0,0,0,0,0,327,0,0,0,0,0,0
c-intel-vpl-gpu-rt-whitespace-only-change,0,0.00,6292,false,0,0,0,221.591,1,3145,0,0,0,0,0,0,0,0,0,0,0,0,0,0,0,0,0,0,0,0,0,0
c-libtom-libtomcrypt-change-function-call,0,0.00,8176,false,1,1,0,258.677,13,3845,0,1,229,0,0,0,0,0,0,0,0,0,0,0,0,0,0,0,0,0,0,0
c-linux-small-change,0,0.00,11898,false,76,76,0,400.613,71,4724,0,0,0,0,0,0,0,0,0,0,0,0,0,0,0,4,0,0,0,0,1185,0
c-microsoft-terminal-add-function,0,0.00,10966,false,12,12,0,334.485,25,1203,0,0,0,0,1,0,0,0,0,0,0,0,0,0,0,4260,0,0,0,0,0,0
c-ondsel-development-ondselsolver-add-include,0,0.00,2145,false,3,3,0,64.585,4,1062,0,0,0,0,0,0,0,0,0,0,0,0,0,0,0,8,0,0,0,0,0,0
cpp-add-const-correctness,0,0.00,238,false,6,6,0,9.586,2,4,0,0,0,0,0,0,0,0,0,0,0,0,0,0,0,1,0,0,0,0,115,0
cpp-add-memory-management,0,0.00,196,false,26,26,0,6.289,2,56,0,0,0,0,0,0,0,0,0,0,0,0,0,0,0,5,0,0,0,0,48,0
cpp-add-templates,0,0.00,224,false,23,23,0,12.204,1,2,0,0,0,0,0,0,0,0,0,0,0,0,0,0,0,62,0,0,0,0,57,0
cpp-bolero-murakami-sprout-copyright-comment-update,0,0.00,1618,false,1,1,0,48.711,1,805,0,1,2,0,0,0,0,0,0,0,0,0,0,0,0,0,0,0,0,0,0,0
cpp-bolero-murakami-sprout-copyright-update,0,0.00,978,false,1,1,0,31.712,1,485,0,1,2,0,0,0,0,0,0,0,0,0,0,0,0,0,0,0,0,0,0,0
cpp-bolero-murakami-sprout-copyright-update-3,0,0.00,4536,false,1,1,0,138.443,1,2264,0,1,2,0,0,0,0,0,0,0,0,0,0,0,0,0,0,0,0,0,0,0
cpp-fix-segfault,0,0.00,340,false,0,0,0,15.206,2,87,0,0,0,0,0,0,0,0,0,0,0,0,0,0,0,1,0,0,0,0,80,0
cpp-libreoffice-add-const,0,0.00,12024,false,2,2,0,377.713,65,5856,0,0,0,0,0,0,0,0,0,0,0,0,0,0,0,4,0,0,0,0,82,0
cpp-libreoffice-remove-return-value,0,0.00,6863,false,7,7,0,194.493,37,3348,0,0,0,0,0,0,0,0,0,0,0,0,0,0,0,2,0,0,0,0,40,0
cpp-nextcloud-add-test-case,0,0.00,5292,false,1592,1592,0,189.053,18,1802,0,0,0,0,0,0,0,0,0,0,0,0,0,0,0,20,0,0,0,0,1601,0
cpp-ollama-add-function-argument,0,0.00,8816,false,12,12,0,276.468,76,4166,0,0,0,0,0,0,0,0,0,0,0,0,0,0,0,99,0,0,0,0,58,0
cpp-opencv-add-test-case,0,0.00,11397,false,583,583,0,1562.912,18,5092,0,0,0,0,0,0,0,0,0,0,0,0,0,0,0,2,0,0,870,0,0,0
cpp-optimize-algorithm,0,0.00,295,false,97,97,0,15.865,3,49,0,0,0,0,0,0,0,0,0,0,0,0,0,0,0,1,0,0,0,0,143,0
cpp-whitespace-only-change,0,0.00,1856,false,0,0,0,51.442,1,927,0,0,0,0,0,0,0,0,0,0,0,0,0,0,0,0,0,0,0,0,0,0
csharp-jellyfin-sql-query-fix,0,0.00,1249,false,49,49,0,70.306,16,243,0,0,0,0,0,10,0,0,0,0,0,0,0,0,0,20,0,0,0,0,231,128
csharp-lidarr-add-function,0,0.00,5089,false,138,138,0,177.836,21,2213,0,0,0,0,0,0,0,0,0,0,0,0,0,0,0,18,0,0,0,0,361,0
csharp-lidarr-call-different-function,0,0.00,8056,false,26,26,0,300.147,31,3758,0,0,0,0,0,0,0,0,0,0,0,0,0,0,0,1,0,0,0,0,250,0
csharp-lidarr-condition-change,0,0.00,1347,false,9,9,0,53.091,12,474,0,0,0,0,0,0,0,0,0,0,0,0,0,0,0,1,0,0,0,0,155,36
csharp-lidarr-new-feature,0,0.00,1030,false,314,309,5,55.242,12,99,0,0,0,0,0,16,0,0,0,0,0,0,0,0,0,21,0,0,0,0,506,18
csharp-radarr-add-object-instance,0,0.00,4639,false,35,35,0,149.981,8,482,0,0,0,0,1,0,0,0,0,0,0,0,0,0,0,1,0,1757,12,0,76,0
csharp-sonarr-add-if-block,0,0.00,5005,false,19,19,0,161.915,28,2184,0,0,0,0,0,0,0,0,0,0,0,0,0,0,0,1,0,0,0,0,299,0
csharp-sonarr-add-true-to-function-call,0,0.00,2154,false,4,4,0,78.103,14,620,0,0,0,0,0,0,0,0,0,0,0,0,0,0,0,1,0,0,0,0,416,28
csharp-sonarr-change-type,0,0.00,598,false,2,2,0,18.480,6,177,0,1,115,0,0,0,0,0,0,0,0,0,0,0,0,0,0,0,0,0,0,0
csharp-waf-csharprepl-update-string-URL,0,0.00,4610,false,1,1,0,145.805,18,1865,0,1,421,0,0,0,0,0,0,0,0,0,0,0,0,0,0,0,0,0,0,0
css-add-property,0,0.00,257,false,5,5,0,7.075,4,96,0,0,0,0,0,0,0,0,0,0,0,0,0,0,0,31,0,0,0,0,0,0
css-fortawesome-font-awesome-update-version-comment-2,0,0.00,728,false,1,1,0,18.422,2,280,0,1,81,0,0,0,0,0,0,0,0,0,0,0,0,0,0,0,0,0,0,0
css-fortawesome-font-awesome-update-version-comment-3,0,0.00,20800,false,1,1,0,551.969,376,10022,0,1,1,0,0,0,0,0,0,0,0,0,0,0,0,0,0,0,0,0,0,0
css-fortawesome-font-awesome-upgrade-version-comment,0,0.00,894,false,1,1,0,18.543,5,329,0,1,112,0,0,0,0,0,0,0,0,0,0,0,0,0,0,0,0,0,0,0
css-lassekongo83-zuki-themes-fails-to-parse,0,0.00,1720,false,7,7,0,58.859,11,763,0,0,0,0,0,0,0,0,0,0,0,0,0,0,0,81,0,0,0,0,0,0
css-playwright-add-class-selector,0,0.00,805,false,5,5,0,20.588,13,362,0,0,0,0,0,0,0,0,0,0,0,0,0,0,0,29,0,0,0,0,0,0
css-source-foundry-hack-change-font-string,0,0.00,518,false,1,1,0,12.882,3,189,0,1,66,0,0,0,0,0,0,0,0,0,0,0,0,0,0,0,0,0,0,0
css-wordpress-add-comment,0,0.00,693,false,1,1,0,20.085,9,312,0,0,0,0,0,0,0,0,0,0,0,0,0,0,0,26,0,0,0,0,0,0
css-wordpress-format-comment-and-fix,0,0.00,192,false,42,42,0,9.637,0,0,0,0,0,0,0,0,0,0,0,0,0,0,0,0,0,117,0,0,0,0,0,0
css-wordpress-smalll-change,0,0.00,3386,false,10,10,0,92.427,41,1568,0,0,0,0,0,0,0,0,0,0,0,0,0,0,0,72,0,0,0,0,0,0
css-wordpress-wordpress-autogenerated-file,0,0.00,16870,false,30,30,0,492.722,231,8051,0,0,0,0,0,0,0,0,0,0,0,0,0,0,0,167,0,0,0,0,0,0
go-caddy-rename-type,0,0.00,1014,false,17,17,0,31.415,3,106,0,1,397,0,0,0,0,0,0,0,0,0,0,0,0,0,0,0,0,0,0,0
go-containers-storage-add-two-constants,0,0.00,14934,false,10,10,0,470.816,5,4710,0,0,0,0,1,0,0,0,0,0,0,0,0,0,0,9,0,2743,0,0,0,0
go-gin-add-function,0,0.00,638,false,14,14,0,23.406,2,252,0,0,0,0,0,0,0,0,0,0,0,0,0,0,0,4,0,0,0,0,68,0
go-gin-change-import,0,0.00,849,false,1,1,0,27.093,4,379,0,0,0,0,0,0,0,0,0,0,0,0,0,0,0,42,0,0,0,0,0,0
go-gin-constant-change,0,0.00,1356,false,1,1,0,45.684,11,581,0,0,0,0,0,0,0,0,0,0,0,0,0,0,0,8,0,0,0,0,76,0
go-jesseduffield-lazygit-add-function,0,0.00,121,false,15,15,0,2.988,3,42,0,0,0,0,0,0,0,0,0,0,0,0,0,0,0,23,0,0,0,0,0,0
go-kubernetes-kubernetes-add-unit-test-cases,0,0.00,6732,false,1700,1700,0,752.981,6,2068,0,0,0,0,0,0,0,0,0,0,0,0,0,0,0,1716,0,0,0,0,426,0
go-lazygit-add-to-if-condition,0,0.00,6476,false,12,12,0,254.560,43,2966,0,0,0,0,0,0,0,0,0,0,0,0,0,0,0,7,0,0,203,0,14,0
go-ollama-ollama-surround-block-with-if-and-function-call,0,0.00,11133,false,67,67,0,421.368,29,5288,0,0,0,0,0,0,0,0,0,0,0,0,0,0,0,12,0,0,0,0,270,0
go-prometheus-node_exporter-remove-one-comment,0,0.00,5413,false,1,1,0,168.243,10,2672,0,0,0,0,0,0,0,0,0,0,0,0,0,0,0,20,0,0,0,0,0,0
go-prometheus-single-comment-change,0,0.00,426,false,1,1,0,13.929,2,195,0,1,15,0,0,0,0,0,0,0,0,0,0,0,0,0,0,0,0,0,0,0
go-stackexchange-blackbox-add-comment,0,0.00,51,false,1,1,0,1.504,1,17,0,0,0,0,0,0,0,0,0,0,0,0,0,0,0,6,0,0,0,0,0,0
go-user-slices-library,0,0.00,11588,false,71,71,0,494.188,32,5273,0,0,0,0,0,0,0,0,0,0,0,0,0,0,0,199,0,0,264,0,29,0
html-fatedier-add-attribute,0,0.00,251,false,9,9,0,7.375,3,44,0,1,53,0,0,0,0,0,0,0,0,0,0,0,0,28,0,0,0,0,0,0
html-firefox-update-src,0,0.00,506,false,1,1,0,12.314,14,217,0,1,21,0,0,0,0,0,0,0,0,0,0,0,0,0,0,0,0,0,0,0
html-gorhill-add-tag,0,0.00,601,false,19,19,0,17.540,7,261,0,0,0,0,0,0,0,0,0,0,0,0,0,0,0,42,0,0,0,0,0,0
html-ladybird-delete-attribute,0,0.00,105,false,19,19,0,2.221,3,35,0,0,0,0,0,0,0,0,0,0,0,0,0,0,0,24,0,0,0,0,0,0
html-mermaid-update-link,0,0.00,404,false,1,1,0,9.956,3,163,0,1,35,0,0,0,0,0,0,0,0,0,0,0,0,0,0,0,0,0,0,0
html-milkytracker-milkytracker-text-update,0,0.00,81000,false,1,1,0,2373.855,3,40457,0,1,39,0,0,0,0,0,0,0,0,0,0,0,0,0,0,0,0,0,0,0
html-mozilla-firefox-firefox-remove-li-around-button,0,0.00,26816,false,72,72,0,1308.759,34,13029,0,0,0,0,0,0,0,0,0,0,0,0,0,0,0,377,0,0,0,0,0,0
html-tcltk-thread-one-multiline-value-changed,0,0.00,8954,false,1,1,0,221.440,15,4373,0,1,88,0,0,0,0,0,0,0,0,0,0,0,0,0,0,0,0,0,0,0
html-twbs-bootstrap-add-the-same-attribute-in-many-places,0,0.00,10475,false,105,105,0,8142.614,37,4039,0,0,0,0,0,0,0,0,0,0,0,0,0,0,0,1214,0,0,0,0,0,0
java-add-interface,0,0.00,185,false,23,23,0,6.949,2,14,0,0,0,0,0,0,0,0,0,0,0,0,0,0,0,17,0,0,0,0,71,0
java-add-logging,0,0.00,268,false,60,60,0,9.562,0,0,0,0,0,0,0,0,0,0,0,0,0,0,0,0,0,1,0,0,0,0,163,0
java-fix-array-index,0,0.00,178,false,0,0,0,12.925,0,0,0,0,0,0,0,0,0,0,0,0,0,0,0,0,0,1,0,0,0,0,88,0
java-genymobile-scrcpy-change-some-android-version-constant,0,0.00,2001,false,23,21,2,71.012,21,820,0,0,0,0,0,0,0,0,0,0,0,0,0,0,0,27,0,0,0,0,142,0
java-genymobile-scrcpy-switch-from-three-exceptions-to-one,0,0.00,4377,false,37,37,0,176.020,23,1858,0,0,0,0,0,0,0,0,0,0,0,0,0,0,0,27,0,0,0,0,296,0
java-hunterhacker-jdom-javadoc-update,0,0.00,3266,false,1,1,0,91.385,51,1452,0,1,129,0,0,0,0,0,0,0,0,0,0,0,0,0,0,0,0,0,0,0
java-jflex-de-jflex-javadoc-update,0,0.00,734,false,1,1,0,21.876,7,347,0,1,12,0,0,0,0,0,0,0,0,0,0,0,0,0,0,0,0,0,0,0
java-jopt-simple-jopt-simple-remove-import,0,0.00,1085,false,13,13,0,33.177,5,518,0,0,0,0,0,0,0,0,0,0,0,0,0,0,0,25,0,0,0,0,0,0
java-nextcloud-android-add-two-function-calls,0,0.00,28688,false,26,26,0,1229.524,206,13735,0,0,0,0,0,0,0,0,0,0,0,0,0,0,0,16,0,378,8,0,0,0
java-protobuf-add-two-annotations,0,0.00,8140,false,6,6,0,271.151,55,3842,0,0,0,0,0,0,0,0,0,0,0,0,0,0,0,18,0,114,6,0,0,0
java-protocolbuffers-protobuf-add-a-method,0,0.00,8138,false,30,30,0,256.550,56,3921,0,0,0,0,0,0,0,0,0,0,0,0,0,0,0,18,0,43,6,0,0,0
java-protocolbuffers-protobuf-add-import-and-update-field-access,0,0.00,82839,false,14,14,0,3102.882,178,40927,0,1,289,0,0,0,0,0,0,0,0,0,0,0,0,30,0,0,0,0,0,0
java-refactor-constants,0,0.00,180,false,16,16,0,6.524,1,7,0,0,0,0,0,0,0,0,0,0,0,0,0,0,0,1,0,0,0,0,89,0
java-scrcpy-remove-or-expression,0,0.00,1885,false,9,8,1,68.903,19,756,0,0,0,0,0,0,0,0,0,0,0,0,0,0,0,14,0,0,0,0,149,0
javascript-add-array-method,0,0.00,153,false,57,57,0,6.751,0,0,0,0,0,0,0,0,0,0,0,0,0,0,0,0,0,1,0,0,0,0,104,0
javascript-add-destructuring,0,0.00,134,false,32,31,1,4.647,1,12,0,0,0,0,0,0,0,0,0,0,0,0,0,0,0,41,0,0,0,0,29,0
javascript-add-event-listener,0,0.00,146,false,49,49,0,4.725,1,22,0,0,0,0,0,0,0,0,0,0,0,0,0,0,0,56,0,0,0,0,18,0
javascript-fix-promises,0,0.00,235,false,55,52,3,16.379,1,19,0,0,0,0,0,0,0,0,0,0,0,0,0,0,0,47,0,0,0,0,78,0
javascript-microsoft-typescript-another-test-case-marked-with-strict,0,0.00,398,false,6,6,0,26.685,0,0,0,0,0,0,0,0,0,0,0,0,0,0,0,0,0,85,0,0,0,0,117,0
javascript-mozilla-firefox-add-comment,0,0.00,3756,false,2,2,0,448.581,15,1479,0,0,0,0,0,0,0,0,0,0,0,0,0,0,0,377,0,0,0,0,0,0
javascript-refactor-arrow-func,0,0.00,172,false,26,26,0,7.470,1,10,0,0,0,0,0,0,0,0,0,0,0,0,0,0,0,3,0,0,0,0,85,0
javascript-twbs-bootstrap-comment-version-update,0,0.00,2280,false,1,1,0,67.386,1,1136,0,1,2,0,0,0,0,0,0,0,0,0,0,0,0,0,0,0,0,0,0,0
javascript-typescript-add-strict-3,0,0.00,3670,false,6,6,0,98.253,0,0,0,0,0,0,1,0,0,0,0,0,0,0,0,0,0,1548,0,0,0,0,289,0
javascript-typescript-add-use-strict,0,0.00,260,false,6,6,0,8.924,1,22,0,0,0,0,0,0,0,0,1,0,0,0,0,0,0,39,23,0,0,0,47,0
javascript-typescript-use-strict-2,0,0.00,398,false,6,6,0,21.492,0,0,0,0,0,0,0,0,0,0,0,0,0,0,0,0,0,85,0,0,0,0,117,0
javascript-typescript-very-interesting-brokn-code,0,0.00,88,false,1,1,0,3.139,0,0,0,1,43,0,0,0,0,0,0,0,0,0,0,0,0,0,0,0,0,0,0,0
javascript-usebruno-bruno-add-class-to-classname-attribute,0,0.00,3846,false,1,1,0,119.344,27,1574,0,1,321,0,0,0,0,0,0,0,0,0,0,0,0,0,0,0,0,0,0,0
javascript-usebruno-bruno-style-change,0,0.00,211,false,24,24,0,8.914,4,57,0,0,0,0,0,0,0,0,0,0,0,0,0,0,0,6,0,0,0,0,50,0
json-apache-string-change-version,0,0.00,8620,false,1,1,0,244.548,5,3777,0,1,527,0,0,0,0,0,0,0,0,0,0,0,0,0,0,0,0,0,0,0
json-excalidraw-excalidraw-change-translations-mostly-add,0,0.00,13381,false,435,435,0,609.790,25,6007,0,0,0,0,0,0,0,0,0,0,0,0,0,0,0,1,0,0,875,0,0,0
json-fedoraqt-qgnomeplatform-remove-from-list,0,0.00,49,false,5,5,0,1.588,0,0,0,0,0,0,0,0,0,0,0,0,0,0,0,0,0,27,0,0,0,0,0,0
json-fortawesome-font-awesome-string-change,0,0.00,124,false,1,1,0,2.626,0,0,0,1,61,0,0,0,0,0,0,0,0,0,0,0,0,0,0,0,0,0,0,0
json-gorhill-ublock-add-5-pairs,0,0.00,6285,false,155,155,0,141.592,0,0,0,0,0,0,1,0,0,0,0,0,0,0,0,0,0,1,0,3218,0,0,0,0
json-governikus-ausweisapp-whitespace-only,0,0.00,48,false,1,1,0,0.999,0,0,0,1,23,0,0,0,0,0,0,0,0,0,0,0,0,0,0,0,0,0,0,0
json-iwalton3-jellyfin-web-jmp-gigantic-file-trivial-string-version-change,0,0.00,258504,false,1,1,0,9587.410,1,129209,0,1,41,0,0,0,0,0,0,0,0,0,0,0,0,0,0,0,0,0,0,0
json-kellyjonbrazil-jc-add-maxhops-to-traceroute,0,0.00,824,false,16,16,0,17.782,1,377,0,0,0,0,0,0,0,0,0,0,0,0,0,0,0,42,0,0,0,0,0,0
json-langflow-update-single-string,0,0.00,46272,false,1,1,0,1410.319,12,22515,0,1,608,0,0,0,0,0,0,0,0,0,0,0,0,0,0,0,0,0,0,0
json-mastodon-add-translation,0,0.00,22941,false,11,11,0,602.755,0,0,0,0,0,0,1,0,0,0,0,0,0,0,0,0,0,1,0,11474,0,0,0,0
json-nextcloud-server-deleted-pair,0,0.00,553,false,11,11,0,63.881,0,0,0,0,0,0,0,0,0,0,0,0,0,0,0,0,0,282,0,0,0,0,0,0
json-nextcloud-server-remove-many-and-move-one,0,0.00,7960,false,294,294,0,210.272,0,0,0,0,0,0,1,10,0,0,0,0,0,0,0,0,0,1,0,4095,20,0,0,0
json-radarr-radarr-rename-string-key,0,0.00,24588,false,1,1,0,727.854,0,0,0,1,12293,0,0,0,0,0,0,0,0,0,0,0,0,0,0,0,0,0,0,0
json-shadcn-ui-ui-react-code-in-string-constant,0,0.00,1065,false,15,15,0,29.650,0,0,0,0,0,0,1,0,0,0,0,0,0,0,0,0,0,1,0,448,90,0,0,0
json-shadcn-ui-ui-string-value-update-string-is-code,0,0.00,392,false,1,1,0,11.059,0,0,0,1,195,0,0,0,0,0,0,0,0,0,0,0,0,0,0,0,0,0,0,0
kotlin-add-data-class,0,0.00,189,false,48,48,0,7.792,1,34,0,0,0,0,0,0,0,0,0,0,0,0,0,0,0,24,0,0,0,0,49,10
kotlin-add-null-check,0,0.00,158,false,16,16,0,6.345,1,39,0,0,0,0,0,0,0,0,0,0,0,0,0,0,0,1,0,0,0,0,39,7
kotlin-add-validation,0,0.00,192,false,60,60,0,7.250,1,25,0,0,0,0,0,0,0,0,0,0,0,0,0,0,0,1,0,0,0,0,89,10
kotlin-fix-loop-bug,0,0.00,266,false,4,4,0,11.741,1,61,0,0,0,0,0,0,0,0,0,0,0,0,0,0,0,1,0,0,0,0,56,16
kotlin-jetbrains-kotlin-add-single-const,0,0.00,570,false,12,12,0,16.331,0,0,0,0,0,0,0,0,0,0,0,0,0,0,0,0,0,15,0,0,0,0,276,0
kotlin-nextcloud-android-add-a-feature,0,0.00,7088,false,88,88,0,294.770,62,3074,0,0,0,0,0,0,0,0,0,0,0,0,0,0,0,26,0,0,0,0,391,31
kotlin-nextcloud-whitespace-only-change,0,0.00,1138,false,0,0,0,34.380,1,568,0,0,0,0,0,0,0,0,0,0,0,0,0,0,0,0,0,0,0,0,0,0
kotlin-small-api-change,0,0.00,1565,false,15,15,0,50.702,14,672,0,0,0,0,0,0,0,0,0,0,0,0,0,0,0,11,0,0,0,0,67,26
lua-awesome-only-comment-change,0,0.00,9288,false,1,1,0,298.050,27,3385,0,1,1231,0,0,0,0,0,0,0,0,0,0,0,0,0,0,0,0,0,0,0
lua-awesomewm-awesome-align-to-halign,0,0.00,966,false,2,2,0,26.587,0,0,0,1,482,0,0,0,0,0,0,0,0,0,0,0,0,0,0,0,0,0,0,0
lua-dromozoa-dromozoa-utf8-only-comment-text-update,0,0.00,4920,false,1,1,0,145.140,10,1948,0,1,501,0,0,0,0,0,0,0,0,0,0,0,0,0,0,0,0,0,0,0
lua-luaposix-luaposix-copyright-year-change,0,0.00,7426,false,1,1,0,234.873,16,3678,0,1,18,0,0,0,0,0,0,0,0,0,0,0,0,0,0,0,0,0,0,0
lua-neovim-neovim-constant-changes,0,0.00,2108,false,2,2,0,65.278,1,798,0,1,254,0,0,0,0,0,0,0,0,0,0,0,0,0,0,0,0,0,0,0
lua-neovim-neovim-logic-change-with-some-code-re-use,0,0.00,19702,false,411,271,140,747.834,41,8056,0,0,0,0,1,0,0,0,0,0,0,0,0,0,0,1101,0,0,0,0,683,0
lua-neovim-one-added-line,0,0.00,3995,false,17,17,0,135.573,7,1688,0,0,0,0,0,0,0,0,0,0,0,0,0,0,0,175,0,0,0,0,136,0
php-nextcloud-change-doccomment,0,0.00,3542,false,1,1,0,104.258,16,1685,0,1,69,0,0,0,0,0,0,0,0,0,0,0,0,0,0,0,0,0,0,0
php-nextcloud-server-whitespace-and-added-declaration,0,0.00,511,false,9,9,0,15.359,1,247,0,0,0,0,0,0,0,0,0,0,0,0,0,0,0,11,0,0,0,0,0,0
php-smarty-php-smarty-change-version-string,0,0.00,23632,false,1,1,0,819.666,70,9657,0,1,2088,0,0,0,0,0,0,0,0,0,0,0,0,0,0,0,0,0,0,0
php-wordpress-wordpress-add-null-to-return,0,0.00,39795,false,1,1,0,1459.907,30,19477,0,0,0,0,0,0,0,0,0,0,0,0,0,0,0,3,0,0,0,0,358,0
php-wordpress-wordpress-add-rtc-check,0,0.00,20536,false,80,80,0,844.467,35,9838,0,0,0,0,0,0,0,0,0,0,0,0,0,0,0,5,0,0,0,0,396,0
php-wordpress-wordpress-update-doccomment,0,0.00,8636,false,3,3,0,306.930,13,4033,0,1,271,0,0,0,0,0,0,0,0,0,0,0,0,0,0,0,0,0,0,0
php-wordpress-wordpress-version-update,0,0.00,168,false,1,1,0,5.598,0,0,0,1,83,0,0,0,0,0,0,0,0,0,0,0,0,0,0,0,0,0,0,0
php-wordpress-wordpress-version-update-2,0,0.00,168,false,1,1,0,5.530,0,0,0,1,83,0,0,0,0,0,0,0,0,0,0,0,0,0,0,0,0,0,0,0
php-wordpress-wordpress-version-update-3,0,0.00,168,false,1,1,0,4.859,0,0,0,1,83,0,0,0,0,0,0,0,0,0,0,0,0,0,0,0,0,0,0,0
php-wordpress-wordpress-whitespace-only-change,0,0.00,40226,false,0,0,0,1484.088,1,20112,0,0,0,0,0,0,0,0,0,0,0,0,0,0,0,0,0,0,0,0,0,0
python-add-remove-block,0,0.00,315,false,50,50,0,12.405,1,51,0,0,0,0,0,0,0,0,0,0,0,0,0,0,0,18,0,0,0,0,112,0
python-added-if-block,0,0.00,349,false,13,13,0,12.290,2,108,0,0,0,0,0,0,0,0,1,0,0,0,0,0,0,12,58,0,0,0,0,0
python-added-if-block-small,0,0.00,62,false,8,8,0,2.103,0,0,0,0,0,0,0,0,0,0,1,0,0,0,0,0,0,11,23,0,0,0,0,0
python-ansible-ansible-field-rename,0,0.00,20862,false,1,1,0,739.276,55,10080,0,1,295,0,0,0,0,0,0,0,0,0,0,0,0,0,0,0,0,0,0,0
python-api-change,0,0.00,434,false,231,231,0,19.809,1,3,0,0,0,0,0,0,0,0,0,0,0,0,0,0,0,126,0,0,0,0,201,0
python-bolero-murakami-sprout-change-copyright-year,0,0.00,2712,false,1,1,0,78.776,9,1313,0,1,33,0,0,0,0,0,0,0,0,0,0,0,0,0,0,0,0,0,0,0
python-bugfix-loop,0,0.00,338,false,43,43,0,11.200,0,0,0,0,0,0,0,0,0,0,0,0,0,0,0,0,0,18,0,0,0,0,172,0
python-espressomd-espresso-fix-comment-typo,0,0.00,7300,false,1,1,0,231.041,16,2974,0,1,659,0,0,0,0,0,0,0,0,0,0,0,0,0,0,0,0,0,0,0
python-openhands-openhands-change-string-constant,0,0.00,928,false,1,1,0,29.468,8,283,0,1,172,0,0,0,0,0,0,0,0,0,0,0,0,0,0,0,0,0,0,0
python-paddlepaddle-paddleocr-formatting-only-change,0,0.00,10188,false,0,0,0,319.007,1,5093,0,0,0,0,0,0,0,0,0,0,0,0,0,0,0,0,0,0,0,0,0,0
python-pandas-dev-pandas-doccoment-changes-only,0,0.00,29224,false,19,19,0,1011.263,53,13607,0,1,951,0,0,0,0,0,0,0,0,0,0,0,0,0,0,0,0,0,0,0
python-persepolisdm-persepolis-add-a-single-node,0,0.00,4107,false,1,1,0,126.721,9,2012,0,0,0,0,0,0,0,0,0,0,0,0,0,0,0,33,0,0,0,0,0,0
python-refactoring,0,0.00,267,false,93,93,0,16.705,0,0,0,0,0,0,0,0,0,0,0,0,0,0,0,0,0,1,0,0,0,0,179,0
python-thefuck-multiline-string-change,0,0.00,1188,false,1,1,0,36.002,14,515,0,1,64,0,0,0,0,0,0,0,0,0,0,0,0,0,0,0,0,0,0,0
python-ytdl-add-import-and-function-call,0,0.00,1731,false,15,15,0,171.170,13,526,0,0,0,0,0,0,0,0,0,0,0,0,0,0,0,334,0,0,0,0,0,0
python-zaneb-autopage-move-time-sleep,0,0.00,6312,false,0,0,0,201.122,34,3021,0,0,0,0,0,10,0,0,0,0,0,0,0,0,0,16,0,0,0,0,64,0
r-gtownsend-icon-one-letter-identifier-change,0,0.00,6642,false,1,1,0,209.754,11,1615,0,1,1694,0,0,0,0,0,0,0,0,0,0,0,0,0,0,0,0,0,0,0
r-mtytel-helm-dummy-file,0,0.00,68,false,1,1,0,1.879,0,0,0,1,33,0,0,0,0,0,0,0,0,0,0,0,0,0,0,0,0,0,0,0
ruby-homebrew-add-or-expression,0,0.00,6146,false,6,6,0,479.363,26,1980,0,0,0,0,0,0,0,0,0,0,0,0,0,0,0,38,0,0,0,0,1032,0
ruby-homebrew-brew-enclose-block-in-rescue,0,0.00,2867,false,13,13,0,106.571,7,1226,0,0,0,0,0,0,0,0,0,0,0,0,0,0,0,87,0,0,0,0,120,0
ruby-homebrew-brew-function-callsite-argument-change,0,0.00,10273,false,42,42,0,401.067,21,4980,0,0,0,0,0,0,0,0,0,0,0,0,0,0,0,156,0,0,0,0,0,0
ruby-intridea-multi_json-remove-double-colon,0,0.00,328,false,2,2,0,12.940,1,139,0,0,0,0,0,0,0,0,0,0,0,0,0,0,0,25,0,0,0,0,0,0
ruby-intridea-multi_json-remove-single-comma,0,0.00,385,false,1,1,0,26.301,4,74,0,0,0,0,0,0,0,0,0,0,0,0,0,0,0,8,0,0,0,0,107,0
ruby-junegunn-fzf-add-test-case,0,0.00,73976,false,76,76,0,3160.052,212,36584,0,0,0,0,0,0,0,0,0,0,0,0,0,0,0,147,0,77,6,0,0,0
ruby-junegunn-fzf-add-test-case-2,0,0.00,75933,false,51,51,0,3268.893,227,37552,0,0,0,0,0,0,0,0,0,0,0,0,0,0,0,155,0,52,6,0,0,0
ruby-moneta-rb-moneta-change-one-identifier,0,0.00,220,false,1,1,0,7.734,4,76,0,1,29,0,0,0,0,0,0,0,0,0,0,0,0,0,0,0,0,0,0,0
ruby-moneta-rb-moneta-trivial-version-update,0,0.00,36,false,1,1,0,1.381,1,0,0,1,16,0,0,0,0,0,0,0,0,0,0,0,0,0,0,0,0,0,0,0
rust-add-if,0,0.00,139,false,23,23,0,3.932,1,40,0,0,0,0,0,0,0,0,0,0,0,0,0,0,0,1,0,0,0,0,39,0
rust-add-to-existing-use,0,0.00,69,false,7,6,1,2.245,1,20,0,0,0,0,0,0,0,0,0,0,0,0,0,0,0,17,0,0,0,0,0,0
rust-add-value-to-enum,0,0.00,277,false,3,3,0,8.293,2,87,0,0,0,0,0,0,0,0,0,0,0,0,0,0,0,28,0,0,0,0,23,0
rust-adding-to-a-list-of-identical-attributes-should-favour-near-matches,0,0.00,6476,false,28,28,0,172.589,230,2762,0,0,0,0,0,0,0,0,0,0,0,0,0,0,0,29,0,0,0,0,0,0
rust-cost-optimization,0,0.00,418,false,16,16,0,16.550,3,131,0,0,0,0,0,0,0,0,0,0,0,0,0,0,0,1,0,0,0,0,82,0
rust-data-structure,0,0.00,316,false,145,145,0,20.645,1,15,0,0,0,0,0,0,0,0,0,0,0,0,0,0,0,108,0,0,0,0,106,0
rust-firefox-webrenderer-borders,0,0.00,4916,false,36,32,4,158.681,43,1615,0,1,170,0,0,0,0,0,0,0,0,0,0,0,0,1,0,0,0,0,626,0
rust-hash-optimization,0,0.00,573,false,223,177,46,31.985,1,9,0,0,0,0,0,0,0,0,0,0,0,0,0,0,0,96,0,0,0,0,290,0
rust-hello-world-added-message,0,0.00,56,false,12,12,0,2.208,0,0,0,0,0,0,0,0,0,0,0,0,0,0,0,0,0,1,0,0,0,0,33,0
rust-hello-world-removed-message,0,0.00,56,false,12,12,0,1.948,0,0,0,0,0,0,0,0,0,0,0,0,0,0,0,0,0,1,0,0,0,0,33,0
rust-leetcode-1-bugfix,0,0.00,481,false,41,41,0,17.163,2,153,0,0,0,0,0,0,0,0,0,0,0,0,0,0,0,1,0,0,0,0,105,0
rust-multi-map-duplicate-calls,0,0.00,69,false,7,7,0,2.539,0,0,0,0,0,0,0,7,0,0,0,0,0,0,0,0,0,1,0,0,0,0,30,0
rust-next-font-imports-generator,0,0.00,4761,false,33,29,4,263.032,10,1962,2,0,0,0,0,0,0,0,0,0,0,0,0,0,0,1,0,0,0,0,422,0
rust-no-change,0,0.00,766,false,0,0,0,21.125,1,382,0,0,0,0,0,0,0,0,0,0,0,0,0,0,0,0,0,0,0,0,0,0
rust-rust-lang-rust-add-key-to-function-arguments-and-call-sites,0,0.00,11556,false,26,26,0,503.767,39,4929,0,0,0,0,0,0,0,0,0,0,0,0,0,0,0,58,0,0,0,0,714,0
rust-rustdesk-add-item,0,0.00,16556,false,12,12,0,610.766,0,0,0,0,0,0,1,0,0,0,0,0,0,0,0,0,0,1,0,8235,47,0,0,0
rust-rustdesk-add-one-slice-element,0,0.00,18406,false,12,12,0,667.801,0,0,0,0,0,0,1,0,0,0,0,0,0,0,0,0,0,1,0,9160,47,0,0,0
rust-rustdesk-rustdesk-add-two-values-to-slice,0,0.00,18688,false,24,24,0,670.952,0,0,0,0,0,0,1,0,0,0,0,0,0,0,0,0,0,1,0,9307,47,0,0,0
rust-rustdesk-rustdesk-string-constant-change,0,0.00,18826,false,1,1,0,706.464,0,0,0,1,9412,0,0,0,0,0,0,0,0,0,0,0,0,0,0,0,0,0,0,0
rust-tauri-api-build-1,0,0.00,907,false,5,4,1,39.261,4,276,0,0,0,0,0,0,0,0,0,0,0,0,0,0,0,1,0,0,0,0,172,0
rust-tauri-api-build-2,0,0.00,909,false,4,4,0,30.618,4,345,0,0,0,0,0,0,0,0,0,0,0,0,0,0,0,1,0,0,0,0,103,0
rust-tauri-cli-ios-dev,0,0.00,5162,false,2,2,0,222.684,17,2106,0,0,0,0,0,0,0,0,0,0,0,0,0,0,0,14,0,0,0,0,438,0
rust-turbopack-persistence-tools-main,0,0.00,925,false,12,12,0,33.603,6,354,0,0,0,0,0,0,0,0,0,0,0,0,0,0,0,12,0,0,0,16,79,0
rust-vercel-nextjs-move-from-one-struct-to-another-and-add-some-code,0,0.00,2724,false,55,55,0,147.127,16,750,0,1,25,0,0,0,0,0,0,0,0,0,0,0,0,15,0,0,0,62,513,0
rust-xou816-spot-add-Some-around-existing-code,0,0.00,4771,false,5,5,0,143.815,16,2283,0,0,0,0,0,0,0,0,0,0,0,0,0,0,0,49,0,0,0,0,40,0
rust-zed-git-panel-settings,0,0.00,1232,false,22,22,0,133.748,9,193,0,0,0,0,0,0,0,0,0,0,0,0,0,0,0,17,0,0,0,0,407,0
rust-zed-industries-zed-add-argument,0,0.00,107840,false,38,38,0,4571.266,178,52399,0,0,0,0,0,0,0,0,0,0,0,0,0,0,0,27,0,0,0,0,1279,0
scala-com-lihaoyi-mill-expand-import-path,0,0.00,4492,false,2,2,0,141.877,9,2222,0,0,0,0,0,0,0,0,0,0,0,0,0,0,0,16,0,0,0,0,0,0
scala-com-lihaoyi-mill-version-string-change,0,0.00,4334,false,0,0,0,145.632,17,1030,0,1,1119,0,0,0,0,0,0,0,0,0,0,0,0,0,0,0,0,0,0,0
shellscript-ansible-ansible-add-variable-and-string-expansion,0,0.00,1441,false,20,20,0,68.071,4,354,0,0,0,0,0,0,0,0,0,0,0,0,0,0,0,235,0,0,0,0,0,135
shellscript-ansible-ansible-simple-deletion,0,0.00,85,false,9,9,0,3.497,0,0,0,0,0,0,0,0,0,0,0,0,0,0,0,0,0,47,0,0,0,0,0,0
shellscript-fleetingheart-ksre-multiline-string-change,0,0.00,1136,false,1,1,0,32.815,5,480,0,1,82,0,0,0,0,0,0,0,0,0,0,0,0,0,0,0,0,0,0,0
shellscript-genymobile-scrcpy-add-two-flags,0,0.00,1262,false,2,2,0,144.997,1,129,0,0,0,0,0,0,0,0,0,0,0,0,0,0,0,369,0,0,0,0,0,133
shellscript-nextcloud-server-change-invocation-string,0,0.00,6090,false,1,1,0,175.378,17,2042,0,1,985,0,0,0,0,0,0,0,0,0,0,0,0,0,0,0,0,0,0,0
shellscript-nvm-sh-nvm-upgrade-version-string,0,0.00,66244,false,1,1,0,2358.611,129,32665,0,1,327,0,0,0,0,0,0,0,0,0,0,0,0,0,0,0,0,0,0,0
shellscript-pi-hole-pi-hole-sql-code-in-string-constant,0,0.00,17760,false,5,5,0,552.177,51,8182,0,1,646,0,0,0,0,0,0,0,0,0,0,0,0,0,0,0,0,0,0,0
shellscript-pytorch-pytorch-change-invocation-string,0,0.00,3976,false,1,1,0,115.714,11,1580,0,1,396,0,0,0,0,0,0,0,0,0,0,0,0,0,0,0,0,0,0,0
swift-nextcloud-ios-actual-logic-added,0,0.00,3229,false,197,197,0,238.507,12,1101,0,0,0,0,0,0,0,0,0,0,0,0,0,0,0,1,0,0,0,0,596,0
swift-nextcloud-ios-add-4-functions,0,0.00,13465,false,701,701,0,429.845,14,5763,0,0,0,0,0,0,0,0,0,0,0,0,0,0,0,1,0,0,0,0,1290,0
swift-nextcloud-ios-call-different-function,0,0.00,892,false,1,1,0,27.284,6,335,0,1,104,0,0,0,0,0,0,0,0,0,0,0,0,0,0,0,0,0,0,0
swift-swiftlang-swift-comment-change,0,0.00,40,false,1,1,0,0.923,0,0,0,1,19,0,0,0,0,0,0,0,0,0,0,0,0,0,0,0,0,0,0,0
swift-swiftlang-swift-comment-change-2,0,0.00,168,false,1,1,0,4.456,1,61,0,1,21,0,0,0,0,0,0,0,0,0,0,0,0,0,0,0,0,0,0,0
tsx-apache-superset-add-test-case,0,0.00,12979,false,85,85,0,389.969,42,6307,0,0,0,0,0,0,0,0,0,0,0,0,0,0,0,105,0,0,0,0,77,0
tsx-excalidraw-excalidraw-import-path-change,0,0.00,738,false,2,2,0,21.154,3,335,0,1,30,0,0,0,0,0,0,0,0,0,0,0,0,0,0,0,0,0,0,0
tsx-langflow-ai-langflow-move-function-around-update-string-constant,0,0.00,7336,false,1,1,0,344.342,40,3253,0,0,0,0,0,0,0,0,0,0,0,0,0,0,0,8,0,0,0,0,355,0
tsx-material-remove-import,0,0.00,2309,false,13,13,0,65.860,4,1143,0,0,0,0,0,0,0,0,0,0,0,0,0,0,0,14,0,0,0,0,0,0
tsx-shadcn-ui-ui-add-attribute,0,0.00,735,false,7,7,0,267.128,4,143,0,0,0,0,0,0,0,0,0,0,0,0,0,0,0,8,0,0,0,0,215,0
tsx-shadcn-ui-ui-real-small-change,0,0.00,491,false,17,17,0,17.000,4,102,0,1,116,0,0,0,0,0,0,0,0,0,0,0,0,29,0,0,0,0,0,0
typescript-add-error-handling,0,0.00,185,false,57,57,0,9.362,1,13,0,0,0,0,0,0,0,0,0,0,0,0,0,0,0,49,0,0,0,0,58,0
typescript-add-generics,0,0.00,223,false,46,46,0,14.338,0,0,0,0,0,0,0,0,0,0,3,0,0,0,0,0,0,99,31,0,0,0,0,0
typescript-add-type-annotations,0,0.00,176,false,40,40,0,8.757,1,8,0,0,0,0,0,0,0,0,0,0,0,0,0,0,0,29,0,0,0,0,70,0
typescript-excalidraw-excalidraw-add-function,0,0.00,16917,false,399,399,0,630.990,74,7952,0,0,0,0,0,0,0,0,0,0,0,0,0,0,0,514,0,0,0,0,98,0
typescript-excalidraw-excalidraw-add-values-to-lists,0,0.00,6170,false,28,28,0,2227.737,10,583,0,0,0,0,1,0,0,0,0,0,0,0,0,0,0,34,0,1812,10,0,649,0
typescript-microsoft-playwright-add-two-test-cases,0,0.00,5593,false,455,455,0,164.508,15,2550,0,0,0,0,0,0,0,0,0,0,0,0,0,0,0,456,0,0,0,0,0,0
typescript-microsoft-typescript-add-dot-js-to-import-paths,0,0.00,2808,false,3,3,0,84.564,2,1332,0,1,69,0,0,0,0,0,0,0,0,0,0,0,0,0,0,0,0,0,0,0
typescript-microsoft-typescript-add-target-comment,0,0.00,637,false,1,1,0,22.127,1,45,0,0,0,0,0,0,0,0,0,0,0,0,0,0,0,54,0,0,0,0,219,0
typescript-microsoft-typescript-comment-change,0,0.00,102,false,1,1,0,3.401,0,0,0,1,50,0,0,0,0,0,0,0,0,0,0,0,0,0,0,0,0,0,0,0
typescript-n8n-io-n8n-remove-and-add-imports,0,0.00,1594,false,18,18,0,51.832,5,765,0,0,0,0,0,0,0,0,0,0,0,0,0,0,0,36,0,0,0,0,0,0
typescript-refactor-interface,0,0.00,326,false,48,48,0,8.787,2,130,0,0,0,0,0,0,0,0,0,0,0,0,0,0,0,41,0,0,0,0,14,0
typescript-typescript-add-target-comment,0,0.00,271,false,1,1,0,9.677,2,120,0,0,0,0,0,0,0,0,0,0,0,0,0,0,0,13,0,0,0,0,0,0
typescript-typescript-add-target-comment-2,0,0.00,193,false,1,1,0,16.968,0,0,0,0,0,0,0,0,0,0,0,0,0,0,0,0,0,97,0,0,0,0,0,0
typescript-typescript-add-target-comment-3,0,0.00,67,false,1,1,0,2.192,0,0,0,0,0,0,0,0,0,0,0,0,0,0,0,0,0,5,0,0,0,0,29,0
vimscript-idanarye-vim-merginal-add-one-call,0,0.00,4370,false,26,26,0,197.144,9,1768,0,0,0,0,0,0,0,0,0,0,0,0,0,0,0,421,0,0,0,0,0,0
vimscript-neovim-neovim-add-a-few-lines,0,0.00,419,false,8,8,0,24.954,1,54,0,0,0,0,0,0,0,0,0,0,0,0,0,0,0,158,0,0,0,0,0,0
vimscript-neovim-neovim-add-a-few-lines-one-after-the-other,0,0.00,3093,false,41,41,0,299.163,6,1092,0,0,0,0,0,0,0,0,0,0,0,0,0,0,0,463,0,0,0,0,5,0
vimscript-neovim-neovim-add-line-comment,0,0.00,14569,false,1,1,0,565.596,24,6759,0,0,0,0,1,0,0,0,0,0,0,0,0,0,0,476,0,0,0,0,10,0
vimscript-neovim-neovim-add-test-case-plus-edit-existing-one,0,0.00,79315,false,249,249,0,63973.105,139,37427,0,0,0,0,0,0,0,0,0,0,0,0,0,0,0,2131,0,0,0,0,5,0
vimscript-neovim-neovim-i-have-no-idea-what-this-diff-does,0,0.00,9982,false,6,6,0,403.356,12,1293,0,0,0,0,1,0,0,0,0,0,0,0,0,0,0,16,0,3336,333,0,0,0
vimscript-neovim-neovim-improved-asserts,0,0.00,4819,false,40,40,0,360.520,15,2038,0,0,0,0,0,0,0,0,0,0,0,0,0,0,0,367,0,0,0,0,5,0
xml-microsoft-terminal-multiline-string-constant-change,0,0.00,1666,false,1,1,0,40.975,19,726,0,1,87,0,0,0,0,0,0,0,0,0,0,0,0,0,0,0,0,0,0,0
xml-mozilla-firefox-firefox-add-a-few-attributes,0,0.00,452,false,36,36,0,17.424,7,112,0,0,0,0,0,0,0,0,0,0,0,0,0,0,0,125,0,0,0,0,0,0
xml-nextcloud-android-add-few-translations,0,0.00,32928,false,108,108,0,1104.993,870,14643,0,0,0,0,1,0,0,0,0,0,0,0,0,0,0,16,0,979,9,0,0,0
xml-nextcloud-android-delete-element,0,0.00,42774,false,18,18,0,1386.308,1137,19077,0,0,0,0,1,0,0,0,0,0,0,0,0,0,0,16,0,1156,9,0,0,0
xml-nextcloud-android-delete-element-2,0,0.00,42630,false,18,18,0,1360.337,1121,19037,0,0,0,0,1,0,0,0,0,0,0,0,0,0,0,16,0,1140,9,0,0,0
xml-odoo-odoo-add-attribute,0,0.00,13420,false,6,6,0,708.017,52,6370,0,0,0,0,0,0,0,0,0,0,0,0,0,0,0,291,0,0,0,0,0,0
xml-odoo-odoo-add-two-attributes,0,0.00,54742,false,12,12,0,2667.809,147,26714,0,0,0,0,1,0,0,0,0,0,0,0,0,0,0,16,0,478,21,0,0,0
xml-odoo-odoo-change-value,0,0.00,3318,false,1,1,0,83.365,26,1502,0,1,130,0,0,0,0,0,0,0,0,0,0,0,0,0,0,0,0,0,0,0
yaml-ansible-ansible-add-two-sequence-items,0,0.00,548,false,10,10,0,16.633,3,140,0,0,0,0,0,0,0,0,0,0,0,0,0,0,0,16,0,0,0,0,120,0
yaml-ansible-ansible-double-quote-scalar-change-possible-treesitter-weakness,0,0.00,34914,false,0,0,0,1197.415,93,11828,0,1,5528,0,0,0,0,0,0,0,0,0,0,0,0,1,0,0,0,0,0,0
yaml-axios-axios-update-string-value,0,0.00,252,false,1,1,0,6.569,0,0,0,1,124,0,0,0,0,0,0,0,0,0,0,0,0,1,0,0,0,0,0,0
yaml-junegunn-fzf-version-upgrade,0,0.00,250,false,1,1,0,7.663,0,0,0,1,123,0,0,0,0,0,0,0,0,0,0,0,0,1,0,0,0,0,0,0
yaml-mastodon-mastodon-add-block-pair-translation,0,0.00,3091,false,33,33,0,96.054,8,1321,0,0,0,0,0,0,0,0,0,0,0,0,0,0,0,5,0,0,0,0,228,0
yaml-mastodon-remove-one-pair,0,0.00,14824,false,8,8,0,516.298,24,6561,0,0,0,0,0,0,0,0,0,0,0,0,0,0,0,1,0,0,4,0,826,0
yaml-mozilla-pdf-single-value-update,0,0.00,538,false,1,1,0,15.839,2,143,0,1,122,0,0,0,0,0,0,0,0,0,0,0,0,1,0,0,0,0,0,0
yaml-n8n-io-n8n-add-performance-check-to-ci-config,0,0.00,2138,false,66,66,0,64.901,9,639,0,0,0,0,0,0,0,0,0,0,0,0,0,0,0,4,0,0,0,0,450,0
yaml-twbs-bootstrap-remove-v-semicolon-from-version-numbers,0,0.00,986,false,224,224,0,34.552,0,0,0,0,0,0,0,0,0,0,0,0,0,0,0,0,0,24,0,0,0,0,581,0
yaml-twbs-bootstrap-version-pin-with-comment,0,0.00,558,false,4,4,0,16.452,0,0,0,0,0,0,0,0,0,0,0,0,0,0,0,0,0,4,0,0,0,0,276,0
rust-completely-unrelated-main-files,-,-,-,true,9797,-,-,1936.707,1,6,0,4,30,0,0,29,0,0,1,0,0,0,0,0,7982,0,19,0,0,0,1947,0
