language,size_bucket,repository,commit,path,old_path
CSharp,large,Lidarr-Lidarr.git,0f0c31f4c685dcafe40bba96b02e96cfe8a4444d,src/NzbDrone.Core/MetadataSource/SkyHook/SkyHookProxy.cs,src/NzbDrone.Core/MetadataSource/SkyHook/SkyHookProxy.cs
CSharp,large,Lidarr-Lidarr.git,1992127e9135b58b4e1719aca46b4a6b6a84cc7c,src/NzbDrone.Core/Download/Clients/QBittorrent/QBittorrentProxyV2.cs,src/NzbDrone.Core/Download/Clients/QBittorrent/QBittorrentProxyV2.cs
CSharp,large,Lidarr-Lidarr.git,19a1d5c62d5fb37f5212713361038b0dfaf636d4,src/NzbDrone.Core/MetadataSource/SkyHook/SkyHookProxy.cs,src/NzbDrone.Core/MetadataSource/SkyHook/SkyHookProxy.cs
CSharp,large,Lidarr-Lidarr.git,1eb6b8061b9bd41025264359ff0185b263b09f35,src/NzbDrone.Core/MediaFiles/TrackImport/Manual/ManualImportService.cs,src/NzbDrone.Core/MediaFiles/TrackImport/Manual/ManualImportService.cs
CSharp,large,Lidarr-Lidarr.git,28811ace361e7e9480f5be77436cc15e8121dc3f,src/NzbDrone.Core.Test/MusicTests/RefreshArtistServiceFixture.cs,src/NzbDrone.Core.Test/MusicTests/RefreshArtistServiceFixture.cs
CSharp,large,Lidarr-Lidarr.git,323b366ac6eb0da4e8186aed870cf529f760aabb,src/NzbDrone.Core/MediaFiles/AudioTagService.cs,src/NzbDrone.Core/MediaFiles/AudioTagService.cs
CSharp,large,Lidarr-Lidarr.git,323b366ac6eb0da4e8186aed870cf529f760aabb,src/NzbDrone.Core/MediaFiles/TrackImport/ImportApprovedTracks.cs,src/NzbDrone.Core/MediaFiles/TrackImport/ImportApprovedTracks.cs
CSharp,large,Lidarr-Lidarr.git,350860e524029b7fb4165ed14fbcabb11217ada2,src/NzbDrone.Host/Startup.cs,src/NzbDrone.Host/Startup.cs
CSharp,large,Lidarr-Lidarr.git,3e6b934cc906aa81504f77af2d514b200e5cec83,src/NzbDrone.Core/Music/Services/RefreshAlbumService.cs,src/NzbDrone.Core/Music/Services/RefreshAlbumService.cs
CSharp,large,Lidarr-Lidarr.git,3e6b934cc906aa81504f77af2d514b200e5cec83,src/NzbDrone.Core/Music/Services/RefreshArtistService.cs,src/NzbDrone.Core/Music/Services/RefreshArtistService.cs
CSharp,large,Lidarr-Lidarr.git,3eb9ff605f180094f10c1078f6b41e50681f0bd7,src/NzbDrone.Core/MetadataSource/SkyHook/SkyHookProxy.cs,src/NzbDrone.Core/MetadataSource/SkyHook/SkyHookProxy.cs
CSharp,large,Lidarr-Lidarr.git,4805dfc769fb6ff96fac40f4503bbe1e92527f59,src/NzbDrone.Core/Music/Services/RefreshArtistService.cs,src/NzbDrone.Core/Music/Services/RefreshArtistService.cs
CSharp,large,Lidarr-Lidarr.git,48f42fdcbde268d4e544f8687cc8e4527a88b3a0,src/NzbDrone.Core/Download/TorrentClientBase.cs,src/NzbDrone.Core/Download/TorrentClientBase.cs
CSharp,large,Lidarr-Lidarr.git,4baba902eadc3ac374871a7898a18abceef4e793,src/NzbDrone.Core/MediaFiles/TrackImport/Identification/IdentificationService.cs,src/NzbDrone.Core/MediaFiles/TrackImport/Identification/IdentificationService.cs
CSharp,large,Lidarr-Lidarr.git,6ac1b4ce384c4d0165ffa32215b6f1fba75b8945,src/NzbDrone.Core/MediaFiles/AudioTagService.cs,src/NzbDrone.Core/MediaFiles/AudioTagService.cs
CSharp,large,Lidarr-Lidarr.git,6bcead8bf66c53cd06d6ffbfd263e7f66c56b946,src/NzbDrone.Host/Startup.cs,src/NzbDrone.Host/Startup.cs
CSharp,large,Lidarr-Lidarr.git,7b24bc556fa085d7de0ae1b4c2e45db012408078,src/NzbDrone.Core/Organizer/FileNameBuilder.cs,src/NzbDrone.Core/Organizer/FileNameBuilder.cs
CSharp,large,Lidarr-Lidarr.git,7cdb4e4b526d7fcaf20efcff2cb155b0b1379920,src/NzbDrone.Core/Configuration/ConfigFileProvider.cs,src/NzbDrone.Core/Configuration/ConfigFileProvider.cs
CSharp,large,Lidarr-Lidarr.git,80cf89c86d95b9ab2b4cd8be06aeda6ca541293c,src/NzbDrone.Host/Startup.cs,src/NzbDrone.Host/Startup.cs
CSharp,large,Lidarr-Lidarr.git,826b8b5933f67fb9b35f14d78e81d2a97b8404a5,src/Lidarr.Api.V1/Artist/ArtistController.cs,src/Lidarr.Api.V1/Artist/ArtistController.cs
CSharp,large,Lidarr-Lidarr.git,8567a7d6cb0143c38ff08e679b9ad3eab07dcbcd,src/NzbDrone.Core/Music/Services/RefreshArtistService.cs,src/NzbDrone.Core/Music/Services/RefreshArtistService.cs
CSharp,large,Lidarr-Lidarr.git,90751998e28939daf8987c873dc72bdba50ea89a,src/NzbDrone.Core/MetadataSource/SkyHook/SkyHookProxy.cs,src/NzbDrone.Core/MetadataSource/SkyHook/SkyHookProxy.cs
CSharp,large,Lidarr-Lidarr.git,944970a1f2224a28308874c77e57d3a8c8883eaf,src/NzbDrone.Core/Datastore/BasicRepository.cs,src/NzbDrone.Core/Datastore/BasicRepository.cs
CSharp,large,Lidarr-Lidarr.git,96328b8d957ed7816648e9d6358af06958c8507c,src/Lidarr.Api.V1/Queue/QueueController.cs,src/Lidarr.Api.V1/Queue/QueueController.cs
CSharp,large,Lidarr-Lidarr.git,96e5a4df2f2a63bdea96fa718f4d52c6d931d92c,src/NzbDrone.Core/Configuration/ConfigFileProvider.cs,src/NzbDrone.Core/Configuration/ConfigFileProvider.cs
CSharp,large,Lidarr-Lidarr.git,985ecd31e8a33d53c99fb5f762188e21f6639178,src/NzbDrone.Core/MediaFiles/DownloadedTracksImportService.cs,src/NzbDrone.Core/MediaFiles/DownloadedTracksImportService.cs
CSharp,large,Lidarr-Lidarr.git,9c9ebbca3f769276b9fdcec2485890bebb3bc4a9,src/NzbDrone.Core.Test/ImportListTests/Spotify/SpotifyMappingFixture.cs,src/NzbDrone.Core.Test/ImportListTests/Spotify/SpotifyMappingFixture.cs
CSharp,large,Lidarr-Lidarr.git,9db6cf2ce7bae59cd16db42caa9f0550a1871889,src/NzbDrone.Core/MetadataSource/SkyHook/SkyHookProxy.cs,src/NzbDrone.Core/MetadataSource/SkyHook/SkyHookProxy.cs
CSharp,large,Lidarr-Lidarr.git,bed907e720843a506f4cd0742962baf20096b2ea,src/NzbDrone.Core/Configuration/ConfigService.cs,src/NzbDrone.Core/Configuration/ConfigService.cs
CSharp,large,Lidarr-Lidarr.git,bed907e720843a506f4cd0742962baf20096b2ea,src/NzbDrone.Core/MediaFiles/TrackFileMovingService.cs,src/NzbDrone.Core/MediaFiles/TrackFileMovingService.cs
CSharp,large,Lidarr-Lidarr.git,cadb839dd0c85df20085ed761509e56ac6e1891d,src/NzbDrone.Core/MetadataSource/SkyHook/SkyHookProxy.cs,src/NzbDrone.Core/MetadataSource/SkyHook/SkyHookProxy.cs
CSharp,large,Lidarr-Lidarr.git,cba115b7c7916f0ea23957ce57d5bc4aff788256,src/NzbDrone.Core/MetadataSource/SkyHook/SkyHookProxy.cs,src/NzbDrone.Core/MetadataSource/SkyHook/SkyHookProxy.cs
CSharp,large,Lidarr-Lidarr.git,cce7ffa6acb4f09a41ad3fdf513675c13aa68270,src/NzbDrone.Core/Download/TrackedDownloads/TrackedDownloadService.cs,src/NzbDrone.Core/Download/TrackedDownloads/TrackedDownloadService.cs
CSharp,large,Lidarr-Lidarr.git,e56eb3093acc1853e659009c9b9359f519563106,src/NzbDrone.Core/MetadataSource/SkyHook/SkyHookProxy.cs,src/NzbDrone.Core/MetadataSource/SkyHook/SkyHookProxy.cs
CSharp,large,Lidarr-Lidarr.git,eb7e77b8e2e82354a5e86eecef11911ff7c35ae4,src/NzbDrone.Core/MediaFiles/TrackImport/Manual/ManualImportService.cs,src/NzbDrone.Core/MediaFiles/TrackImport/Manual/ManualImportService.cs
CSharp,large,Lidarr-Lidarr.git,ec9625f2b36d336e6b497c0508c73b05366df842,src/NzbDrone.Core/MediaFiles/TrackImport/Identification/IdentificationService.cs,src/NzbDrone.Core/MediaFiles/TrackImport/Identification/IdentificationService.cs
CSharp,large,Lidarr-Lidarr.git,f29af8509d3f63fcd3d4313ee400cbfea52c67ed,src/NzbDrone.Core/MediaFiles/TrackImport/Manual/ManualImportService.cs,src/NzbDrone.Core/MediaFiles/TrackImport/Manual/ManualImportService.cs
CSharp,large,Lidarr-Lidarr.git,f627a3cb88e592403ddf50576328c70300cec1c6,src/NzbDrone.Core/MediaFiles/DiskScanService.cs,src/NzbDrone.Core/MediaFiles/DiskScanService.cs
CSharp,large,Lidarr-Lidarr.git,f6a3e7370540cc25caf3aaf0f1c91e7c085585ac,src/NzbDrone.Core/Plugins/PluginService.cs,src/NzbDrone.Core/Plugins/PluginService.cs
CSharp,large,Lidarr-Lidarr.git,fc010a5ea026c6b0d23dd548ca1b8605e83c5fc6,src/NzbDrone.Core/MediaFiles/TrackImport/Manual/ManualImportService.cs,src/NzbDrone.Core/MediaFiles/TrackImport/Manual/ManualImportService.cs
CSharp,large,Lidarr-Lidarr.git,fc1ce0211782f558503c37ffbda12bf8dc095927,src/NzbDrone.Core.Test/ImportListTests/Spotify/SpotifyMappingFixture.cs,src/NzbDrone.Core.Test/ImportListTests/Spotify/SpotifyMappingFixture.cs
CSharp,large,Lidarr-Lidarr.git,fcfc60a2763bfb4609b04c2da561bc3b7077016a,src/Lidarr.Api.V1/Queue/QueueController.cs,src/Lidarr.Api.V1/Queue/QueueController.cs
CSharp,large,Lidarr-Lidarr.git,fcfc60a2763bfb4609b04c2da561bc3b7077016a,src/NzbDrone.Common/Extensions/PathExtensions.cs,src/NzbDrone.Common/Extensions/PathExtensions.cs
CSharp,large,Lidarr-Lidarr.git,fcfc60a2763bfb4609b04c2da561bc3b7077016a,src/NzbDrone.Core.Test/DecisionEngineTests/PrioritizeDownloadDecisionFixture.cs,src/NzbDrone.Core.Test/DecisionEngineTests/PrioritizeDownloadDecisionFixture.cs
CSharp,large,Lidarr-Lidarr.git,fcfc60a2763bfb4609b04c2da561bc3b7077016a,src/NzbDrone.Core.Test/Download/DownloadApprovedReportsTests/DownloadApprovedFixture.cs,src/NzbDrone.Core.Test/Download/DownloadApprovedReportsTests/DownloadApprovedFixture.cs
CSharp,large,Lidarr-Lidarr.git,fcfc60a2763bfb4609b04c2da561bc3b7077016a,src/NzbDrone.Core.Test/Download/DownloadClientProviderFixture.cs,src/NzbDrone.Core.Test/Download/DownloadClientProviderFixture.cs
CSharp,large,Lidarr-Lidarr.git,fcfc60a2763bfb4609b04c2da561bc3b7077016a,src/NzbDrone.Core.Test/Download/DownloadServiceFixture.cs,src/NzbDrone.Core.Test/Download/DownloadServiceFixture.cs
CSharp,large,Lidarr-Lidarr.git,fcfc60a2763bfb4609b04c2da561bc3b7077016a,src/NzbDrone.Core.Test/Download/TrackedDownloads/TrackedDownloadServiceFixture.cs,src/NzbDrone.Core.Test/Download/TrackedDownloads/TrackedDownloadServiceFixture.cs
CSharp,large,Lidarr-Lidarr.git,fcfc60a2763bfb4609b04c2da561bc3b7077016a,src/NzbDrone.Core.Test/IndexerTests/TorrentRssIndexerTests/TorrentRssIndexerFixture.cs,src/NzbDrone.Core.Test/IndexerTests/TorrentRssIndexerTests/TorrentRssIndexerFixture.cs
CSharp,large,Lidarr-Lidarr.git,fcfc60a2763bfb4609b04c2da561bc3b7077016a,src/NzbDrone.Core/Datastore/TableMapping.cs,src/NzbDrone.Core/Datastore/TableMapping.cs
CSharp,large,Lidarr-Lidarr.git,fcfc60a2763bfb4609b04c2da561bc3b7077016a,src/NzbDrone.Core/Download/Pending/PendingReleaseService.cs,src/NzbDrone.Core/Download/Pending/PendingReleaseService.cs
CSharp,large,Lidarr-Lidarr.git,fcfc60a2763bfb4609b04c2da561bc3b7077016a,src/NzbDrone.Core/Download/TorrentClientBase.cs,src/NzbDrone.Core/Download/TorrentClientBase.cs
CSharp,large,Lidarr-Lidarr.git,fcfc60a2763bfb4609b04c2da561bc3b7077016a,src/NzbDrone.Core/History/EntityHistoryService.cs,src/NzbDrone.Core/History/EntityHistoryService.cs
CSharp,large,Lidarr-Lidarr.git,fcfc60a2763bfb4609b04c2da561bc3b7077016a,src/NzbDrone.Host/Bootstrap.cs,src/NzbDrone.Host/Bootstrap.cs
CSharp,large,Lidarr-Lidarr.git,fcfc60a2763bfb4609b04c2da561bc3b7077016a,src/NzbDrone.Integration.Test/IntegrationTestBase.cs,src/NzbDrone.Integration.Test/IntegrationTestBase.cs
CSharp,large,Lidarr-Lidarr.git,ffab40e923f5ee7e115a8cd48dd5640af40cc733,src/NzbDrone.Core/MediaCover/MediaCoverService.cs,src/NzbDrone.Core/MediaCover/MediaCoverService.cs
CSharp,large,Radarr-Radarr.git,110a338fb6e5c2581ccdc1b29669368613f08d5c,src/NzbDrone.Core/ImportLists/HttpImportListBase.cs,src/NzbDrone.Core/ImportLists/HttpImportListBase.cs
CSharp,large,Radarr-Radarr.git,1883ae52ac9ac25c052c12db934d424f787fcda6,src/NzbDrone.Core/Download/Clients/QBittorrent/QBittorrentProxyV2.cs,src/NzbDrone.Core/Download/Clients/QBittorrent/QBittorrentProxyV2.cs
CSharp,large,Radarr-Radarr.git,2235823af313ea1f39fd1189b69a75fc5d380c41,src/NzbDrone.Core.Test/Datastore/Migration/208_collectionsFixture.cs,src/NzbDrone.Core.Test/Datastore/Migration/208_collectionsFixture.cs
CSharp,large,Radarr-Radarr.git,2235823af313ea1f39fd1189b69a75fc5d380c41,src/NzbDrone.Core/Datastore/Migration/208_collections.cs,src/NzbDrone.Core/Datastore/Migration/208_collections.cs
CSharp,large,Radarr-Radarr.git,2235823af313ea1f39fd1189b69a75fc5d380c41,src/Radarr.Api.V3/Queue/QueueController.cs,src/Radarr.Api.V3/Queue/QueueController.cs
CSharp,large,Radarr-Radarr.git,4c007291833246d3ed78e6f396fc7e60cc9ca70c,src/NzbDrone.Core/Organizer/FileNameBuilder.cs,src/NzbDrone.Core/Organizer/FileNameBuilder.cs
CSharp,large,Radarr-Radarr.git,54cbbe05d976ac053744012f8b48d44e384e2d41,src/NzbDrone.Core/Extras/Metadata/Consumers/Xbmc/XbmcMetadata.cs,src/NzbDrone.Core/Extras/Metadata/Consumers/Xbmc/XbmcMetadata.cs
CSharp,large,Radarr-Radarr.git,64b2a10b3f538668c9a41493eb5bc52d2cb814af,src/NzbDrone.Core.Test/ParserTests/ReleaseGroupParserFixture.cs,src/NzbDrone.Core.Test/ParserTests/ReleaseGroupParserFixture.cs
CSharp,large,Radarr-Radarr.git,6bdbc9c600eb21e9f92bda0a429f939d278d77e8,src/NzbDrone.Core.Test/ParserTests/ReleaseGroupParserFixture.cs,src/NzbDrone.Core.Test/ParserTests/ReleaseGroupParserFixture.cs
CSharp,large,Radarr-Radarr.git,6bdbc9c600eb21e9f92bda0a429f939d278d77e8,src/NzbDrone.Core/Datastore/Migration/199_mediainfo_to_ffmpeg.cs,src/NzbDrone.Core/Datastore/Migration/199_mediainfo_to_ffmpeg.cs
CSharp,large,Radarr-Radarr.git,6bdbc9c600eb21e9f92bda0a429f939d278d77e8,src/NzbDrone.Core/MediaFiles/MovieImport/Manual/ManualImportService.cs,src/NzbDrone.Core/MediaFiles/MovieImport/Manual/ManualImportService.cs
CSharp,large,Radarr-Radarr.git,6bdbc9c600eb21e9f92bda0a429f939d278d77e8,src/NzbDrone.Core/Parser/Parser.cs,src/NzbDrone.Core/Parser/Parser.cs
CSharp,large,Radarr-Radarr.git,7d8444c435afe73c4e337079c901e378b18e0430,src/NzbDrone.Host/Startup.cs,src/NzbDrone.Host/Startup.cs
CSharp,large,Radarr-Radarr.git,8000abc2be7f7b207dd1ce098f959ab5c97c912e,src/NzbDrone.Core/Configuration/ConfigFileProvider.cs,src/NzbDrone.Core/Configuration/ConfigFileProvider.cs
CSharp,large,Radarr-Radarr.git,80a9fa68de88132ab39aa05c2b72548e847569ae,src/NzbDrone.Core/Profiles/Qualities/QualityProfileService.cs,src/NzbDrone.Core/Profiles/Qualities/QualityProfileService.cs
CSharp,large,Radarr-Radarr.git,8c94581cb6267a846ebdae5f2659e541c0e5b72d,src/NzbDrone.Core.Test/ParserTests/ReleaseGroupParserFixture.cs,src/NzbDrone.Core.Test/ParserTests/ReleaseGroupParserFixture.cs
CSharp,large,Radarr-Radarr.git,90cd8df1ae4985387ad1965d95a8bebad5c2bb10,src/NzbDrone.Host/Startup.cs,src/NzbDrone.Host/Startup.cs
CSharp,large,Radarr-Radarr.git,a12683502849fdc739b0e41505905a38aa416e90,src/NzbDrone.Core.Test/ParserTests/ReleaseGroupParserFixture.cs,src/NzbDrone.Core.Test/ParserTests/ReleaseGroupParserFixture.cs
CSharp,large,Radarr-Radarr.git,b0284bda0740f09715a574726cdde43575f031e4,src/NzbDrone.Core.Test/ParserTests/QualityParserFixture.cs,src/NzbDrone.Core.Test/ParserTests/QualityParserFixture.cs
CSharp,large,Radarr-Radarr.git,b0284bda0740f09715a574726cdde43575f031e4,src/NzbDrone.Core/Parser/QualityParser.cs,src/NzbDrone.Core/Parser/QualityParser.cs
CSharp,large,Radarr-Radarr.git,b51d1beaaaff30ffbce5fd9314b44a7299c7f9ff,src/NzbDrone.Host/Startup.cs,src/NzbDrone.Host/Startup.cs
CSharp,large,Radarr-Radarr.git,cf465899b47b9a2d3108a5fcbdbcb1cd6324a27d,src/NzbDrone.Core/Datastore/BasicRepository.cs,src/NzbDrone.Core/Datastore/BasicRepository.cs
CSharp,large,Radarr-Radarr.git,d38492188a55f98bbada1d9e1acff0dc6281435f,src/NzbDrone.Core.Test/OrganizerTests/FileNameBuilderTests/FileNameBuilderFixture.cs,src/NzbDrone.Core.Test/OrganizerTests/FileNameBuilderTests/FileNameBuilderFixture.cs
CSharp,large,Radarr-Radarr.git,d38492188a55f98bbada1d9e1acff0dc6281435f,src/NzbDrone.Core.Test/ParserTests/LanguageParserFixture.cs,src/NzbDrone.Core.Test/ParserTests/LanguageParserFixture.cs
CSharp,large,Radarr-Radarr.git,d38492188a55f98bbada1d9e1acff0dc6281435f,src/NzbDrone.Core/Parser/LanguageParser.cs,src/NzbDrone.Core/Parser/LanguageParser.cs
CSharp,large,Radarr-Radarr.git,d478b404dff9b6fca1281841aac21f24c58dbadc,src/NzbDrone.Core/Configuration/ConfigFileProvider.cs,src/NzbDrone.Core/Configuration/ConfigFileProvider.cs
CSharp,large,Radarr-Radarr.git,e63691935dd92c23624b291a450de051e224d6c3,src/NzbDrone.Core/Download/TorrentClientBase.cs,src/NzbDrone.Core/Download/TorrentClientBase.cs
CSharp,large,Radarr-Radarr.git,f04bff8e911ff960ff2a6ca10bcc271ef17dacd1,src/NzbDrone.Core/Organizer/FileNameBuilder.cs,src/NzbDrone.Core/Organizer/FileNameBuilder.cs
CSharp,large,Radarr-Radarr.git,f28691e48d615eff74ca8411fe04b819de8c09d0,src/NzbDrone.Core/Organizer/FileNameBuilder.cs,src/NzbDrone.Core/Organizer/FileNameBuilder.cs
CSharp,large,Radarr-Radarr.git,f36845c251883b7035d20b349189501ca4f094c4,src/NzbDrone.Core.Test/ParserTests/QualityParserFixture.cs,src/NzbDrone.Core.Test/ParserTests/QualityParserFixture.cs
CSharp,large,Radarr-Radarr.git,f36845c251883b7035d20b349189501ca4f094c4,src/NzbDrone.Core/Parser/QualityParser.cs,src/NzbDrone.Core/Parser/QualityParser.cs
CSharp,large,Sonarr-Sonarr.git,107e474f9c4c3be14db03f95ffaa22c46246a191,src/NzbDrone.Core/Parser/Parser.cs,src/NzbDrone.Core/Parser/Parser.cs
CSharp,large,Sonarr-Sonarr.git,1ef034af35caaa131dd98172b70e2a49938652b1,src/NzbDrone.Core.Test/ParserTests/SingleEpisodeParserFixture.cs,src/NzbDrone.Core.Test/ParserTests/SingleEpisodeParserFixture.cs
CSharp,large,Sonarr-Sonarr.git,1ef034af35caaa131dd98172b70e2a49938652b1,src/NzbDrone.Core/Parser/Parser.cs,src/NzbDrone.Core/Parser/Parser.cs
CSharp,large,Sonarr-Sonarr.git,2335657fe4c06583c12fa677ade195290bfcafe8,src/NzbDrone.Core.Test/ParserTests/AbsoluteEpisodeNumberParserFixture.cs,src/NzbDrone.Core.Test/ParserTests/AbsoluteEpisodeNumberParserFixture.cs
CSharp,large,Sonarr-Sonarr.git,2335657fe4c06583c12fa677ade195290bfcafe8,src/NzbDrone.Core/Parser/Parser.cs,src/NzbDrone.Core/Parser/Parser.cs
CSharp,large,Sonarr-Sonarr.git,2d071eca9bca1128620e0dfa89f7901285bcce5b,src/Sonarr.Api.V5/Queue/QueueController.cs,src/Sonarr.Api.V5/Queue/QueueController.cs
CSharp,large,Sonarr-Sonarr.git,302b0f356e7c26de8c90bc874ca63ba3bb862d8d,src/NzbDrone.Core/MediaFiles/MediaInfo/VideoFileInfoReader.cs,src/NzbDrone.Core/MediaFiles/MediaInfo/VideoFileInfoReader.cs
CSharp,large,Sonarr-Sonarr.git,4bf02221e67c53ea5e8de6615c3a9a2ddfe5fc5a,src/Sonarr.Api.V5/Series/SeriesController.cs,src/Sonarr.Api.V5/Series/SeriesController.cs
CSharp,large,Sonarr-Sonarr.git,5d8d2d66a4c27d480d952c75962f5ea00650b930,src/NzbDrone.Common/Http/Dispatchers/ManagedHttpDispatcher.cs,src/NzbDrone.Common/Http/Dispatchers/ManagedHttpDispatcher.cs
CSharp,large,Sonarr-Sonarr.git,63431917feddec910d369a245463ceeb2d4cbe53,src/NzbDrone.Core.Test/ParserTests/QualityParserFixture.cs,src/NzbDrone.Core.Test/ParserTests/QualityParserFixture.cs
CSharp,large,Sonarr-Sonarr.git,63431917feddec910d369a245463ceeb2d4cbe53,src/NzbDrone.Core/Parser/QualityParser.cs,src/NzbDrone.Core/Parser/QualityParser.cs
CSharp,large,Sonarr-Sonarr.git,6a6639105ededc4d24ebc963bb8be4e677792a0d,src/NzbDrone.Core/Download/Clients/QBittorrent/QBittorrent.cs,src/NzbDrone.Core/Download/Clients/QBittorrent/QBittorrent.cs
CSharp,large,Sonarr-Sonarr.git,6a6639105ededc4d24ebc963bb8be4e677792a0d,src/NzbDrone.Core/Download/Clients/QBittorrent/QBittorrentProxyV2.cs,src/NzbDrone.Core/Download/Clients/QBittorrent/QBittorrentProxyV2.cs
CSharp,large,Sonarr-Sonarr.git,6cd1ab3764587f1a6784f0d46efc2fc749149056,src/NzbDrone.Common/Instrumentation/Sentry/SentryTarget.cs,src/NzbDrone.Common/Instrumentation/Sentry/SentryTarget.cs
CSharp,large,Sonarr-Sonarr.git,6cd1ab3764587f1a6784f0d46efc2fc749149056,src/NzbDrone.Host/Bootstrap.cs,src/NzbDrone.Host/Bootstrap.cs
CSharp,large,Sonarr-Sonarr.git,763c9c838f38fd1a1a6b3c0e71d77d457a4f71eb,src/NzbDrone.Core/Parser/Parser.cs,src/NzbDrone.Core/Parser/Parser.cs
CSharp,large,Sonarr-Sonarr.git,7b0db46c25f82a4e26a2de75563c2cc1a4e9f73a,src/NzbDrone.Core.Test/ParserTests/SingleEpisodeParserFixture.cs,src/NzbDrone.Core.Test/ParserTests/SingleEpisodeParserFixture.cs
CSharp,large,Sonarr-Sonarr.git,7b0db46c25f82a4e26a2de75563c2cc1a4e9f73a,src/NzbDrone.Core/Parser/Parser.cs,src/NzbDrone.Core/Parser/Parser.cs
CSharp,large,Sonarr-Sonarr.git,8f5f3070ace856ddcb285a7358cf8e71cac9858a,src/NzbDrone.Core/Download/Clients/QBittorrent/QBittorrentProxyV2.cs,src/NzbDrone.Core/Download/Clients/QBittorrent/QBittorrentProxyV2.cs
CSharp,large,Sonarr-Sonarr.git,98fbe694e47b7a882c0cfc8e2fe38a340f7dcfe2,src/NzbDrone.Core/MediaFiles/DiskScanService.cs,src/NzbDrone.Core/MediaFiles/DiskScanService.cs
CSharp,large,Sonarr-Sonarr.git,a466a94d4df777aeec730837cb60025be74206ec,src/NzbDrone.Core.Test/ParserTests/ReleaseGroupParserFixture.cs,src/NzbDrone.Core.Test/ParserTests/ReleaseGroupParserFixture.cs
CSharp,large,Sonarr-Sonarr.git,b16743bddaa0406144d0213b0a62aed6ac2e2148,src/NzbDrone.Core.Test/ParserTests/ReleaseGroupParserFixture.cs,src/NzbDrone.Core.Test/ParserTests/ReleaseGroupParserFixture.cs
CSharp,large,Sonarr-Sonarr.git,b2f2c21a61eea3eec213af045853b5a5d27a754f,src/NzbDrone.Core.Test/Download/DownloadClientProvider/GetDownloadClientFixture.cs,src/NzbDrone.Core.Test/Download/DownloadClientProviderFixture.cs
CSharp,large,Sonarr-Sonarr.git,b2f2c21a61eea3eec213af045853b5a5d27a754f,src/NzbDrone.Core/Download/DownloadClientProvider.cs,src/NzbDrone.Core/Download/DownloadClientProvider.cs
CSharp,large,Sonarr-Sonarr.git,b88b7e15c1b64e723f7898cf58a3227eb5cf69a5,src/NzbDrone.Core/MediaFiles/MediaInfo/VideoFileInfoReader.cs,src/NzbDrone.Core/MediaFiles/MediaInfo/VideoFileInfoReader.cs
CSharp,large,Sonarr-Sonarr.git,b94cf9b3b9835d2ade7948b32b07a05a25fdf740,src/NzbDrone.Core.Test/IndexerSearchTests/ReleaseSearchServiceFixture.cs,src/NzbDrone.Core.Test/IndexerSearchTests/ReleaseSearchServiceFixture.cs
CSharp,large,Sonarr-Sonarr.git,b94cf9b3b9835d2ade7948b32b07a05a25fdf740,src/NzbDrone.Core/IndexerSearch/ReleaseSearchService.cs,src/NzbDrone.Core/IndexerSearch/ReleaseSearchService.cs
CSharp,large,Sonarr-Sonarr.git,bee7e4325f8d3c79572f2a088e661d2133f15158,src/NzbDrone.Core.Test/ParserTests/ReleaseGroupParserFixture.cs,src/NzbDrone.Core.Test/ParserTests/ReleaseGroupParserFixture.cs
CSharp,large,Sonarr-Sonarr.git,c3706c3c92a455441f95bad2de4c86bceb8fcaf1,src/NzbDrone.Core/Configuration/ConfigFileProvider.cs,src/NzbDrone.Core/Configuration/ConfigFileProvider.cs
CSharp,large,Sonarr-Sonarr.git,c3706c3c92a455441f95bad2de4c86bceb8fcaf1,src/NzbDrone.Host/Startup.cs,src/NzbDrone.Host/Startup.cs
CSharp,large,Sonarr-Sonarr.git,e06c6ba649a367098f92ab45778fe9b7b0b13542,src/NzbDrone.Core.Test/ParserTests/LanguageParserFixture.cs,src/NzbDrone.Core.Test/ParserTests/LanguageParserFixture.cs
CSharp,large,Sonarr-Sonarr.git,e06c6ba649a367098f92ab45778fe9b7b0b13542,src/NzbDrone.Core/Parser/LanguageParser.cs,src/NzbDrone.Core/Parser/LanguageParser.cs
CSharp,large,Sonarr-Sonarr.git,e747ec8f5c3496cd0fd5c223925d9b4e2bdbf9f3,src/NzbDrone.Common/Http/Dispatchers/ManagedHttpDispatcher.cs,src/NzbDrone.Common/Http/Dispatchers/ManagedHttpDispatcher.cs
CSharp,large,Sonarr-Sonarr.git,f3b39ba4f7abd8e454c16d0469086c09f66aff6f,src/NzbDrone.Core.Test/OrganizerTests/FileNameBuilderTests/FileNameBuilderFixture.cs,src/NzbDrone.Core.Test/OrganizerTests/FileNameBuilderTests/FileNameBuilderFixture.cs
CSharp,large,Sonarr-Sonarr.git,f3b39ba4f7abd8e454c16d0469086c09f66aff6f,src/NzbDrone.Core/Extras/Metadata/Consumers/Xbmc/XbmcMetadata.cs,src/NzbDrone.Core/Extras/Metadata/Consumers/Xbmc/XbmcMetadata.cs
CSharp,large,Sonarr-Sonarr.git,f3b39ba4f7abd8e454c16d0469086c09f66aff6f,src/NzbDrone.Core/MediaFiles/MediaInfo/VideoFileInfoReader.cs,src/NzbDrone.Core/MediaFiles/MediaInfo/VideoFileInfoReader.cs
CSharp,large,Sonarr-Sonarr.git,f3b39ba4f7abd8e454c16d0469086c09f66aff6f,src/NzbDrone.Core/MediaFiles/ScriptImportDecider.cs,src/NzbDrone.Core/MediaFiles/ScriptImportDecider.cs
CSharp,large,Sonarr-Sonarr.git,f3b39ba4f7abd8e454c16d0469086c09f66aff6f,src/NzbDrone.Core/Notifications/CustomScript/CustomScript.cs,src/NzbDrone.Core/Notifications/CustomScript/CustomScript.cs
CSharp,large,Sonarr-Sonarr.git,f3b39ba4f7abd8e454c16d0469086c09f66aff6f,src/NzbDrone.Core/Notifications/Discord/Discord.cs,src/NzbDrone.Core/Notifications/Discord/Discord.cs
CSharp,large,Sonarr-Sonarr.git,f3b39ba4f7abd8e454c16d0469086c09f66aff6f,src/NzbDrone.Core/Notifications/Trakt/Trakt.cs,src/NzbDrone.Core/Notifications/Trakt/Trakt.cs
CSharp,large,Sonarr-Sonarr.git,f3b39ba4f7abd8e454c16d0469086c09f66aff6f,src/NzbDrone.Core/Organizer/FileNameBuilder.cs,src/NzbDrone.Core/Organizer/FileNameBuilder.cs
CSharp,large,Sonarr-Sonarr.git,f3b39ba4f7abd8e454c16d0469086c09f66aff6f,src/NzbDrone.Core/Organizer/FileNameSampleService.cs,src/NzbDrone.Core/Organizer/FileNameSampleService.cs
CSharp,large,Sonarr-Sonarr.git,fcfdac99d594f5e9b9b1dcaa4097a00a92c84ca7,src/NzbDrone.Core.Test/ParserTests/ParsingServiceTests/MapFixture.cs,src/NzbDrone.Core.Test/ParserTests/ParsingServiceTests/MapFixture.cs
CSharp,large,Sonarr-Sonarr.git,fcfdac99d594f5e9b9b1dcaa4097a00a92c84ca7,src/NzbDrone.Core/Parser/ParsingService.cs,src/NzbDrone.Core/Parser/ParsingService.cs
CSharp,large,ansible-ansible.git,20ce7d60bd89088778f2fbb7cd513938e0abf9ac,lib/ansible/module_utils/csharp/Ansible.Basic.cs,lib/ansible/module_utils/csharp/Ansible.Basic.cs
CSharp,large,ansible-ansible.git,99708930841723f3ecc20e95e82a0cd780003dbd,lib/ansible/module_utils/csharp/Ansible.Basic.cs,lib/ansible/module_utils/csharp/Ansible.Basic.cs
CSharp,large,jellyfin-jellyfin.git,074aa7e6394ede1998c53bd9c1528c0c5dfddcd3,Emby.Server.Implementations/Images/BaseDynamicImageProvider.cs,Emby.Server.Implementations/Images/BaseDynamicImageProvider.cs
CSharp,large,jellyfin-jellyfin.git,0a1dd56af6b5344fedfc1c7ddd08e415577c3277,MediaBrowser.Providers/Plugins/Tmdb/TV/TmdbSeriesProvider.cs,MediaBrowser.Providers/Plugins/Tmdb/TV/TmdbSeriesProvider.cs
CSharp,large,jellyfin-jellyfin.git,2757c18312943cbc17ce01b100f73b411f596a98,MediaBrowser.Controller/Entities/TV/Series.cs,MediaBrowser.Controller/Entities/TV/Series.cs
CSharp,large,jellyfin-jellyfin.git,2757c18312943cbc17ce01b100f73b411f596a98,MediaBrowser.Providers/TV/SeriesMetadataService.cs,MediaBrowser.Providers/TV/SeriesMetadataService.cs
CSharp,large,jellyfin-jellyfin.git,37b50fe13c689e8fb89288da12f79bf7164e1194,Jellyfin.Api/Helpers/StreamingHelpers.cs,Jellyfin.Api/Helpers/StreamingHelpers.cs
CSharp,large,jellyfin-jellyfin.git,37b50fe13c689e8fb89288da12f79bf7164e1194,MediaBrowser.Model/Dlna/StreamInfo.cs,MediaBrowser.Model/Dlna/StreamInfo.cs
CSharp,large,jellyfin-jellyfin.git,48e456903e94fbe3e1008bcf9f3d155a4f26d5a5,MediaBrowser.Controller/Entities/TV/Series.cs,MediaBrowser.Controller/Entities/TV/Series.cs
CSharp,large,jellyfin-jellyfin.git,613d72fa26375b29b6c5da7933feff8ace1ac54e,Jellyfin.Api/Controllers/DisplayPreferencesController.cs,Jellyfin.Api/Controllers/DisplayPreferencesController.cs
CSharp,large,jellyfin-jellyfin.git,841e4dabb513c9c94bcbb0005d19e2a8be6434a5,Emby.Server.Implementations/Session/SessionManager.cs,Emby.Server.Implementations/Session/SessionManager.cs
CSharp,large,jellyfin-jellyfin.git,841e4dabb513c9c94bcbb0005d19e2a8be6434a5,MediaBrowser.Controller/Session/ISessionManager.cs,MediaBrowser.Controller/Session/ISessionManager.cs
CSharp,large,jellyfin-jellyfin.git,874fd9ac0a2410dd49b01087610b52942d8614a7,Jellyfin.Api/Controllers/TvShowsController.cs,Jellyfin.Api/Controllers/TvShowsController.cs
CSharp,large,jellyfin-jellyfin.git,874fd9ac0a2410dd49b01087610b52942d8614a7,Jellyfin.Api/Controllers/UserController.cs,Jellyfin.Api/Controllers/UserController.cs
CSharp,large,jellyfin-jellyfin.git,94dcaf2ea24e428f2957674ac46b864625782194,Jellyfin.Server/Extensions/ApiServiceCollectionExtensions.cs,Jellyfin.Server/Extensions/ApiServiceCollectionExtensions.cs
CSharp,large,jellyfin-jellyfin.git,94dcaf2ea24e428f2957674ac46b864625782194,Jellyfin.Server/Filters/AdditionalModelFilter.cs,Jellyfin.Server/Filters/AdditionalModelFilter.cs
CSharp,large,jellyfin-jellyfin.git,a37e83d448598cfd06fee7f52ee7130248d6bac3,MediaBrowser.Controller/Entities/Folder.cs,MediaBrowser.Controller/Entities/Folder.cs
CSharp,large,jellyfin-jellyfin.git,b346370dfcaa7a16cc9e292ba1c1b7e43e945783,MediaBrowser.Providers/Plugins/Tmdb/Movies/TmdbMovieProvider.cs,MediaBrowser.Providers/Plugins/Tmdb/Movies/TmdbMovieProvider.cs
CSharp,large,jellyfin-jellyfin.git,b346370dfcaa7a16cc9e292ba1c1b7e43e945783,MediaBrowser.Providers/Plugins/Tmdb/TV/TmdbSeriesProvider.cs,MediaBrowser.Providers/Plugins/Tmdb/TV/TmdbSeriesProvider.cs
CSharp,large,jellyfin-jellyfin.git,b346370dfcaa7a16cc9e292ba1c1b7e43e945783,MediaBrowser.Providers/Plugins/Tmdb/TmdbClientManager.cs,MediaBrowser.Providers/Plugins/Tmdb/TmdbClientManager.cs
CSharp,large,jellyfin-jellyfin.git,b8d2f1f9115ed3ed18960fcebd1188a3fb7d2f5e,Jellyfin.Api/Controllers/TvShowsController.cs,Jellyfin.Api/Controllers/TvShowsController.cs
CSharp,large,jellyfin-jellyfin.git,ca6d499680f9fbb369844a11eb0e0213b66bb00b,Jellyfin.Api/Controllers/PlaylistsController.cs,Jellyfin.Api/Controllers/PlaylistsController.cs
CSharp,large,jellyfin-jellyfin.git,d8543351e256fef6f71ab2a4a45fcc50cfc4084c,Jellyfin.Server/Migrations/Routines/MigrateLibraryDb.cs,Jellyfin.Server/Migrations/Routines/MigrateLibraryDb.cs
CSharp,large,jellyfin-jellyfin.git,dce91cf8c8d01135c10058614551f2f7f70a633c,MediaBrowser.Providers/Plugins/Tmdb/TmdbClientManager.cs,MediaBrowser.Providers/Plugins/Tmdb/TmdbClientManager.cs
CSharp,large,jellyfin-jellyfin.git,e73ebc9741becd4acc87967a5ba5c8864d2f22ef,MediaBrowser.Providers/Plugins/Tmdb/TV/TmdbSeriesProvider.cs,MediaBrowser.Providers/Plugins/Tmdb/TV/TmdbSeriesProvider.cs
CSharp,large,jellyfin-jellyfin.git,ec4744709df1664f263937ae41baadc48d7d6c9b,Emby.Server.Implementations/Dto/DtoService.cs,Emby.Server.Implementations/Dto/DtoService.cs
CSharp,large,microsoft-terminal.git,1ca0c76bc74012fdd1ff6211b5c8f389a4efd9b4,src/cascadia/WpfTerminalControl/NativeMethods.cs,src/cascadia/WpfTerminalControl/NativeMethods.cs
CSharp,large,microsoft-terminal.git,1ca0c76bc74012fdd1ff6211b5c8f389a4efd9b4,src/cascadia/WpfTerminalControl/TerminalContainer.cs,src/cascadia/WpfTerminalControl/TerminalContainer.cs
CSharp,medium,Lidarr-Lidarr.git,0e9aa531676a0b7b5d7440a6dade26d1c64f4836,src/NzbDrone.Core.Test/MusicTests/MonitorNewAlbumServiceFixture.cs,src/NzbDrone.Core.Test/MusicTests/MonitorNewAlbumServiceFixture.cs
CSharp,medium,Lidarr-Lidarr.git,0e9aa531676a0b7b5d7440a6dade26d1c64f4836,src/NzbDrone.Core/Music/Services/MonitorNewAlbumService.cs,src/NzbDrone.Core/Music/Services/MonitorNewAlbumService.cs
CSharp,medium,Lidarr-Lidarr.git,1a4c1b6db50f4a26336345b06712e5b9432853cf,src/NzbDrone.Common/EnvironmentInfo/AppFolderFactory.cs,src/NzbDrone.Common/EnvironmentInfo/AppFolderFactory.cs
CSharp,medium,Lidarr-Lidarr.git,1a4c1b6db50f4a26336345b06712e5b9432853cf,src/NzbDrone.Common/EnvironmentInfo/AppFolderInfo.cs,src/NzbDrone.Common/EnvironmentInfo/AppFolderInfo.cs
CSharp,medium,Lidarr-Lidarr.git,2b5967d36ac83838aa3db3e057c2b65280346d82,src/NzbDrone.Core/Music/Services/AlbumAddedService.cs,src/NzbDrone.Core/Music/Services/AlbumAddedService.cs
CSharp,medium,Lidarr-Lidarr.git,3dabcab134b338ed1ad526ef1263e6d9360cffa1,src/NzbDrone.Core.Test/MetadataSource/SkyHook/SkyHookProxySearchFixture.cs,src/NzbDrone.Core.Test/MetadataSource/SkyHook/SkyHookProxySearchFixture.cs
CSharp,medium,Lidarr-Lidarr.git,3dabcab134b338ed1ad526ef1263e6d9360cffa1,src/NzbDrone.Integration.Test/ApiTests/ArtistEditorFixture.cs,src/NzbDrone.Integration.Test/ApiTests/ArtistEditorFixture.cs
CSharp,medium,Lidarr-Lidarr.git,3dabcab134b338ed1ad526ef1263e6d9360cffa1,src/NzbDrone.Integration.Test/ApiTests/ArtistFixture.cs,src/NzbDrone.Integration.Test/ApiTests/ArtistFixture.cs
CSharp,medium,Lidarr-Lidarr.git,3dabcab134b338ed1ad526ef1263e6d9360cffa1,src/NzbDrone.Integration.Test/ApiTests/BlocklistFixture.cs,src/NzbDrone.Integration.Test/ApiTests/BlocklistFixture.cs
CSharp,medium,Lidarr-Lidarr.git,3dabcab134b338ed1ad526ef1263e6d9360cffa1,src/NzbDrone.Integration.Test/ApiTests/CalendarFixture.cs,src/NzbDrone.Integration.Test/ApiTests/CalendarFixture.cs
CSharp,medium,Lidarr-Lidarr.git,3dabcab134b338ed1ad526ef1263e6d9360cffa1,src/NzbDrone.Integration.Test/ApiTests/TrackFixture.cs,src/NzbDrone.Integration.Test/ApiTests/TrackFixture.cs
CSharp,medium,Lidarr-Lidarr.git,3dabcab134b338ed1ad526ef1263e6d9360cffa1,src/NzbDrone.Integration.Test/ApiTests/WantedTests/MissingFixture.cs,src/NzbDrone.Integration.Test/ApiTests/WantedTests/MissingFixture.cs
CSharp,medium,Lidarr-Lidarr.git,3e5e3d9cd35ef05cd72b5c9dd9915af010a86e08,src/NzbDrone.Core.Test/Http/HttpProxySettingsProviderFixture.cs,src/NzbDrone.Core.Test/Http/HttpProxySettingsProviderFixture.cs
CSharp,medium,Lidarr-Lidarr.git,485425a2ddc58988036c55644dc0354223672caf,src/NzbDrone.Core/Music/Repositories/ArtistMetadataRepository.cs,src/NzbDrone.Core/Music/Repositories/ArtistMetadataRepository.cs
CSharp,medium,Lidarr-Lidarr.git,48f42fdcbde268d4e544f8687cc8e4527a88b3a0,src/NzbDrone.Core/Indexers/TorrentRssParser.cs,src/NzbDrone.Core/Indexers/TorrentRssParser.cs
CSharp,medium,Lidarr-Lidarr.git,52a503471883c2fa8c3345be847fee0653c8de38,src/NzbDrone.Core.Test/MetadataSource/SkyHook/SkyHookProxySearchFixture.cs,src/NzbDrone.Core.Test/MetadataSource/SkyHook/SkyHookProxySearchFixture.cs
CSharp,medium,Lidarr-Lidarr.git,52a503471883c2fa8c3345be847fee0653c8de38,src/NzbDrone.Integration.Test/ApiTests/ArtistEditorFixture.cs,src/NzbDrone.Integration.Test/ApiTests/ArtistEditorFixture.cs
CSharp,medium,Lidarr-Lidarr.git,52a503471883c2fa8c3345be847fee0653c8de38,src/NzbDrone.Integration.Test/ApiTests/ArtistFixture.cs,src/NzbDrone.Integration.Test/ApiTests/ArtistFixture.cs
CSharp,medium,Lidarr-Lidarr.git,52a503471883c2fa8c3345be847fee0653c8de38,src/NzbDrone.Integration.Test/ApiTests/ArtistLookupFixture.cs,src/NzbDrone.Integration.Test/ApiTests/ArtistLookupFixture.cs
CSharp,medium,Lidarr-Lidarr.git,52a503471883c2fa8c3345be847fee0653c8de38,src/NzbDrone.Integration.Test/ApiTests/BlocklistFixture.cs,src/NzbDrone.Integration.Test/ApiTests/BlocklistFixture.cs
CSharp,medium,Lidarr-Lidarr.git,52a503471883c2fa8c3345be847fee0653c8de38,src/NzbDrone.Integration.Test/ApiTests/CalendarFixture.cs,src/NzbDrone.Integration.Test/ApiTests/CalendarFixture.cs
CSharp,medium,Lidarr-Lidarr.git,52a503471883c2fa8c3345be847fee0653c8de38,src/NzbDrone.Integration.Test/ApiTests/TrackFixture.cs,src/NzbDrone.Integration.Test/ApiTests/TrackFixture.cs
CSharp,medium,Lidarr-Lidarr.git,52a503471883c2fa8c3345be847fee0653c8de38,src/NzbDrone.Integration.Test/ApiTests/WantedTests/CutoffUnmetFixture.cs,src/NzbDrone.Integration.Test/ApiTests/WantedTests/CutoffUnmetFixture.cs
CSharp,medium,Lidarr-Lidarr.git,52a503471883c2fa8c3345be847fee0653c8de38,src/NzbDrone.Integration.Test/ApiTests/WantedTests/MissingFixture.cs,src/NzbDrone.Integration.Test/ApiTests/WantedTests/MissingFixture.cs
CSharp,medium,Lidarr-Lidarr.git,56480c7c0a60d175e981409a2989acd0c92a929b,src/NzbDrone.Core/MediaFiles/TrackImport/Identification/Distance.cs,src/NzbDrone.Core/MediaFiles/TrackImport/Identification/Distance.cs
CSharp,medium,Lidarr-Lidarr.git,61c23de1688eae2c87fc3b354e21f8a61afbe096,src/NzbDrone.Core/Datastore/Migration/000_database_engine_version_check.cs,src/NzbDrone.Core/Datastore/Migration/000_database_engine_version_check.cs
CSharp,medium,Lidarr-Lidarr.git,61c23de1688eae2c87fc3b354e21f8a61afbe096,src/NzbDrone.Core/Datastore/Migration/Framework/MigrationExtension.cs,src/NzbDrone.Core/Datastore/Migration/Framework/MigrationExtension.cs
CSharp,medium,Lidarr-Lidarr.git,61c23de1688eae2c87fc3b354e21f8a61afbe096,src/NzbDrone.Core/Datastore/Migration/Framework/NzbDroneSQLiteProcessor.cs,src/NzbDrone.Core/Datastore/Migration/Framework/NzbDroneSQLiteProcessor.cs
CSharp,medium,Lidarr-Lidarr.git,6adbbf81edd88d407bb1126670dfc81d60bb0e48,src/NzbDrone.Core/HealthCheck/Checks/RemovedArtistCheck.cs,src/NzbDrone.Core/HealthCheck/Checks/RemovedArtistCheck.cs
CSharp,medium,Lidarr-Lidarr.git,7b24bc556fa085d7de0ae1b4c2e45db012408078,src/NzbDrone.Core/CustomFormats/CustomFormat.cs,src/NzbDrone.Core/CustomFormats/CustomFormat.cs
CSharp,medium,Lidarr-Lidarr.git,7cdb4e4b526d7fcaf20efcff2cb155b0b1379920,src/Lidarr.Http/Authentication/AuthenticationBuilderExtensions.cs,src/Lidarr.Http/Authentication/AuthenticationBuilderExtensions.cs
CSharp,medium,Lidarr-Lidarr.git,826b8b5933f67fb9b35f14d78e81d2a97b8404a5,src/Lidarr.Api.V1/Albums/AlbumController.cs,src/Lidarr.Api.V1/Albums/AlbumController.cs
CSharp,medium,Lidarr-Lidarr.git,826b8b5933f67fb9b35f14d78e81d2a97b8404a5,src/Lidarr.Api.V1/AutoTagging/AutoTaggingController.cs,src/Lidarr.Api.V1/AutoTagging/AutoTaggingController.cs
CSharp,medium,Lidarr-Lidarr.git,826b8b5933f67fb9b35f14d78e81d2a97b8404a5,src/Lidarr.Api.V1/Commands/CommandController.cs,src/Lidarr.Api.V1/Commands/CommandController.cs
CSharp,medium,Lidarr-Lidarr.git,826b8b5933f67fb9b35f14d78e81d2a97b8404a5,src/Lidarr.Api.V1/Config/ConfigController.cs,src/Lidarr.Api.V1/Config/ConfigController.cs
CSharp,medium,Lidarr-Lidarr.git,826b8b5933f67fb9b35f14d78e81d2a97b8404a5,src/Lidarr.Api.V1/Config/HostConfigController.cs,src/Lidarr.Api.V1/Config/HostConfigController.cs
CSharp,medium,Lidarr-Lidarr.git,826b8b5933f67fb9b35f14d78e81d2a97b8404a5,src/Lidarr.Api.V1/Config/UiConfigController.cs,src/Lidarr.Api.V1/Config/UiConfigController.cs
CSharp,medium,Lidarr-Lidarr.git,826b8b5933f67fb9b35f14d78e81d2a97b8404a5,src/Lidarr.Api.V1/CustomFilters/CustomFilterController.cs,src/Lidarr.Api.V1/CustomFilters/CustomFilterController.cs
CSharp,medium,Lidarr-Lidarr.git,826b8b5933f67fb9b35f14d78e81d2a97b8404a5,src/Lidarr.Api.V1/ImportLists/ImportListExclusionController.cs,src/Lidarr.Api.V1/ImportLists/ImportListExclusionController.cs
CSharp,medium,Lidarr-Lidarr.git,826b8b5933f67fb9b35f14d78e81d2a97b8404a5,src/Lidarr.Api.V1/Indexers/ReleasePushController.cs,src/Lidarr.Api.V1/Indexers/ReleasePushController.cs
CSharp,medium,Lidarr-Lidarr.git,826b8b5933f67fb9b35f14d78e81d2a97b8404a5,src/Lidarr.Api.V1/ManualImport/ManualImportController.cs,src/Lidarr.Api.V1/ManualImport/ManualImportController.cs
CSharp,medium,Lidarr-Lidarr.git,826b8b5933f67fb9b35f14d78e81d2a97b8404a5,src/Lidarr.Api.V1/Profiles/Metadata/MetadataProfileController.cs,src/Lidarr.Api.V1/Profiles/Metadata/MetadataProfileController.cs
CSharp,medium,Lidarr-Lidarr.git,826b8b5933f67fb9b35f14d78e81d2a97b8404a5,src/Lidarr.Api.V1/Profiles/Quality/QualityProfileController.cs,src/Lidarr.Api.V1/Profiles/Quality/QualityProfileController.cs
CSharp,medium,Lidarr-Lidarr.git,826b8b5933f67fb9b35f14d78e81d2a97b8404a5,src/Lidarr.Api.V1/Profiles/Release/ReleaseProfileController.cs,src/Lidarr.Api.V1/Profiles/Release/ReleaseProfileController.cs
CSharp,medium,Lidarr-Lidarr.git,826b8b5933f67fb9b35f14d78e81d2a97b8404a5,src/Lidarr.Api.V1/RootFolders/RootFolderController.cs,src/Lidarr.Api.V1/RootFolders/RootFolderController.cs
CSharp,medium,Lidarr-Lidarr.git,826b8b5933f67fb9b35f14d78e81d2a97b8404a5,src/Lidarr.Api.V1/Tags/TagController.cs,src/Lidarr.Api.V1/Tags/TagController.cs
CSharp,medium,Lidarr-Lidarr.git,8567a7d6cb0143c38ff08e679b9ad3eab07dcbcd,src/NzbDrone.Core/HealthCheck/HealthCheckService.cs,src/NzbDrone.Core/HealthCheck/HealthCheckService.cs
CSharp,medium,Lidarr-Lidarr.git,8567a7d6cb0143c38ff08e679b9ad3eab07dcbcd,src/NzbDrone.Core/Music/Utilities/ShouldRefreshArtist.cs,src/NzbDrone.Core/Music/Utilities/ShouldRefreshArtist.cs
CSharp,medium,Lidarr-Lidarr.git,96328b8d957ed7816648e9d6358af06958c8507c,src/Lidarr.Http/Authentication/NoAuthenticationHandler.cs,src/Lidarr.Http/Authentication/NoAuthenticationHandler.cs
CSharp,medium,Lidarr-Lidarr.git,96e5a4df2f2a63bdea96fa718f4d52c6d931d92c,src/Lidarr.Http/Authentication/AuthenticationBuilderExtensions.cs,src/Lidarr.Http/Authentication/AuthenticationBuilderExtensions.cs
CSharp,medium,Lidarr-Lidarr.git,96e5a4df2f2a63bdea96fa718f4d52c6d931d92c,src/Lidarr.Http/Authentication/UiAuthorizationPolicyProvider.cs,src/Lidarr.Http/Authentication/UiAuthorizationPolicyProvider.cs
CSharp,medium,Lidarr-Lidarr.git,9c9ebbca3f769276b9fdcec2485890bebb3bc4a9,src/NzbDrone.Core.Test/MetadataSource/SkyHook/SkyHookProxyFixture.cs,src/NzbDrone.Core.Test/MetadataSource/SkyHook/SkyHookProxyFixture.cs
CSharp,medium,Lidarr-Lidarr.git,9c9ebbca3f769276b9fdcec2485890bebb3bc4a9,src/NzbDrone.Core.Test/MetadataSource/SkyHook/SkyHookProxySearchFixture.cs,src/NzbDrone.Core.Test/MetadataSource/SkyHook/SkyHookProxySearchFixture.cs
CSharp,medium,Lidarr-Lidarr.git,9c9ebbca3f769276b9fdcec2485890bebb3bc4a9,src/NzbDrone.Integration.Test/ApiTests/BlocklistFixture.cs,src/NzbDrone.Integration.Test/ApiTests/BlocklistFixture.cs
CSharp,medium,Lidarr-Lidarr.git,9c9ebbca3f769276b9fdcec2485890bebb3bc4a9,src/NzbDrone.Integration.Test/ApiTests/TrackFixture.cs,src/NzbDrone.Integration.Test/ApiTests/TrackFixture.cs
CSharp,medium,Lidarr-Lidarr.git,9c9ebbca3f769276b9fdcec2485890bebb3bc4a9,src/NzbDrone.Integration.Test/ApiTests/WantedTests/CutoffUnmetFixture.cs,src/NzbDrone.Integration.Test/ApiTests/WantedTests/CutoffUnmetFixture.cs
CSharp,medium,Lidarr-Lidarr.git,a8a87c00d7a5fdb87d09237550368e597a0e9af2,src/NzbDrone.Core/ImportLists/HttpImportListBase.cs,src/NzbDrone.Core/ImportLists/HttpImportListBase.cs
CSharp,medium,Lidarr-Lidarr.git,bed907e720843a506f4cd0742962baf20096b2ea,src/Lidarr.Api.V1/Config/MediaManagementConfigController.cs,src/Lidarr.Api.V1/Config/MediaManagementConfigController.cs
CSharp,medium,Lidarr-Lidarr.git,bed907e720843a506f4cd0742962baf20096b2ea,src/NzbDrone.Core/Configuration/IConfigService.cs,src/NzbDrone.Core/Configuration/IConfigService.cs
CSharp,medium,Lidarr-Lidarr.git,cce7ffa6acb4f09a41ad3fdf513675c13aa68270,src/NzbDrone.Core/Music/Repositories/ArtistRepository.cs,src/NzbDrone.Core/Music/Repositories/ArtistRepository.cs
CSharp,medium,Lidarr-Lidarr.git,d8f79c0189b1b778af9ef270870c8779ba1e90e6,src/NzbDrone.Core.Test/Http/HttpProxySettingsProviderFixture.cs,src/NzbDrone.Core.Test/Http/HttpProxySettingsProviderFixture.cs
CSharp,medium,Lidarr-Lidarr.git,d9bbed68752cc37a0b5beafa9ba3f05c512bb32a,src/Lidarr.Api.V1/System/Plugins/PluginResource.cs,src/Lidarr.Api.V1/System/Plugins/PluginResource.cs
CSharp,medium,Lidarr-Lidarr.git,d9bbed68752cc37a0b5beafa9ba3f05c512bb32a,src/NzbDrone.Core/Plugins/InstallPluginService.cs,src/NzbDrone.Core/Plugins/InstallPluginService.cs
CSharp,medium,Lidarr-Lidarr.git,d9bbed68752cc37a0b5beafa9ba3f05c512bb32a,src/NzbDrone.Core/Plugins/PluginService.cs,src/NzbDrone.Core/Plugins/PluginService.cs
CSharp,medium,Lidarr-Lidarr.git,d9bbed68752cc37a0b5beafa9ba3f05c512bb32a,src/NzbDrone.Integration.Test/ApiTests/PluginFixture.cs,src/NzbDrone.Integration.Test/ApiTests/PluginFixture.cs
CSharp,medium,Lidarr-Lidarr.git,f6a3e7370540cc25caf3aaf0f1c91e7c085585ac,src/NzbDrone.Core/Plugins/InstallPluginService.cs,src/NzbDrone.Core/Plugins/InstallPluginService.cs
CSharp,medium,Lidarr-Lidarr.git,fc1ce0211782f558503c37ffbda12bf8dc095927,src/NzbDrone.Core.Test/MetadataSource/SkyHook/SkyHookProxyFixture.cs,src/NzbDrone.Core.Test/MetadataSource/SkyHook/SkyHookProxyFixture.cs
CSharp,medium,Lidarr-Lidarr.git,fc1ce0211782f558503c37ffbda12bf8dc095927,src/NzbDrone.Core.Test/MetadataSource/SkyHook/SkyHookProxySearchFixture.cs,src/NzbDrone.Core.Test/MetadataSource/SkyHook/SkyHookProxySearchFixture.cs
CSharp,medium,Lidarr-Lidarr.git,fc1ce0211782f558503c37ffbda12bf8dc095927,src/NzbDrone.Integration.Test/ApiTests/ArtistFixture.cs,src/NzbDrone.Integration.Test/ApiTests/ArtistFixture.cs
CSharp,medium,Lidarr-Lidarr.git,fc1ce0211782f558503c37ffbda12bf8dc095927,src/NzbDrone.Integration.Test/ApiTests/ArtistLookupFixture.cs,src/NzbDrone.Integration.Test/ApiTests/ArtistLookupFixture.cs
CSharp,medium,Lidarr-Lidarr.git,fc1ce0211782f558503c37ffbda12bf8dc095927,src/NzbDrone.Integration.Test/ApiTests/BlocklistFixture.cs,src/NzbDrone.Integration.Test/ApiTests/BlocklistFixture.cs
CSharp,medium,Lidarr-Lidarr.git,fc1ce0211782f558503c37ffbda12bf8dc095927,src/NzbDrone.Integration.Test/ApiTests/CalendarFixture.cs,src/NzbDrone.Integration.Test/ApiTests/CalendarFixture.cs
CSharp,medium,Lidarr-Lidarr.git,fc1ce0211782f558503c37ffbda12bf8dc095927,src/NzbDrone.Integration.Test/ApiTests/WantedTests/CutoffUnmetFixture.cs,src/NzbDrone.Integration.Test/ApiTests/WantedTests/CutoffUnmetFixture.cs
CSharp,medium,Lidarr-Lidarr.git,fc1ce0211782f558503c37ffbda12bf8dc095927,src/NzbDrone.Integration.Test/ApiTests/WantedTests/MissingFixture.cs,src/NzbDrone.Integration.Test/ApiTests/WantedTests/MissingFixture.cs
CSharp,medium,Lidarr-Lidarr.git,fcfc60a2763bfb4609b04c2da561bc3b7077016a,src/Lidarr.Api.V1/Blocklist/BlocklistResource.cs,src/Lidarr.Api.V1/Blocklist/BlocklistResource.cs
CSharp,medium,Lidarr-Lidarr.git,fcfc60a2763bfb4609b04c2da561bc3b7077016a,src/Lidarr.Api.V1/Commands/CommandController.cs,src/Lidarr.Api.V1/Commands/CommandController.cs
CSharp,medium,Lidarr-Lidarr.git,fcfc60a2763bfb4609b04c2da561bc3b7077016a,src/Lidarr.Api.V1/DownloadClient/DownloadClientResource.cs,src/Lidarr.Api.V1/DownloadClient/DownloadClientResource.cs
CSharp,medium,Lidarr-Lidarr.git,fcfc60a2763bfb4609b04c2da561bc3b7077016a,src/Lidarr.Api.V1/Indexers/IndexerResource.cs,src/Lidarr.Api.V1/Indexers/IndexerResource.cs
CSharp,medium,Lidarr-Lidarr.git,fcfc60a2763bfb4609b04c2da561bc3b7077016a,src/Lidarr.Api.V1/Indexers/ReleaseResource.cs,src/Lidarr.Api.V1/Indexers/ReleaseResource.cs
CSharp,medium,Lidarr-Lidarr.git,fcfc60a2763bfb4609b04c2da561bc3b7077016a,src/Lidarr.Api.V1/Profiles/Delay/DelayProfileController.cs,src/Lidarr.Api.V1/Profiles/Delay/DelayProfileController.cs
CSharp,medium,Lidarr-Lidarr.git,fcfc60a2763bfb4609b04c2da561bc3b7077016a,src/Lidarr.Api.V1/Profiles/Delay/DelayProfileResource.cs,src/Lidarr.Api.V1/Profiles/Delay/DelayProfileResource.cs
CSharp,medium,Lidarr-Lidarr.git,fcfc60a2763bfb4609b04c2da561bc3b7077016a,src/Lidarr.Api.V1/ProviderResource.cs,src/Lidarr.Api.V1/ProviderResource.cs
CSharp,medium,Lidarr-Lidarr.git,fcfc60a2763bfb4609b04c2da561bc3b7077016a,src/NzbDrone.Common.Test/ServiceFactoryFixture.cs,src/NzbDrone.Common.Test/ServiceFactoryFixture.cs
CSharp,medium,Lidarr-Lidarr.git,fcfc60a2763bfb4609b04c2da561bc3b7077016a,src/NzbDrone.Common/Composition/AssemblyLoader.cs,src/NzbDrone.Common/Composition/AssemblyLoader.cs
CSharp,medium,Lidarr-Lidarr.git,fcfc60a2763bfb4609b04c2da561bc3b7077016a,src/NzbDrone.Common/Composition/Extensions.cs,src/NzbDrone.Common/Composition/Extensions.cs
CSharp,medium,Lidarr-Lidarr.git,fcfc60a2763bfb4609b04c2da561bc3b7077016a,src/NzbDrone.Core.Test/DecisionEngineTests/AlreadyImportedSpecificationFixture.cs,src/NzbDrone.Core.Test/DecisionEngineTests/AlreadyImportedSpecificationFixture.cs
CSharp,medium,Lidarr-Lidarr.git,fcfc60a2763bfb4609b04c2da561bc3b7077016a,src/NzbDrone.Core.Test/DecisionEngineTests/MinimumAgeSpecificationFixture.cs,src/NzbDrone.Core.Test/DecisionEngineTests/MinimumAgeSpecificationFixture.cs
CSharp,medium,Lidarr-Lidarr.git,fcfc60a2763bfb4609b04c2da561bc3b7077016a,src/NzbDrone.Core.Test/DecisionEngineTests/ProtocolSpecificationFixture.cs,src/NzbDrone.Core.Test/DecisionEngineTests/ProtocolSpecificationFixture.cs
CSharp,medium,Lidarr-Lidarr.git,fcfc60a2763bfb4609b04c2da561bc3b7077016a,src/NzbDrone.Core.Test/DecisionEngineTests/RawDiskSpecificationFixture.cs,src/NzbDrone.Core.Test/DecisionEngineTests/RawDiskSpecificationFixture.cs
CSharp,medium,Lidarr-Lidarr.git,fcfc60a2763bfb4609b04c2da561bc3b7077016a,src/NzbDrone.Core.Test/IndexerTests/FileListTests/FileListFixture.cs,src/NzbDrone.Core.Test/IndexerTests/FileListTests/FileListFixture.cs
CSharp,medium,Lidarr-Lidarr.git,fcfc60a2763bfb4609b04c2da561bc3b7077016a,src/NzbDrone.Core.Test/IndexerTests/GazelleTests/GazelleFixture.cs,src/NzbDrone.Core.Test/IndexerTests/GazelleTests/GazelleFixture.cs
CSharp,medium,Lidarr-Lidarr.git,fcfc60a2763bfb4609b04c2da561bc3b7077016a,src/NzbDrone.Core.Test/IndexerTests/HeadphonesTests/HeadphonesFixture.cs,src/NzbDrone.Core.Test/IndexerTests/HeadphonesTests/HeadphonesFixture.cs
CSharp,medium,Lidarr-Lidarr.git,fcfc60a2763bfb4609b04c2da561bc3b7077016a,src/NzbDrone.Core.Test/IndexerTests/IPTorrentsTests/IPTorrentsFixture.cs,src/NzbDrone.Core.Test/IndexerTests/IPTorrentsTests/IPTorrentsFixture.cs
CSharp,medium,Lidarr-Lidarr.git,fcfc60a2763bfb4609b04c2da561bc3b7077016a,src/NzbDrone.Core.Test/IndexerTests/IntegrationTests/IndexerIntegrationTests.cs,src/NzbDrone.Core.Test/IndexerTests/IntegrationTests/IndexerIntegrationTests.cs
CSharp,medium,Lidarr-Lidarr.git,fcfc60a2763bfb4609b04c2da561bc3b7077016a,src/NzbDrone.Core.Test/IndexerTests/NyaaTests/NyaaFixture.cs,src/NzbDrone.Core.Test/IndexerTests/NyaaTests/NyaaFixture.cs
CSharp,medium,Lidarr-Lidarr.git,fcfc60a2763bfb4609b04c2da561bc3b7077016a,src/NzbDrone.Core.Test/IndexerTests/RedactedTests/RedactedFixture.cs,src/NzbDrone.Core.Test/IndexerTests/RedactedTests/RedactedFixture.cs
CSharp,medium,Lidarr-Lidarr.git,fcfc60a2763bfb4609b04c2da561bc3b7077016a,src/NzbDrone.Core.Test/IndexerTests/SeedConfigProviderFixture.cs,src/NzbDrone.Core.Test/IndexerTests/SeedConfigProviderFixture.cs
CSharp,medium,Lidarr-Lidarr.git,fcfc60a2763bfb4609b04c2da561bc3b7077016a,src/NzbDrone.Core.Test/IndexerTests/TorrentleechTests/TorrentleechFixture.cs,src/NzbDrone.Core.Test/IndexerTests/TorrentleechTests/TorrentleechFixture.cs
CSharp,medium,Lidarr-Lidarr.git,fcfc60a2763bfb4609b04c2da561bc3b7077016a,src/NzbDrone.Core.Test/IndexerTests/TorznabTests/TorznabFixture.cs,src/NzbDrone.Core.Test/IndexerTests/TorznabTests/TorznabFixture.cs
CSharp,medium,Lidarr-Lidarr.git,fcfc60a2763bfb4609b04c2da561bc3b7077016a,src/NzbDrone.Core/Blocklisting/BlocklistService.cs,src/NzbDrone.Core/Blocklisting/BlocklistService.cs
CSharp,medium,Lidarr-Lidarr.git,fcfc60a2763bfb4609b04c2da561bc3b7077016a,src/NzbDrone.Core/Datastore/Migration/052_download_history.cs,src/NzbDrone.Core/Datastore/Migration/052_download_history.cs
CSharp,medium,Lidarr-Lidarr.git,fcfc60a2763bfb4609b04c2da561bc3b7077016a,src/NzbDrone.Core/DecisionEngine/Specifications/AlreadyImportedSpecification.cs,src/NzbDrone.Core/DecisionEngine/Specifications/AlreadyImportedSpecification.cs
CSharp,medium,Lidarr-Lidarr.git,fcfc60a2763bfb4609b04c2da561bc3b7077016a,src/NzbDrone.Core/DecisionEngine/Specifications/RetentionSpecification.cs,src/NzbDrone.Core/DecisionEngine/Specifications/RetentionSpecification.cs
CSharp,medium,Lidarr-Lidarr.git,fcfc60a2763bfb4609b04c2da561bc3b7077016a,src/NzbDrone.Core/DecisionEngine/Specifications/RssSync/DelaySpecification.cs,src/NzbDrone.Core/DecisionEngine/Specifications/RssSync/DelaySpecification.cs
CSharp,medium,Lidarr-Lidarr.git,fcfc60a2763bfb4609b04c2da561bc3b7077016a,src/NzbDrone.Core/Download/DownloadClientBase.cs,src/NzbDrone.Core/Download/DownloadClientBase.cs
CSharp,medium,Lidarr-Lidarr.git,fcfc60a2763bfb4609b04c2da561bc3b7077016a,src/NzbDrone.Core/Download/DownloadClientItem.cs,src/NzbDrone.Core/Download/DownloadClientItem.cs
CSharp,medium,Lidarr-Lidarr.git,fcfc60a2763bfb4609b04c2da561bc3b7077016a,src/NzbDrone.Core/Download/History/DownloadHistory.cs,src/NzbDrone.Core/Download/History/DownloadHistory.cs
CSharp,medium,Lidarr-Lidarr.git,fcfc60a2763bfb4609b04c2da561bc3b7077016a,src/NzbDrone.Core/Download/ProcessDownloadDecisions.cs,src/NzbDrone.Core/Download/ProcessDownloadDecisions.cs
CSharp,medium,Lidarr-Lidarr.git,fcfc60a2763bfb4609b04c2da561bc3b7077016a,src/NzbDrone.Core/Download/TrackedDownloads/TrackedDownload.cs,src/NzbDrone.Core/Download/TrackedDownloads/TrackedDownload.cs
CSharp,medium,Lidarr-Lidarr.git,fcfc60a2763bfb4609b04c2da561bc3b7077016a,src/NzbDrone.Core/Indexers/Gazelle/Gazelle.cs,src/NzbDrone.Core/Indexers/Gazelle/Gazelle.cs
CSharp,medium,Lidarr-Lidarr.git,fcfc60a2763bfb4609b04c2da561bc3b7077016a,src/NzbDrone.Core/Indexers/Headphones/Headphones.cs,src/NzbDrone.Core/Indexers/Headphones/Headphones.cs
CSharp,medium,Lidarr-Lidarr.git,fcfc60a2763bfb4609b04c2da561bc3b7077016a,src/NzbDrone.Core/Indexers/IPTorrents/IPTorrents.cs,src/NzbDrone.Core/Indexers/IPTorrents/IPTorrents.cs
CSharp,medium,Lidarr-Lidarr.git,fcfc60a2763bfb4609b04c2da561bc3b7077016a,src/NzbDrone.Core/Indexers/IndexerBase.cs,src/NzbDrone.Core/Indexers/IndexerBase.cs
CSharp,medium,Lidarr-Lidarr.git,fcfc60a2763bfb4609b04c2da561bc3b7077016a,src/NzbDrone.Core/Indexers/Newznab/Newznab.cs,src/NzbDrone.Core/Indexers/Newznab/Newznab.cs
CSharp,medium,Lidarr-Lidarr.git,fcfc60a2763bfb4609b04c2da561bc3b7077016a,src/NzbDrone.Core/Indexers/Nyaa/Nyaa.cs,src/NzbDrone.Core/Indexers/Nyaa/Nyaa.cs
CSharp,medium,Lidarr-Lidarr.git,fcfc60a2763bfb4609b04c2da561bc3b7077016a,src/NzbDrone.Core/Indexers/Redacted/Redacted.cs,src/NzbDrone.Core/Indexers/Redacted/Redacted.cs
CSharp,medium,Lidarr-Lidarr.git,fcfc60a2763bfb4609b04c2da561bc3b7077016a,src/NzbDrone.Core/Indexers/SeedConfigProvider.cs,src/NzbDrone.Core/Indexers/SeedConfigProvider.cs
CSharp,medium,Lidarr-Lidarr.git,fcfc60a2763bfb4609b04c2da561bc3b7077016a,src/NzbDrone.Core/Indexers/Torrentleech/Torrentleech.cs,src/NzbDrone.Core/Indexers/Torrentleech/Torrentleech.cs
CSharp,medium,Lidarr-Lidarr.git,fcfc60a2763bfb4609b04c2da561bc3b7077016a,src/NzbDrone.Core/Indexers/Torznab/Torznab.cs,src/NzbDrone.Core/Indexers/Torznab/Torznab.cs
CSharp,medium,Lidarr-Lidarr.git,fcfc60a2763bfb4609b04c2da561bc3b7077016a,src/NzbDrone.Core/Parser/Model/ReleaseInfo.cs,src/NzbDrone.Core/Parser/Model/ReleaseInfo.cs
CSharp,medium,Lidarr-Lidarr.git,fcfc60a2763bfb4609b04c2da561bc3b7077016a,src/NzbDrone.Core/Profiles/Delay/DelayProfile.cs,src/NzbDrone.Core/Profiles/Delay/DelayProfile.cs
CSharp,medium,Lidarr-Lidarr.git,fcfc60a2763bfb4609b04c2da561bc3b7077016a,src/NzbDrone.Core/ThingiProvider/ProviderRepository.cs,src/NzbDrone.Core/ThingiProvider/ProviderRepository.cs
CSharp,medium,Lidarr-Lidarr.git,fcfc60a2763bfb4609b04c2da561bc3b7077016a,src/NzbDrone.Host.Test/ContainerFixture.cs,src/NzbDrone.Host.Test/ContainerFixture.cs
CSharp,medium,Lidarr-Lidarr.git,fcfc60a2763bfb4609b04c2da561bc3b7077016a,src/NzbDrone.Update/UpdateApp.cs,src/NzbDrone.Update/UpdateApp.cs
CSharp,medium,Radarr-Radarr.git,0297dba7f9024398550f22a4f1739aa2d60897e8,src/NzbDrone.Common/EnvironmentInfo/AppFolderFactory.cs,src/NzbDrone.Common/EnvironmentInfo/AppFolderFactory.cs
CSharp,medium,Radarr-Radarr.git,0e2e7e4259122ed2cffddb902d758210cfd5ba95,src/NzbDrone.Core/MediaFiles/RenameMovieFileService.cs,src/NzbDrone.Core/MediaFiles/RenameMovieFileService.cs
CSharp,medium,Radarr-Radarr.git,110a338fb6e5c2581ccdc1b29669368613f08d5c,src/NzbDrone.Core/ImportLists/TMDb/List/TMDbListRequestGenerator.cs,src/NzbDrone.Core/ImportLists/TMDb/List/TMDbListRequestGenerator.cs
CSharp,medium,Radarr-Radarr.git,110a338fb6e5c2581ccdc1b29669368613f08d5c,src/NzbDrone.Core/ImportLists/TMDb/Popular/TMDbPopularRequestGenerator.cs,src/NzbDrone.Core/ImportLists/TMDb/Popular/TMDbPopularRequestGenerator.cs
CSharp,medium,Radarr-Radarr.git,110a338fb6e5c2581ccdc1b29669368613f08d5c,src/NzbDrone.Core/ImportLists/TMDb/TMDbImportBase.cs,src/NzbDrone.Core/ImportLists/TMDb/TMDbImportBase.cs
CSharp,medium,Radarr-Radarr.git,110a338fb6e5c2581ccdc1b29669368613f08d5c,src/NzbDrone.Core/ImportLists/TMDb/User/TMDbUserRequestGenerator.cs,src/NzbDrone.Core/ImportLists/TMDb/User/TMDbUserRequestGenerator.cs
CSharp,medium,Radarr-Radarr.git,16308e4b1c5b87e51cf3d5b51f27b550a89d6ce1,src/NzbDrone.Core/MediaFiles/MediaInfo/MediaInfoFormatter.cs,src/NzbDrone.Core/MediaFiles/MediaInfo/MediaInfoFormatter.cs
CSharp,medium,Radarr-Radarr.git,1e06fc5b431fdc804b3a775bd33a11e09ba7b634,src/NzbDrone.Core.Test/Http/HttpProxySettingsProviderFixture.cs,src/NzbDrone.Core.Test/Http/HttpProxySettingsProviderFixture.cs
CSharp,medium,Radarr-Radarr.git,2235823af313ea1f39fd1189b69a75fc5d380c41,src/Radarr.Http/Authentication/ApiKeyAuthenticationHandler.cs,src/Radarr.Http/Authentication/ApiKeyAuthenticationHandler.cs
CSharp,medium,Radarr-Radarr.git,2235823af313ea1f39fd1189b69a75fc5d380c41,src/Radarr.Http/Authentication/BasicAuthenticationHandler.cs,src/Radarr.Http/Authentication/BasicAuthenticationHandler.cs
CSharp,medium,Radarr-Radarr.git,2a886fb26a70b4d48a4ad08d7ee23e5e4d81f522,src/NzbDrone.Common/EnvironmentInfo/AppFolderFactory.cs,src/NzbDrone.Common/EnvironmentInfo/AppFolderFactory.cs
CSharp,medium,Radarr-Radarr.git,3fcbaf9259945d5f46d98c08ed8a0a003544d976,src/Radarr.Http/Authentication/AuthenticationService.cs,src/Radarr.Http/Authentication/AuthenticationService.cs
CSharp,medium,Radarr-Radarr.git,4c007291833246d3ed78e6f396fc7e60cc9ca70c,src/NzbDrone.Core.Test/OrganizerTests/GetMovieFolderFixture.cs,src/NzbDrone.Core.Test/OrganizerTests/GetMovieFolderFixture.cs
CSharp,medium,Radarr-Radarr.git,554a54b0093d0ce3071a8f82cc6dea9271832f8c,src/NzbDrone.Common/EnvironmentInfo/AppFolderFactory.cs,src/NzbDrone.Common/EnvironmentInfo/AppFolderFactory.cs
CSharp,medium,Radarr-Radarr.git,5767e181b7637291537db461a6a2b9f7ea463291,src/NzbDrone.Core/DecisionEngine/DownloadDecisionMaker.cs,src/NzbDrone.Core/DecisionEngine/DownloadDecisionMaker.cs
CSharp,medium,Radarr-Radarr.git,62a05e2765ee603fa1a48806f1f20ccc936d8b8c,src/Radarr.Api.V3/Tags/TagController.cs,src/Radarr.Api.V3/Tags/TagController.cs
CSharp,medium,Radarr-Radarr.git,64b2a10b3f538668c9a41493eb5bc52d2cb814af,src/NzbDrone.Core/Parser/ReleaseGroupParser.cs,src/NzbDrone.Core/Parser/ReleaseGroupParser.cs
CSharp,medium,Radarr-Radarr.git,6bdbc9c600eb21e9f92bda0a429f939d278d77e8,src/NzbDrone.Core.Test/ParserTests/UrlFixture.cs,src/NzbDrone.Core.Test/ParserTests/UrlFixture.cs
CSharp,medium,Radarr-Radarr.git,6bdbc9c600eb21e9f92bda0a429f939d278d77e8,src/NzbDrone.Core/MediaFiles/FileExtensions.cs,src/NzbDrone.Core/MediaFiles/FileExtensions.cs
CSharp,medium,Radarr-Radarr.git,6bdbc9c600eb21e9f92bda0a429f939d278d77e8,src/NzbDrone.Core/MediaFiles/MediaInfo/MediaInfoFormatter.cs,src/NzbDrone.Core/MediaFiles/MediaInfo/MediaInfoFormatter.cs
CSharp,medium,Radarr-Radarr.git,6bdbc9c600eb21e9f92bda0a429f939d278d77e8,src/NzbDrone.Core/MediaFiles/MovieImport/SceneNameCalculator.cs,src/NzbDrone.Core/MediaFiles/MovieImport/SceneNameCalculator.cs
CSharp,medium,Radarr-Radarr.git,787c387036e262c7c6919d3d62d008454e89f4e8,src/Radarr.Api.V3/ManualImport/ManualImportController.cs,src/Radarr.Api.V3/ManualImport/ManualImportController.cs
CSharp,medium,Radarr-Radarr.git,8000abc2be7f7b207dd1ce098f959ab5c97c912e,src/Radarr.Http/Authentication/AuthenticationBuilderExtensions.cs,src/Radarr.Http/Authentication/AuthenticationBuilderExtensions.cs
CSharp,medium,Radarr-Radarr.git,8000abc2be7f7b207dd1ce098f959ab5c97c912e,src/Radarr.Http/Authentication/UiAuthorizationPolicyProvider.cs,src/Radarr.Http/Authentication/UiAuthorizationPolicyProvider.cs
CSharp,medium,Radarr-Radarr.git,8bef9b4da790da54b43708716de8f481bfb1b61a,src/NzbDrone.Core/Notifications/Pushcut/PushcutProxy.cs,src/NzbDrone.Core/Notifications/Pushcut/PushcutProxy.cs
CSharp,medium,Radarr-Radarr.git,8bef9b4da790da54b43708716de8f481bfb1b61a,src/NzbDrone.Core/Notifications/Pushcut/PushcutSettings.cs,src/NzbDrone.Core/Notifications/Pushcut/PushcutSettings.cs
CSharp,medium,Radarr-Radarr.git,8c94581cb6267a846ebdae5f2659e541c0e5b72d,src/NzbDrone.Core/Parser/ReleaseGroupParser.cs,src/NzbDrone.Core/Parser/ReleaseGroupParser.cs
CSharp,medium,Radarr-Radarr.git,949922b9a1873dc228c0693eea63af6f8c854f0d,src/NzbDrone.Core/Notifications/Pushover/PushoverProxy.cs,src/NzbDrone.Core/Notifications/Pushover/PushoverProxy.cs
CSharp,medium,Radarr-Radarr.git,949922b9a1873dc228c0693eea63af6f8c854f0d,src/NzbDrone.Core/Notifications/Pushover/PushoverSettings.cs,src/NzbDrone.Core/Notifications/Pushover/PushoverSettings.cs
CSharp,medium,Radarr-Radarr.git,9906b95893660a929cb9fd1393e28f09d8ada354,src/NzbDrone.Core/Parser/ReleaseGroupParser.cs,src/NzbDrone.Core/Parser/ReleaseGroupParser.cs
CSharp,medium,Radarr-Radarr.git,a12683502849fdc739b0e41505905a38aa416e90,src/NzbDrone.Core/Parser/ReleaseGroupParser.cs,src/NzbDrone.Core/Parser/ReleaseGroupParser.cs
CSharp,medium,Radarr-Radarr.git,b59ff0a3b131d842266b5958bc9977dc87e0220d,src/NzbDrone.Core.Test/Http/HttpProxySettingsProviderFixture.cs,src/NzbDrone.Core.Test/Http/HttpProxySettingsProviderFixture.cs
CSharp,medium,Radarr-Radarr.git,b6b7f1383985952c4873db961d3133112e23eb1e,src/NzbDrone.Core/Movies/ShouldRefreshMovie.cs,src/NzbDrone.Core/Movies/ShouldRefreshMovie.cs
CSharp,medium,Radarr-Radarr.git,bb6713f1d22d323084c139b9932401d8b76ecc51,src/NzbDrone.Core/ImportLists/RadarrList2/IMDb/IMDbListImport.cs,src/NzbDrone.Core/ImportLists/RadarrList2/IMDb/IMDbListImport.cs
CSharp,medium,Radarr-Radarr.git,bb6713f1d22d323084c139b9932401d8b76ecc51,src/NzbDrone.Core/ImportLists/RadarrList2/IMDb/IMDbListParser.cs,src/NzbDrone.Core/ImportLists/RadarrList2/IMDb/IMDbListParser.cs
CSharp,medium,Radarr-Radarr.git,bb6713f1d22d323084c139b9932401d8b76ecc51,src/NzbDrone.Core/ImportLists/RadarrList2/IMDb/IMDbListRequestGenerator.cs,src/NzbDrone.Core/ImportLists/RadarrList2/IMDb/IMDbListRequestGenerator.cs
CSharp,medium,Radarr-Radarr.git,c991a8927d387590c766c4da69db7d36a20d68b6,src/NzbDrone.Core/Datastore/Migration/000_database_engine_version_check.cs,src/NzbDrone.Core/Datastore/Migration/000_database_engine_version_check.cs
CSharp,medium,Radarr-Radarr.git,c991a8927d387590c766c4da69db7d36a20d68b6,src/NzbDrone.Core/Datastore/Migration/137_add_import_exclusions_table.cs,src/NzbDrone.Core/Datastore/Migration/137_add_import_exclusions_table.cs
CSharp,medium,Radarr-Radarr.git,c991a8927d387590c766c4da69db7d36a20d68b6,src/NzbDrone.Core/Datastore/Migration/Framework/MigrationController.cs,src/NzbDrone.Core/Datastore/Migration/Framework/MigrationController.cs
CSharp,medium,Radarr-Radarr.git,c991a8927d387590c766c4da69db7d36a20d68b6,src/NzbDrone.Core/Datastore/Migration/Framework/MigrationExtension.cs,src/NzbDrone.Core/Datastore/Migration/Framework/MigrationExtension.cs
CSharp,medium,Radarr-Radarr.git,d38492188a55f98bbada1d9e1acff0dc6281435f,src/NzbDrone.Core.Test/Languages/LanguageFixture.cs,src/NzbDrone.Core.Test/Languages/LanguageFixture.cs
CSharp,medium,Radarr-Radarr.git,d38492188a55f98bbada1d9e1acff0dc6281435f,src/NzbDrone.Core.Test/ParserTests/IsoLanguagesFixture.cs,src/NzbDrone.Core.Test/ParserTests/IsoLanguagesFixture.cs
CSharp,medium,Radarr-Radarr.git,d38492188a55f98bbada1d9e1acff0dc6281435f,src/NzbDrone.Core/ImportLists/TMDb/TMDbLanguageCodes.cs,src/NzbDrone.Core/ImportLists/TMDb/TMDbLanguageCodes.cs
CSharp,medium,Radarr-Radarr.git,d38492188a55f98bbada1d9e1acff0dc6281435f,src/NzbDrone.Core/Parser/IsoLanguages.cs,src/NzbDrone.Core/Parser/IsoLanguages.cs
CSharp,medium,Radarr-Radarr.git,d478b404dff9b6fca1281841aac21f24c58dbadc,src/Radarr.Http/Authentication/AuthenticationBuilderExtensions.cs,src/Radarr.Http/Authentication/AuthenticationBuilderExtensions.cs
CSharp,medium,Radarr-Radarr.git,e29be26fc9a5570bdf37a1b9504b3c0162be7715,src/NzbDrone.Core/Organizer/FileNameValidation.cs,src/NzbDrone.Core/Organizer/FileNameValidation.cs
CSharp,medium,Radarr-Radarr.git,e63691935dd92c23624b291a450de051e224d6c3,src/NzbDrone.Core/Indexers/TorrentRssParser.cs,src/NzbDrone.Core/Indexers/TorrentRssParser.cs
CSharp,medium,Radarr-Radarr.git,f04bff8e911ff960ff2a6ca10bcc271ef17dacd1,src/NzbDrone.Core/HealthCheck/Checks/NamingConfigCheck.cs,src/NzbDrone.Core/HealthCheck/Checks/NamingConfigCheck.cs
CSharp,medium,Radarr-Radarr.git,f04bff8e911ff960ff2a6ca10bcc271ef17dacd1,src/NzbDrone.Core/Organizer/FileNameValidation.cs,src/NzbDrone.Core/Organizer/FileNameValidation.cs
CSharp,medium,Sonarr-Sonarr.git,0d80c093ffd4f07bd46249ab7d48a9e5272fda62,src/NzbDrone.Core/Notifications/CustomScript/CustomScriptSettings.cs,src/NzbDrone.Core/Notifications/CustomScript/CustomScriptSettings.cs
CSharp,medium,Sonarr-Sonarr.git,0ddc2a34e50a199e2dbe148c41de9a2a3a8c14a5,src/Sonarr.Api.V3/Config/NamingConfigController.cs,src/Sonarr.Api.V3/Config/NamingConfigController.cs
CSharp,medium,Sonarr-Sonarr.git,107e474f9c4c3be14db03f95ffaa22c46246a191,src/NzbDrone.Core.Test/ParserTests/HashedReleaseFixture.cs,src/NzbDrone.Core.Test/ParserTests/HashedReleaseFixture.cs
CSharp,medium,Sonarr-Sonarr.git,12ed8cdc26f4af24c369fd806d7886007ce32407,src/NzbDrone.Core/Datastore/ConnectionStringFactory.cs,src/NzbDrone.Core/Datastore/ConnectionStringFactory.cs
CSharp,medium,Sonarr-Sonarr.git,164441965c6dda985523c85ce272f958defc32a8,src/NzbDrone.Core/Profiles/Releases/ReleaseProfileService.cs,src/NzbDrone.Core/Profiles/Releases/ReleaseProfileService.cs
CSharp,medium,Sonarr-Sonarr.git,164441965c6dda985523c85ce272f958defc32a8,src/Sonarr.Api.V3/Profiles/Release/ReleaseProfileController.cs,src/Sonarr.Api.V3/Profiles/Release/ReleaseProfileController.cs
CSharp,medium,Sonarr-Sonarr.git,164441965c6dda985523c85ce272f958defc32a8,src/Sonarr.Api.V3/Profiles/Release/ReleaseProfileResource.cs,src/Sonarr.Api.V3/Profiles/Release/ReleaseProfileResource.cs
CSharp,medium,Sonarr-Sonarr.git,164441965c6dda985523c85ce272f958defc32a8,src/Sonarr.Api.V5/Profiles/Release/ReleaseProfileController.cs,src/Sonarr.Api.V5/Profiles/Release/ReleaseProfileController.cs
CSharp,medium,Sonarr-Sonarr.git,164441965c6dda985523c85ce272f958defc32a8,src/Sonarr.Api.V5/Profiles/Release/ReleaseProfileResource.cs,src/Sonarr.Api.V5/Profiles/Release/ReleaseProfileResource.cs
CSharp,medium,Sonarr-Sonarr.git,1d8da79172d8f9a8f0614872ae44270b0a6fb958,src/Sonarr.Api.V5/Settings/SettingsController.cs,src/Sonarr.Api.V5/Settings/SettingsController.cs
CSharp,medium,Sonarr-Sonarr.git,1d8da79172d8f9a8f0614872ae44270b0a6fb958,src/Sonarr.Api.V5/Settings/UiSettingsResource.cs,src/Sonarr.Api.V5/Settings/UiSettingsResource.cs
CSharp,medium,Sonarr-Sonarr.git,399ca1661fccfd38723caf4ec79f8775751426ac,src/Sonarr.Api.V5/Commands/CommandController.cs,src/Sonarr.Api.V5/Commands/CommandController.cs
CSharp,medium,Sonarr-Sonarr.git,6a6639105ededc4d24ebc963bb8be4e677792a0d,src/NzbDrone.Core/Download/Clients/QBittorrent/QBittorrentSettings.cs,src/NzbDrone.Core/Download/Clients/QBittorrent/QBittorrentSettings.cs
CSharp,medium,Sonarr-Sonarr.git,6cd1ab3764587f1a6784f0d46efc2fc749149056,src/NzbDrone.Common/EnvironmentInfo/OsInfo.cs,src/NzbDrone.Common/EnvironmentInfo/OsInfo.cs
CSharp,medium,Sonarr-Sonarr.git,6cd1ab3764587f1a6784f0d46efc2fc749149056,src/NzbDrone.Common/EnvironmentInfo/RuntimeInfo.cs,src/NzbDrone.Common/EnvironmentInfo/RuntimeInfo.cs
CSharp,medium,Sonarr-Sonarr.git,6cd1ab3764587f1a6784f0d46efc2fc749149056,src/NzbDrone.Core/Lifecycle/LifecycleService.cs,src/NzbDrone.Core/Lifecycle/LifecycleService.cs
CSharp,medium,Sonarr-Sonarr.git,6cd1ab3764587f1a6784f0d46efc2fc749149056,src/NzbDrone.Core/Messaging/Events/EventAggregator.cs,src/NzbDrone.Core/Messaging/Events/EventAggregator.cs
CSharp,medium,Sonarr-Sonarr.git,6cd1ab3764587f1a6784f0d46efc2fc749149056,src/Sonarr.Api.V3/System/SystemController.cs,src/Sonarr.Api.V3/System/SystemController.cs
CSharp,medium,Sonarr-Sonarr.git,6cd1ab3764587f1a6784f0d46efc2fc749149056,src/Sonarr.Api.V3/System/SystemResource.cs,src/Sonarr.Api.V3/System/SystemResource.cs
CSharp,medium,Sonarr-Sonarr.git,8fa16e35425eefe705af951d57c27e8db4d64803,src/NzbDrone.Core/DecisionEngine/DownloadRejectionReason.cs,src/NzbDrone.Core/DecisionEngine/DownloadRejectionReason.cs
CSharp,medium,Sonarr-Sonarr.git,8fa16e35425eefe705af951d57c27e8db4d64803,src/NzbDrone.Core/Profiles/Releases/ReleaseProfile.cs,src/NzbDrone.Core/Profiles/Releases/ReleaseProfile.cs
CSharp,medium,Sonarr-Sonarr.git,8fa16e35425eefe705af951d57c27e8db4d64803,src/Sonarr.Api.V3/Profiles/Release/ReleaseProfileResource.cs,src/Sonarr.Api.V3/Profiles/Release/ReleaseProfileResource.cs
CSharp,medium,Sonarr-Sonarr.git,8fa16e35425eefe705af951d57c27e8db4d64803,src/Sonarr.Api.V5/Profiles/Release/ReleaseProfileController.cs,src/Sonarr.Api.V5/Profiles/Release/ReleaseProfileController.cs
CSharp,medium,Sonarr-Sonarr.git,91f1b672c5cb3f92411bf322c7516bd264500315,src/Sonarr.Http/Frontend/Mappers/IndexHtmlMapper.cs,src/Sonarr.Http/Frontend/Mappers/IndexHtmlMapper.cs
CSharp,medium,Sonarr-Sonarr.git,a466a94d4df777aeec730837cb60025be74206ec,src/NzbDrone.Core/Parser/ReleaseGroupParser.cs,src/NzbDrone.Core/Parser/ReleaseGroupParser.cs
CSharp,medium,Sonarr-Sonarr.git,b16743bddaa0406144d0213b0a62aed6ac2e2148,src/NzbDrone.Core/Parser/ReleaseGroupParser.cs,src/NzbDrone.Core/Parser/ReleaseGroupParser.cs
CSharp,medium,Sonarr-Sonarr.git,b2f2c21a61eea3eec213af045853b5a5d27a754f,src/NzbDrone.Core/Download/DownloadClientFactory.cs,src/NzbDrone.Core/Download/DownloadClientFactory.cs
CSharp,medium,Sonarr-Sonarr.git,b2f2c21a61eea3eec213af045853b5a5d27a754f,src/Sonarr.Api.V3/Indexers/ReleasePushController.cs,src/Sonarr.Api.V3/Indexers/ReleasePushController.cs
CSharp,medium,Sonarr-Sonarr.git,b94cf9b3b9835d2ade7948b32b07a05a25fdf740,src/NzbDrone.Core.Test/IndexerSearchTests/SeriesSearchServiceFixture.cs,src/NzbDrone.Core.Test/IndexerSearchTests/SeriesSearchServiceFixture.cs
CSharp,medium,Sonarr-Sonarr.git,b94cf9b3b9835d2ade7948b32b07a05a25fdf740,src/NzbDrone.Core/IndexerSearch/SeriesSearchService.cs,src/NzbDrone.Core/IndexerSearch/SeriesSearchService.cs
CSharp,medium,Sonarr-Sonarr.git,bee7e4325f8d3c79572f2a088e661d2133f15158,src/NzbDrone.Core/Parser/ReleaseGroupParser.cs,src/NzbDrone.Core/Parser/ReleaseGroupParser.cs
CSharp,medium,Sonarr-Sonarr.git,c3706c3c92a455441f95bad2de4c86bceb8fcaf1,src/NzbDrone.Core/Datastore/Database.cs,src/NzbDrone.Core/Datastore/Database.cs
CSharp,medium,Sonarr-Sonarr.git,c3706c3c92a455441f95bad2de4c86bceb8fcaf1,src/Sonarr.Http/Frontend/Mappers/IndexHtmlMapper.cs,src/Sonarr.Http/Frontend/Mappers/IndexHtmlMapper.cs
CSharp,medium,Sonarr-Sonarr.git,c3706c3c92a455441f95bad2de4c86bceb8fcaf1,src/Sonarr.Http/Frontend/Mappers/MediaCoverProxyMapper.cs,src/Sonarr.Http/Frontend/Mappers/MediaCoverProxyMapper.cs
CSharp,medium,Sonarr-Sonarr.git,c3706c3c92a455441f95bad2de4c86bceb8fcaf1,src/Sonarr.Http/Frontend/Mappers/StaticResourceMapperBase.cs,src/Sonarr.Http/Frontend/Mappers/StaticResourceMapperBase.cs
CSharp,medium,Sonarr-Sonarr.git,c3706c3c92a455441f95bad2de4c86bceb8fcaf1,src/Sonarr.Http/Frontend/Mappers/UrlBaseReplacementResourceMapperBase.cs,src/Sonarr.Http/Frontend/Mappers/UrlBaseReplacementResourceMapperBase.cs
CSharp,medium,Sonarr-Sonarr.git,c3706c3c92a455441f95bad2de4c86bceb8fcaf1,src/Sonarr.Http/Frontend/StaticResourceController.cs,src/Sonarr.Http/Frontend/StaticResourceController.cs
CSharp,medium,Sonarr-Sonarr.git,c70de927a5113a3029478c539ca0f7f3095e07e9,src/NzbDrone.Core/Datastore/Migration/Framework/SqliteSchemaDumper.cs,src/NzbDrone.Core/Datastore/Migration/Framework/SqliteSchemaDumper.cs
CSharp,medium,Sonarr-Sonarr.git,d8698d1c28c393d4666af707bb806f687ae4c631,src/NzbDrone.Core/Notifications/Plex/Server/PlexServerService.cs,src/NzbDrone.Core/Notifications/Plex/Server/PlexServerService.cs
CSharp,medium,Sonarr-Sonarr.git,f3b39ba4f7abd8e454c16d0469086c09f66aff6f,src/NzbDrone.Core.Test/MediaFiles/EpisodeImport/Aggregation/Aggregators/Augmenters/Language/AugmentLanguageFromMediaInfoFixture.cs,src/NzbDrone.Core.Test/MediaFiles/EpisodeImport/Aggregation/Aggregators/Augmenters/Language/AugmentLanguageFromMediaInfoFixture.cs
CSharp,medium,Sonarr-Sonarr.git,f3b39ba4f7abd8e454c16d0469086c09f66aff6f,src/NzbDrone.Core.Test/MediaFiles/EpisodeImport/Specifications/HasAudioTrackSpecificationFixture.cs,src/NzbDrone.Core.Test/MediaFiles/EpisodeImport/Specifications/HasAudioTrackSpecificationFixture.cs
CSharp,medium,Sonarr-Sonarr.git,f3b39ba4f7abd8e454c16d0469086c09f66aff6f,src/NzbDrone.Core.Test/MediaFiles/MediaInfo/MediaInfoFormatterTests/FormatAudioCodecFixture.cs,src/NzbDrone.Core.Test/MediaFiles/MediaInfo/MediaInfoFormatterTests/FormatAudioCodecFixture.cs
CSharp,medium,Sonarr-Sonarr.git,f3b39ba4f7abd8e454c16d0469086c09f66aff6f,src/NzbDrone.Core.Test/MediaFiles/MediaInfo/VideoFileInfoReaderFixture.cs,src/NzbDrone.Core.Test/MediaFiles/MediaInfo/VideoFileInfoReaderFixture.cs
CSharp,medium,Sonarr-Sonarr.git,f3b39ba4f7abd8e454c16d0469086c09f66aff6f,src/NzbDrone.Core/MediaFiles/EpisodeImport/Aggregation/Aggregators/Augmenters/Language/AugmentLanguageFromMediaInfo.cs,src/NzbDrone.Core/MediaFiles/EpisodeImport/Aggregation/Aggregators/Augmenters/Language/AugmentLanguageFromMediaInfo.cs
CSharp,medium,Sonarr-Sonarr.git,f3b39ba4f7abd8e454c16d0469086c09f66aff6f,src/NzbDrone.Core/MediaFiles/EpisodeImport/Specifications/HasAudioTrackSpecification.cs,src/NzbDrone.Core/MediaFiles/EpisodeImport/Specifications/HasAudioTrackSpecification.cs
CSharp,medium,Sonarr-Sonarr.git,f3b39ba4f7abd8e454c16d0469086c09f66aff6f,src/NzbDrone.Core/MediaFiles/MediaInfo/MediaInfoModel.cs,src/NzbDrone.Core/MediaFiles/MediaInfo/MediaInfoModel.cs
CSharp,medium,Sonarr-Sonarr.git,f3b39ba4f7abd8e454c16d0469086c09f66aff6f,src/NzbDrone.Core/Notifications/Webhook/WebhookEpisodeFileMediaInfo.cs,src/NzbDrone.Core/Notifications/Webhook/WebhookEpisodeFileMediaInfo.cs
CSharp,medium,Sonarr-Sonarr.git,f3b39ba4f7abd8e454c16d0469086c09f66aff6f,src/Sonarr.Api.V3/EpisodeFiles/MediaInfoResource.cs,src/Sonarr.Api.V3/EpisodeFiles/MediaInfoResource.cs
CSharp,medium,Sonarr-Sonarr.git,fdda9abcbbce7de7e1c213dd7e524201fa53f319,src/NzbDrone.Core/Indexers/Newznab/Newznab.cs,src/NzbDrone.Core/Indexers/Newznab/Newznab.cs
CSharp,medium,Sonarr-Sonarr.git,fdda9abcbbce7de7e1c213dd7e524201fa53f319,src/NzbDrone.Core/Indexers/Torznab/Torznab.cs,src/NzbDrone.Core/Indexers/Torznab/Torznab.cs
CSharp,medium,jellyfin-jellyfin.git,0c274af72c1d223c0fea7f4f4ac99e04f1e1e904,Emby.Server.Implementations/Library/IgnorePatterns.cs,Emby.Server.Implementations/Library/IgnorePatterns.cs
CSharp,medium,jellyfin-jellyfin.git,0c274af72c1d223c0fea7f4f4ac99e04f1e1e904,tests/Jellyfin.Server.Implementations.Tests/Library/IgnorePatternsTests.cs,tests/Jellyfin.Server.Implementations.Tests/Library/IgnorePatternsTests.cs
CSharp,medium,jellyfin-jellyfin.git,37b50fe13c689e8fb89288da12f79bf7164e1194,tests/Jellyfin.Model.Tests/Dlna/StreamInfoTests.cs,tests/Jellyfin.Model.Tests/Dlna/StreamInfoTests.cs
CSharp,medium,jellyfin-jellyfin.git,4c751e0a86d805314023b8a750e675f5131ee613,Jellyfin.Server.Implementations/Item/PeopleRepository.cs,Jellyfin.Server.Implementations/Item/PeopleRepository.cs
CSharp,medium,jellyfin-jellyfin.git,7b10888c95c814af342926269403b93677760042,MediaBrowser.Providers/Plugins/Tmdb/TmdbUtils.cs,MediaBrowser.Providers/Plugins/Tmdb/TmdbUtils.cs
CSharp,medium,jellyfin-jellyfin.git,8083ab78b558e4081caf4fd321e5ad8f74844f3e,tests/Jellyfin.Server.Implementations.Tests/Library/PathExtensionsTests.cs,tests/Jellyfin.Server.Implementations.Tests/Library/PathExtensionsTests.cs
CSharp,medium,jellyfin-jellyfin.git,841e4dabb513c9c94bcbb0005d19e2a8be6434a5,Jellyfin.Api/WebSocketListeners/SessionInfoWebSocketListener.cs,Jellyfin.Api/WebSocketListeners/SessionInfoWebSocketListener.cs
CSharp,medium,jellyfin-jellyfin.git,874fd9ac0a2410dd49b01087610b52942d8614a7,Jellyfin.Api/Controllers/EnvironmentController.cs,Jellyfin.Api/Controllers/EnvironmentController.cs
CSharp,medium,jellyfin-jellyfin.git,874fd9ac0a2410dd49b01087610b52942d8614a7,Jellyfin.Api/Controllers/QuickConnectController.cs,Jellyfin.Api/Controllers/QuickConnectController.cs
CSharp,medium,jellyfin-jellyfin.git,94dcaf2ea24e428f2957674ac46b864625782194,Jellyfin.Server/Extensions/ApiApplicationBuilderExtensions.cs,Jellyfin.Server/Extensions/ApiApplicationBuilderExtensions.cs
CSharp,medium,jellyfin-jellyfin.git,94dcaf2ea24e428f2957674ac46b864625782194,Jellyfin.Server/Filters/FlagsEnumSchemaFilter.cs,Jellyfin.Server/Filters/FlagsEnumSchemaFilter.cs
CSharp,medium,jellyfin-jellyfin.git,94dcaf2ea24e428f2957674ac46b864625782194,Jellyfin.Server/Filters/IgnoreEnumSchemaFilter.cs,Jellyfin.Server/Filters/IgnoreEnumSchemaFilter.cs
CSharp,medium,jellyfin-jellyfin.git,94dcaf2ea24e428f2957674ac46b864625782194,Jellyfin.Server/Filters/ParameterObsoleteFilter.cs,Jellyfin.Server/Filters/ParameterObsoleteFilter.cs
CSharp,medium,jellyfin-jellyfin.git,94dcaf2ea24e428f2957674ac46b864625782194,Jellyfin.Server/Filters/RetryOnTemporarilyUnavailableFilter.cs,Jellyfin.Server/Filters/RetryOnTemporarilyUnavailableFilter.cs
CSharp,medium,jellyfin-jellyfin.git,94dcaf2ea24e428f2957674ac46b864625782194,Jellyfin.Server/Filters/SecurityRequirementsOperationFilter.cs,Jellyfin.Server/Filters/SecurityRequirementsOperationFilter.cs
CSharp,medium,jellyfin-jellyfin.git,b346370dfcaa7a16cc9e292ba1c1b7e43e945783,Emby.Naming/TV/TvParserHelpers.cs,Emby.Naming/TV/TvParserHelpers.cs
CSharp,medium,jellyfin-jellyfin.git,b346370dfcaa7a16cc9e292ba1c1b7e43e945783,MediaBrowser.Model/Providers/RemoteSearchResult.cs,MediaBrowser.Model/Providers/RemoteSearchResult.cs
CSharp,medium,jellyfin-jellyfin.git,b346370dfcaa7a16cc9e292ba1c1b7e43e945783,MediaBrowser.Providers/Plugins/Tmdb/Api/TmdbController.cs,MediaBrowser.Providers/Plugins/Tmdb/Api/TmdbController.cs
CSharp,medium,jellyfin-jellyfin.git,b346370dfcaa7a16cc9e292ba1c1b7e43e945783,MediaBrowser.Providers/Plugins/Tmdb/BoxSets/TmdbBoxSetImageProvider.cs,MediaBrowser.Providers/Plugins/Tmdb/BoxSets/TmdbBoxSetImageProvider.cs
CSharp,medium,jellyfin-jellyfin.git,b346370dfcaa7a16cc9e292ba1c1b7e43e945783,MediaBrowser.Providers/Plugins/Tmdb/BoxSets/TmdbBoxSetProvider.cs,MediaBrowser.Providers/Plugins/Tmdb/BoxSets/TmdbBoxSetProvider.cs
CSharp,medium,jellyfin-jellyfin.git,b346370dfcaa7a16cc9e292ba1c1b7e43e945783,MediaBrowser.Providers/Plugins/Tmdb/People/TmdbPersonProvider.cs,MediaBrowser.Providers/Plugins/Tmdb/People/TmdbPersonProvider.cs
CSharp,medium,jellyfin-jellyfin.git,b346370dfcaa7a16cc9e292ba1c1b7e43e945783,MediaBrowser.Providers/Plugins/Tmdb/TV/TmdbSeasonProvider.cs,MediaBrowser.Providers/Plugins/Tmdb/TV/TmdbSeasonProvider.cs
CSharp,medium,jellyfin-jellyfin.git,b346370dfcaa7a16cc9e292ba1c1b7e43e945783,MediaBrowser.Providers/Plugins/Tmdb/TmdbUtils.cs,MediaBrowser.Providers/Plugins/Tmdb/TmdbUtils.cs
CSharp,medium,jellyfin-jellyfin.git,b346370dfcaa7a16cc9e292ba1c1b7e43e945783,src/Jellyfin.Extensions/StringExtensions.cs,src/Jellyfin.Extensions/StringExtensions.cs
CSharp,medium,jellyfin-jellyfin.git,b8d2f1f9115ed3ed18960fcebd1188a3fb7d2f5e,Jellyfin.Api/Controllers/EnvironmentController.cs,Jellyfin.Api/Controllers/EnvironmentController.cs
CSharp,medium,jellyfin-jellyfin.git,b97f5b809daa5e64bc54eb6534ed4c4f69ff6cd9,MediaBrowser.Providers/Books/OpenPackagingFormat/EpubImageProvider.cs,MediaBrowser.Providers/Books/OpenPackagingFormat/EpubImageProvider.cs
CSharp,medium,jellyfin-jellyfin.git,dad6f650bc6b2dd6cd9acc69ca009f5e624c7d81,MediaBrowser.Providers/Plugins/Tmdb/TmdbUtils.cs,MediaBrowser.Providers/Plugins/Tmdb/TmdbUtils.cs
CSharp,small,Lidarr-Lidarr.git,48f42fdcbde268d4e544f8687cc8e4527a88b3a0,src/NzbDrone.Core/MediaFiles/TorrentInfo/TorrentFileInfoReader.cs,src/NzbDrone.Core/MediaFiles/TorrentInfo/TorrentFileInfoReader.cs
CSharp,small,Lidarr-Lidarr.git,7cdb4e4b526d7fcaf20efcff2cb155b0b1379920,src/NzbDrone.Core/Authentication/AuthenticationType.cs,src/NzbDrone.Core/Authentication/AuthenticationType.cs
CSharp,small,Lidarr-Lidarr.git,8567a7d6cb0143c38ff08e679b9ad3eab07dcbcd,src/NzbDrone.Core/Music/Model/ArtistStatusType.cs,src/NzbDrone.Core/Music/Model/ArtistStatusType.cs
CSharp,small,Lidarr-Lidarr.git,87d46be67a394b258c3b90e7ebed794143eb57ee,src/NzbDrone.Common.Test/EnvironmentInfo/BuildInfoFixture.cs,src/NzbDrone.Common.Test/EnvironmentInfo/BuildInfoFixture.cs
CSharp,small,Lidarr-Lidarr.git,96328b8d957ed7816648e9d6358af06958c8507c,src/Lidarr.Http/Middleware/VersionMiddleware.cs,src/Lidarr.Http/Middleware/VersionMiddleware.cs
CSharp,small,Lidarr-Lidarr.git,96328b8d957ed7816648e9d6358af06958c8507c,src/NzbDrone.Common/Disk/DestinationAlreadyExistsException.cs,src/NzbDrone.Common/Disk/DestinationAlreadyExistsException.cs
CSharp,small,Lidarr-Lidarr.git,96328b8d957ed7816648e9d6358af06958c8507c,src/NzbDrone.Core/MediaFiles/TrackImport/RecycleBinException.cs,src/NzbDrone.Core/MediaFiles/TrackImport/RecycleBinException.cs
CSharp,small,Lidarr-Lidarr.git,96328b8d957ed7816648e9d6358af06958c8507c,src/NzbDrone.Core/MediaFiles/TrackImport/RootFolderNotFoundException.cs,src/NzbDrone.Core/MediaFiles/TrackImport/RootFolderNotFoundException.cs
CSharp,small,Lidarr-Lidarr.git,cce7ffa6acb4f09a41ad3fdf513675c13aa68270,src/NzbDrone.Core/Music/MultipleArtistsFoundException.cs,src/NzbDrone.Core/Music/MultipleArtistsFoundException.cs
CSharp,small,Lidarr-Lidarr.git,d9bbed68752cc37a0b5beafa9ba3f05c512bb32a,src/NzbDrone.Core/Plugins/Commands/InstallPluginCommand.cs,src/NzbDrone.Core/Plugins/Commands/InstallPluginCommand.cs
CSharp,small,Lidarr-Lidarr.git,d9bbed68752cc37a0b5beafa9ba3f05c512bb32a,src/NzbDrone.Core/Plugins/Commands/UninstallPluginCommand.cs,src/NzbDrone.Core/Plugins/Commands/UninstallPluginCommand.cs
CSharp,small,Lidarr-Lidarr.git,fcfc60a2763bfb4609b04c2da561bc3b7077016a,src/NzbDrone.Common.Test/ReflectionTests/ReflectionExtensionFixture.cs,src/NzbDrone.Common.Test/ReflectionTests/ReflectionExtensionFixture.cs
CSharp,small,Lidarr-Lidarr.git,fcfc60a2763bfb4609b04c2da561bc3b7077016a,src/NzbDrone.Core/Blocklisting/Blocklist.cs,src/NzbDrone.Core/Blocklisting/Blocklist.cs
CSharp,small,Lidarr-Lidarr.git,fcfc60a2763bfb4609b04c2da561bc3b7077016a,src/NzbDrone.Core/Download/DownloadClientDefinition.cs,src/NzbDrone.Core/Download/DownloadClientDefinition.cs
CSharp,small,Lidarr-Lidarr.git,fcfc60a2763bfb4609b04c2da561bc3b7077016a,src/NzbDrone.Core/Download/DownloadClientRepository.cs,src/NzbDrone.Core/Download/DownloadClientRepository.cs
CSharp,small,Lidarr-Lidarr.git,fcfc60a2763bfb4609b04c2da561bc3b7077016a,src/NzbDrone.Core/Download/IDownloadClient.cs,src/NzbDrone.Core/Download/IDownloadClient.cs
CSharp,small,Lidarr-Lidarr.git,fcfc60a2763bfb4609b04c2da561bc3b7077016a,src/NzbDrone.Core/Extras/Metadata/MetadataRepository.cs,src/NzbDrone.Core/Extras/Metadata/MetadataRepository.cs
CSharp,small,Lidarr-Lidarr.git,fcfc60a2763bfb4609b04c2da561bc3b7077016a,src/NzbDrone.Core/ImportLists/ImportListRepository.cs,src/NzbDrone.Core/ImportLists/ImportListRepository.cs
CSharp,small,Lidarr-Lidarr.git,fcfc60a2763bfb4609b04c2da561bc3b7077016a,src/NzbDrone.Core/Indexers/DownloadProtocol.cs,src/NzbDrone.Core/Indexers/DownloadProtocol.cs
CSharp,small,Lidarr-Lidarr.git,fcfc60a2763bfb4609b04c2da561bc3b7077016a,src/NzbDrone.Core/Indexers/IIndexer.cs,src/NzbDrone.Core/Indexers/IIndexer.cs
CSharp,small,Lidarr-Lidarr.git,fcfc60a2763bfb4609b04c2da561bc3b7077016a,src/NzbDrone.Core/Indexers/IndexerDefinition.cs,src/NzbDrone.Core/Indexers/IndexerDefinition.cs
CSharp,small,Lidarr-Lidarr.git,fcfc60a2763bfb4609b04c2da561bc3b7077016a,src/NzbDrone.Core/Indexers/IndexerRepository.cs,src/NzbDrone.Core/Indexers/IndexerRepository.cs
CSharp,small,Lidarr-Lidarr.git,fcfc60a2763bfb4609b04c2da561bc3b7077016a,src/NzbDrone.Core/Notifications/NotificationRepository.cs,src/NzbDrone.Core/Notifications/NotificationRepository.cs
CSharp,small,Radarr-Radarr.git,0e2e7e4259122ed2cffddb902d758210cfd5ba95,src/Radarr.Api.V3/Movies/RenameMovieController.cs,src/Radarr.Api.V3/Movies/RenameMovieController.cs
CSharp,small,Radarr-Radarr.git,2235823af313ea1f39fd1189b69a75fc5d380c41,src/NzbDrone.Common/Disk/DestinationAlreadyExistsException.cs,src/NzbDrone.Common/Disk/DestinationAlreadyExistsException.cs
CSharp,small,Radarr-Radarr.git,2235823af313ea1f39fd1189b69a75fc5d380c41,src/NzbDrone.Core/MediaFiles/MovieImport/RecycleBinException.cs,src/NzbDrone.Core/MediaFiles/MovieImport/RecycleBinException.cs
CSharp,small,Radarr-Radarr.git,2235823af313ea1f39fd1189b69a75fc5d380c41,src/NzbDrone.Core/MediaFiles/MovieImport/RootFolderNotFoundException.cs,src/NzbDrone.Core/MediaFiles/MovieImport/RootFolderNotFoundException.cs
CSharp,small,Radarr-Radarr.git,2235823af313ea1f39fd1189b69a75fc5d380c41,src/Radarr.Http/Middleware/VersionMiddleware.cs,src/Radarr.Http/Middleware/VersionMiddleware.cs
CSharp,small,Radarr-Radarr.git,6b1567ddae43dbe0ac3ecce995bbe7ebddbea34e,src/NzbDrone.Common.Test/EnvironmentInfo/BuildInfoFixture.cs,src/NzbDrone.Common.Test/EnvironmentInfo/BuildInfoFixture.cs
CSharp,small,Radarr-Radarr.git,8bef9b4da790da54b43708716de8f481bfb1b61a,src/NzbDrone.Core/Notifications/Pushcut/PushcutPayload.cs,src/NzbDrone.Core/Notifications/Pushcut/PushcutPayload.cs
CSharp,small,Radarr-Radarr.git,d478b404dff9b6fca1281841aac21f24c58dbadc,src/NzbDrone.Core/Authentication/AuthenticationType.cs,src/NzbDrone.Core/Authentication/AuthenticationType.cs
CSharp,small,Radarr-Radarr.git,e63691935dd92c23624b291a450de051e224d6c3,src/NzbDrone.Core/MediaFiles/TorrentInfo/TorrentFileInfoReader.cs,src/NzbDrone.Core/MediaFiles/TorrentInfo/TorrentFileInfoReader.cs
CSharp,small,Sonarr-Sonarr.git,6cd1ab3764587f1a6784f0d46efc2fc749149056,src/NzbDrone.Common/EnvironmentInfo/IRuntimeInfo.cs,src/NzbDrone.Common/EnvironmentInfo/IRuntimeInfo.cs
CSharp,small,Sonarr-Sonarr.git,6cd1ab3764587f1a6784f0d46efc2fc749149056,src/NzbDrone.Core/Lifecycle/ApplicationShutdownRequested.cs,src/NzbDrone.Core/Lifecycle/ApplicationShutdownRequested.cs
CSharp,small,Sonarr-Sonarr.git,6cd1ab3764587f1a6784f0d46efc2fc749149056,src/NzbDrone.Core/Lifecycle/ApplicationStartedEvent.cs,src/NzbDrone.Core/Lifecycle/ApplicationStartedEvent.cs
CSharp,small,Sonarr-Sonarr.git,6cd1ab3764587f1a6784f0d46efc2fc749149056,src/NzbDrone.Core/Lifecycle/ApplicationStartingEvent.cs,src/NzbDrone.Core/Lifecycle/ApplicationStartingEvent.cs
CSharp,small,Sonarr-Sonarr.git,a79234de484aafa48b367409f4a6f812dd926dc7,src/NzbDrone.Core/Datastore/Migration/034_remove_series_contraints.cs,src/NzbDrone.Core/Datastore/Migration/034_remove_series_contraints.cs
CSharp,small,Sonarr-Sonarr.git,c3706c3c92a455441f95bad2de4c86bceb8fcaf1,src/NzbDrone.Common/Options/AppOptions.cs,src/NzbDrone.Common/Options/AppOptions.cs
CSharp,small,Sonarr-Sonarr.git,c3706c3c92a455441f95bad2de4c86bceb8fcaf1,src/NzbDrone.Core/Datastore/LogDatabase.cs,src/NzbDrone.Core/Datastore/LogDatabase.cs
CSharp,small,Sonarr-Sonarr.git,c3706c3c92a455441f95bad2de4c86bceb8fcaf1,src/Sonarr.Http/Frontend/Mappers/IMapHttpRequestsToDisk.cs,src/Sonarr.Http/Frontend/Mappers/IMapHttpRequestsToDisk.cs
CSharp,small,ansible-ansible.git,99708930841723f3ecc20e95e82a0cd780003dbd,test/integration/targets/win_module_utils/module_utils/Ansible.Test.cs,test/integration/targets/win_module_utils/module_utils/Ansible.Test.cs
CSharp,small,jellyfin-jellyfin.git,874fd9ac0a2410dd49b01087610b52942d8614a7,Jellyfin.Api/Models/StartupDtos/StartupRemoteAccessDto.cs,Jellyfin.Api/Models/StartupDtos/StartupRemoteAccessDto.cs
CSharp,small,jellyfin-jellyfin.git,b8d2f1f9115ed3ed18960fcebd1188a3fb7d2f5e,MediaBrowser.Model/Session/ClientCapabilities.cs,MediaBrowser.Model/Session/ClientCapabilities.cs
CSharp,xlarge,jellyfin-jellyfin.git,5045c2e4488bf60965b1f5f4893a3539bd7c3da0,Jellyfin.Api/Controllers/DynamicHlsController.cs,Jellyfin.Api/Controllers/DynamicHlsController.cs
CSharp,xlarge,jellyfin-jellyfin.git,6d34f605a3579568b966d44c1a9379b96b76bfe4,Jellyfin.Server.Implementations/Item/BaseItemRepository.cs,Jellyfin.Server.Implementations/Item/BaseItemRepository.cs
CSharp,xlarge,jellyfin-jellyfin.git,815a153b940aa5507923f1b22b73cd146367e1ea,Jellyfin.Server.Implementations/Item/BaseItemRepository.cs,Jellyfin.Server.Implementations/Item/BaseItemRepository.cs
CSharp,xlarge,jellyfin-jellyfin.git,ec4744709df1664f263937ae41baadc48d7d6c9b,Jellyfin.Server.Implementations/Item/BaseItemRepository.cs,Jellyfin.Server.Implementations/Item/BaseItemRepository.cs
