solution,mismatches,mismatch_pct,total_nodes,human_unsolved,algorithm_cost,human_cost,cost_diff,elapsed_ms,IdHash,IdHashAnc,FullMap,StructId,StructAnc,OptIDU,FlatSeq,Moved,Comment,BottomUp,GreedyAnchor,NormImport,NormNoPunct,NormNoLit,NormNoId,NormNoPunctLit,APTED:bottom_up_propagation,APTED:fast_fallback,APTED:greedy_anchor_block,APTED:import_list_overlap,APTED:large_flat_subtree,APTED:large_flat_subtree_container,APTED:qualified_name,APTED:unique_named_local
javascript-microsoft-typescript-broken-js-remove-string-fragment,464,1.56,29653,false,19,19,0,57.193,97,8511,0,0,0,0,0,0,0,0,4,0,0,0,0,0,0,6163,32,0,0,0,7,0
tsx-excalidraw-excalidraw-huge-file-with-real-logic-change,231,0.18,129245,false,1016,564,452,482.384,286,60404,0,1,217,0,1,1766,0,0,0,0,0,0,0,0,0,193,0,0,1840,16,339,0
css-shadcn-ui-ui-completely-broken-treesitter-parsing,124,0.38,32682,false,244,21,223,59.236,2,27,0,0,0,0,0,0,0,0,0,0,0,0,0,0,0,16432,0,0,0,0,0,0
rust-zed-workspace-tasks,117,2.87,4075,false,2068,1978,90,178.488,16,855,0,0,0,0,0,0,0,0,0,0,0,0,0,0,1633,0,0,42,0,0,522,0
xml-odoo-odoo-add-button-roles,112,2.36,4740,false,71,30,41,8.159,25,1633,0,1,41,0,0,16,0,0,0,0,0,0,0,0,0,633,0,0,0,0,0,0
cpp-ladybird-refactor-variables-if-changes,109,0.86,12658,false,660,713,-53,775.343,46,4765,0,0,0,0,0,0,0,0,0,0,0,0,0,0,3,0,0,0,0,0,1835,0
rust-rustdesk-rustdesk-actual-logic-change-in-io-loop-medium-sized-file,95,0.20,46728,false,604,594,10,4886.380,85,21318,0,1,54,0,0,8,0,0,0,0,0,0,0,0,0,10,0,0,0,152,2014,0
rust-add-comments-and-real-new-logic,84,1.07,7827,false,273,261,12,566.122,31,2747,0,0,0,0,0,0,0,0,0,0,0,0,0,0,0,188,0,0,0,0,1068,0
html-apache-echarts-actual-structure-change,82,1.07,7697,false,463,469,-6,13.117,18,3327,0,0,0,0,0,114,0,0,0,0,0,0,0,0,0,604,0,0,0,0,0,0
xml-mozilla-firefox-firefox-add-a-few-translations-and-a-few-attributes,69,11.66,592,false,178,177,1,0.781,7,112,0,2,32,0,0,0,0,0,0,0,0,0,0,0,0,228,0,0,0,0,0,0
kotlin-remove-function,68,9.05,751,false,167,225,-58,8.608,8,68,0,2,29,0,0,0,0,0,0,0,0,0,0,0,0,62,0,0,0,0,284,0
lua-neovim-neovim-if-flips-two-branches,68,0.29,23806,false,53,0,53,145.477,37,11096,0,0,0,0,0,7,0,0,0,0,0,0,0,0,0,166,0,0,0,0,337,0
cpp-laydbird-change-function-signature,60,0.84,7121,false,144,192,-48,110.000,32,3225,0,0,0,0,0,26,0,0,0,0,0,0,0,0,0,0,0,0,0,0,336,0
java-nextcloud-android-add-if-branch-with-reused-return,54,0.15,35927,false,85,86,-1,666.515,305,17006,0,0,0,0,1,0,0,0,0,0,0,0,0,0,0,18,0,0,638,16,0,0
java-genymobile-scrcpy-refactor-for-loop-in-a-function,52,1.71,3043,false,310,247,63,704.515,17,935,0,0,0,0,0,6,0,0,0,0,0,0,0,0,0,20,0,0,0,0,697,0
c-nginx-add-typedef,50,0.45,11141,false,140,149,-9,113.794,34,3879,0,0,0,0,0,6,0,0,0,0,0,0,0,0,0,602,0,0,0,0,1110,0
kotlin-nextcloud-android-move-from-one-mocking-library-to-other,49,4.58,1070,false,78,124,-46,26.306,12,134,0,1,8,0,0,12,0,0,0,0,0,0,0,0,0,39,0,0,0,0,362,0
rust-turbopack-module-rule,49,1.25,3925,false,607,424,183,276.217,17,899,0,0,0,0,0,218,0,0,0,0,0,0,0,0,0,605,0,18,0,0,505,0
python-django-django-update-unit-tests-actual-logic-change,48,0.62,7692,false,1176,1224,-48,658.881,33,2197,0,0,0,0,0,24,0,0,0,0,0,0,0,0,0,12,0,0,0,0,2167,0
rust-rustdesk-rustdesk-large-file-40k-normal-feature-work,47,0.05,91000,false,1274,1268,6,3182.139,228,40217,0,1,31,0,2,0,0,0,0,0,0,0,0,0,0,239,0,0,1359,615,3352,0
swift-swiftlang-swift-actual-logic-change,36,0.54,6688,false,290,240,50,803.058,13,2563,0,0,0,0,0,0,0,0,0,0,0,0,0,0,0,1,0,0,0,0,897,0
xml-gap-packages-toric-remove-two-attributes,34,0.27,12430,false,14,12,2,51.438,31,6029,0,0,0,0,0,0,0,0,0,0,0,0,0,0,0,26,0,0,0,135,0,0
ruby-homebrew-brew-decent-amount-of-new-code-and-some-changes,32,0.51,6229,false,795,765,30,158.991,17,2110,0,0,0,0,0,4,0,0,0,0,0,0,0,0,0,30,0,0,0,0,1345,0
css-wordpress-reformat,30,15.62,192,false,8,4,4,3.358,0,0,0,0,0,0,0,5,0,0,0,0,0,0,0,0,0,93,0,0,0,0,0,0
c-cpython-autogenerated-code,29,0.05,57917,false,170,146,24,185.593,222,26646,0,0,0,0,0,0,0,0,100,0,0,0,0,0,0,311,1810,0,0,0,0,0
c-postgres-real-logic-change,27,0.18,15327,false,516,49,467,640.934,63,6412,0,0,0,0,0,41,0,0,0,0,0,0,0,0,0,91,0,0,0,0,1276,0
json-excalidraw-excalidraw-change-translations-mostly-add,27,0.20,13381,false,487,435,52,46.693,25,6007,0,0,0,0,1,86,0,0,0,0,0,0,0,0,0,458,0,0,0,355,0,0
vimscript-chikamichi-mediawiki-add-one-autocmd,26,18.98,137,false,13,14,-1,1.719,0,0,0,0,0,0,0,0,0,0,0,0,0,0,0,0,0,75,0,0,0,0,0,0
html-mozilla-firefox-firefox-remove-li-around-button,24,0.09,26816,false,68,72,-4,56.157,34,13029,0,0,0,0,0,0,0,0,0,0,0,0,0,0,4,351,0,0,0,0,0,0
vimscript-neovim-neovim-add-two-functions-and-modify-a-few-lines,22,0.19,11647,false,262,268,-6,33.357,24,3414,0,0,0,0,0,0,0,0,0,0,0,0,0,0,0,2352,0,0,0,0,38,0
lua-awesomewm-awesome-change-doccomments,21,0.34,6236,false,49,34,15,11.561,23,2654,0,0,0,0,0,0,0,0,0,0,0,0,0,0,0,281,0,0,0,0,0,0
json-kiwix-kiwix-desktop-add-a-few-change-a-few,20,0.48,4180,false,24,23,1,3.999,1,46,0,0,0,0,1,0,0,0,0,0,0,0,0,0,0,22,0,0,2030,0,0,0
swift-nextcloud-ios-refactor-and-change,20,0.27,7380,false,100,61,39,332.278,16,3021,0,0,0,0,0,71,0,0,0,0,0,0,0,0,0,0,0,0,0,0,628,0
rust-real-logic-change-in-a-huge-75k-node-file,18,0.01,153129,false,6347,7,6340,3092.399,337,68619,0,3,301,0,2,698,0,0,1,0,0,0,0,0,0,2178,14,0,3843,6,3118,0
swift-apple-swift-argument-parser-small-change,18,0.94,1907,false,40,57,-17,3.862,3,884,0,0,0,0,0,0,0,0,0,0,0,0,0,0,0,19,0,0,0,0,64,0
python-portagefilelist-client-remove-one-import-and-update-one-const-string,16,0.47,3380,false,20,5,15,6.475,8,1650,0,0,0,0,0,0,0,0,0,0,0,0,0,0,0,30,0,0,0,0,0,0
ruby-mastodon-mastodon-use-context-and-new-test-case,16,0.80,2012,false,95,98,-3,3.889,6,760,0,0,0,0,0,0,0,0,0,0,0,0,0,0,0,278,0,0,0,0,0,0
swift-nextcloud-ios-move-function-and-refactor-logic,16,0.16,10091,false,286,276,10,395.701,10,4526,0,0,0,0,0,7,0,0,0,0,0,0,0,0,0,4,0,0,0,0,629,0
tsx-mui-material-ui-move-colour-to-a-new-attribute,16,0.72,2221,false,17,9,8,457.376,10,839,0,0,0,0,0,0,0,0,0,0,0,0,0,0,0,2,0,0,0,0,264,0
ruby-homebrew-brew-actual-logic-change,15,0.16,9576,false,153,138,15,153.973,30,3396,0,0,0,0,0,0,0,0,0,0,0,0,0,0,0,30,0,0,0,0,1406,0
python-ansible-ansible-ridiculously-long-yaml-in-string-constant-and-actual-code-changes,13,0.06,21306,false,708,689,19,63.137,67,9512,0,0,0,0,0,0,0,0,0,0,0,0,0,0,0,195,0,0,0,510,692,0
tsx-excalidraw-excalidraw-move-from-one-struct-to-other,13,0.24,5511,false,64,38,26,956.971,27,1978,0,1,82,0,0,4,0,0,0,0,0,0,0,0,0,72,0,0,0,0,618,0
typescript-n8n-io-n8n-remove-and-add-imports,13,0.82,1594,false,44,18,26,2.729,5,765,0,0,0,0,0,4,0,0,0,0,0,0,0,0,0,44,0,0,0,0,0,0
lua-corsixth-corsixth-refactor-if-expressions,12,0.26,4610,false,34,38,-4,9.605,13,1865,0,0,0,0,0,0,0,0,0,0,0,0,0,0,0,222,0,0,0,0,216,0
rust-algorithm-change,12,3.26,368,false,117,75,42,9.409,1,81,0,0,0,0,0,0,0,0,0,0,0,0,0,0,10,0,0,0,0,0,147,0
cpp-godot-small-bugfix,11,0.09,11658,false,20,10,10,34.565,45,5648,0,0,0,0,0,0,0,0,0,0,0,0,0,0,0,0,0,0,0,0,113,0
csharp-jellyfin-add-function,11,0.24,4647,false,174,117,57,27.535,21,1742,0,0,0,0,0,0,0,0,0,0,0,0,0,0,0,13,0,0,0,0,631,0
scala-com-lihaoyi-mill-split-import,11,0.10,11211,false,31,9,22,27.940,12,5571,0,0,0,0,0,0,0,0,0,0,0,0,0,0,0,37,0,0,0,0,0,0
vimscript-neovim-neovim-awful-test-case-bunch-of-hex-colours-more-data-than-code,11,0.11,9791,false,2217,79,2138,12.525,0,0,0,0,0,0,1,3717,0,0,0,0,0,0,0,0,0,2286,0,0,0,0,0,0
go-cri-o-cri-o-change-importa,10,0.89,1120,false,1,10,-9,1.849,5,471,1,1,82,0,0,0,0,0,0,0,0,0,0,0,0,0,0,0,0,0,0,0
lua-neovim-neovim-add-new-logic,10,0.03,32540,false,54,34,20,122.131,111,15310,0,0,0,0,0,0,0,0,0,0,0,0,0,0,0,505,0,0,0,0,217,0
php-wordpress-wordpress-add-some-checks,10,0.01,69723,false,182,185,-3,792.161,51,33894,0,0,0,0,0,0,0,0,0,0,0,0,0,0,0,101,0,0,0,0,857,0
typescript-add-generics,10,4.48,223,false,63,46,17,0.479,0,0,0,0,0,0,0,4,0,0,3,0,0,0,0,0,0,99,31,0,0,0,0,0
html-gohugoio-hugo-enclose-table-with-div-and-add-thead-tbody,9,4.27,211,false,51,46,5,0.215,1,20,0,1,50,0,0,0,0,0,0,0,0,0,0,0,0,53,0,0,0,0,0,0
css-mozilla-firefox-firefox-actual-style-changes,8,0.16,5085,false,267,256,11,9.135,40,1684,0,1,121,0,0,9,0,0,0,0,0,0,0,0,0,800,0,0,0,0,0,0
python-langflow-ai-langflow-actual-change-of-logic,8,0.15,5303,false,301,285,16,146.068,29,1908,0,0,0,0,0,0,0,0,0,0,0,0,0,0,0,265,0,0,0,0,597,0
scala-com-lihaoyi-mill-split-import-2,8,1.21,660,false,28,12,16,1.222,3,306,0,0,0,0,0,0,0,0,0,0,0,0,0,0,0,34,0,0,0,0,0,0
vimscript-neovim-neovim-test-debian-package-parsing-awful-string-matching,8,0.27,3000,false,472,119,353,3.732,3,219,0,0,0,0,0,89,0,0,0,0,0,0,0,0,0,1422,0,0,0,0,0,0
javascript-add-event-listener,7,4.79,146,false,62,49,13,0.178,1,22,0,0,0,0,0,0,0,0,0,0,0,0,0,0,0,62,0,0,0,0,18,0
kotlin-nextcloud-android-dot-to-question-mark-dot,7,0.20,3584,false,14,0,14,51.923,23,1544,0,0,0,0,0,0,0,0,0,0,0,0,0,0,0,9,0,0,0,0,222,0
cpp-tensorflow-switch-to-primitive-types,6,0.13,4603,false,27,15,12,59.907,20,1926,0,0,0,0,0,0,0,0,0,0,0,0,0,0,0,1,0,0,0,0,364,0
java-add-exception-handling,6,1.81,331,false,41,40,1,0.935,4,120,0,0,0,0,0,0,0,0,0,0,0,0,0,0,0,0,0,0,0,0,61,0
kotlin-nextcloud-remove-function,6,0.04,14174,false,229,228,1,144.395,90,6523,0,1,65,0,1,0,0,0,0,0,0,0,0,0,0,12,0,0,440,62,0,0
rust-vercel-nextjs-refactoring-would-require-mulitmap-mapping,6,0.03,18162,false,271,36,235,172.204,30,8735,0,0,0,0,0,0,0,0,0,0,0,0,0,0,0,0,0,0,0,0,408,0
typescript-apache-echarts-envelop-2-lines-with-an-if-block,6,0.06,10064,false,12,12,0,193.073,36,4445,0,0,0,0,0,0,0,0,0,0,0,0,0,0,0,16,0,0,0,0,437,0
typescript-async-await,6,3.06,196,false,67,54,13,2.032,1,8,0,1,18,0,0,0,0,0,0,0,0,0,0,0,0,30,0,0,0,0,66,0
c-linux-small-bugfix,5,0.01,47986,false,48,48,0,156.054,156,23424,0,0,0,0,0,28,0,0,0,0,0,0,0,0,0,194,0,0,0,0,192,0
go-cloudflare-cfssl-change-zero-value-to-is-zero,5,0.18,2736,false,18,14,4,66.767,16,1091,0,0,0,0,0,0,0,0,0,0,0,0,0,0,0,29,0,0,0,0,200,0
go-kubernetes-kubernetes-add-unit-test-cases,5,0.07,6732,false,1710,1700,10,223.838,6,2068,0,0,0,0,0,108,0,0,0,0,0,0,0,0,0,1612,0,0,0,0,426,0
javascript-add-destructuring,5,3.73,134,false,44,31,13,0.156,1,12,0,0,0,0,0,0,0,0,0,0,0,0,0,0,0,45,0,0,0,0,29,0
javascript-xpra-org-xpra-html5-small-change,5,0.01,90862,false,14,10,4,368.125,207,44738,0,0,0,0,1,0,0,0,0,0,0,0,0,0,0,5,0,0,283,3,180,0
scala-com-lihaoyi-mill-small-change,5,0.31,1622,false,12,8,4,6.352,11,670,0,0,0,0,0,0,0,0,0,0,0,0,0,0,0,6,0,0,0,0,127,0
go-lazygit-switch-to-strings,4,0.83,482,false,39,13,26,39.807,1,74,0,0,0,0,0,0,0,0,0,0,0,0,0,0,0,28,0,0,0,0,156,0
kotlin-nextcloud-a-few-small-removals,4,0.06,6892,false,208,208,0,1304.197,52,1853,0,0,0,0,0,0,0,0,0,0,0,0,0,0,0,33,0,0,0,0,1585,25
lua-teeworlds-teeworlds-add-or-expression-to-existing-if,4,0.04,11411,false,9,9,0,25.396,29,5072,0,0,0,0,0,0,0,0,0,0,0,0,0,0,0,605,0,0,0,0,0,0
csharp-cyanfish-naps2-add-condition-to-if,3,0.03,11235,false,19,19,0,28.187,30,5336,0,0,0,0,0,0,0,0,0,0,0,0,0,0,0,13,0,0,0,0,247,0
javascript-typescript-interesting-small-edit-refactor,3,3.37,89,false,24,11,13,1.695,0,0,0,0,0,0,0,0,0,0,0,0,0,0,0,0,0,56,0,0,0,0,0,0
kotlin-nextcloud-android-extract-argument-into-variable,3,0.08,3858,false,43,40,3,15.423,27,1511,0,0,0,0,0,0,0,0,0,0,0,0,0,0,0,13,0,0,0,0,392,5
shellscript-langchain-ai-langchain-some-interesting-raw-string-to-string-content,3,1.64,183,false,35,29,6,2.717,0,0,0,0,0,0,0,0,0,0,0,0,0,0,0,0,0,109,0,0,0,0,0,0
tsx-apache-superset-error-handling-change,3,0.06,5292,false,64,67,-3,492.383,24,2064,0,0,0,0,0,0,0,0,0,0,0,0,0,0,0,49,0,0,0,0,537,0
typescript-add-error-handling,3,1.62,185,false,55,57,-2,1.708,1,13,0,0,0,0,0,0,0,0,0,0,0,0,0,0,0,45,0,0,0,0,58,0
c-linux-small-change-struct-to-char,2,0.01,22754,false,38,38,0,386.184,69,10706,0,0,0,0,0,0,0,0,0,0,0,0,0,0,0,64,0,0,0,0,531,0
cpp-add-templates,2,0.89,224,false,25,23,2,3.359,1,2,0,0,0,0,0,0,0,0,0,0,0,0,0,0,0,62,0,0,0,0,57,0
html-hugo-tag-to-selfclosing-tag,2,1.09,184,false,4,0,4,0.271,3,46,0,0,0,0,0,0,0,0,0,0,0,0,0,0,0,42,0,0,0,0,0,0
javascript-fix-promises,2,0.85,235,false,53,52,1,5.883,1,19,0,0,0,0,0,0,0,0,0,0,0,0,0,0,0,41,0,0,0,0,78,0
javascript-grobian-carbonapi-web-add-binary-expression-to-existing-assignment,2,0.05,4032,false,6,6,0,11.466,4,1953,0,0,0,0,0,0,0,0,0,0,0,0,0,0,0,7,0,0,0,0,52,0
javascript-microsoft-typescript-test-data-pretending-to-be-code-maybe-broken-parsing,2,0.02,8825,false,48,48,0,16.804,27,2079,0,0,0,0,0,0,0,0,2,0,0,0,0,0,0,2277,16,0,0,0,28,0
lua-luals-lua-language-server-add-gsub-function-call,2,0.02,11996,false,18,18,0,63.275,24,5192,0,0,0,0,0,0,0,0,0,0,0,0,0,0,0,329,0,0,0,0,450,0
lua-neovim-neovim-add-if-around-one-line,2,0.01,15684,false,6,6,0,32.895,62,6902,0,0,0,0,0,0,0,0,0,0,0,0,0,0,0,643,0,0,0,0,30,0
php-symfony-finder-move-elseif-block-to-else,2,0.02,8482,false,37,35,2,35.817,35,3169,0,0,0,0,1,0,0,0,0,0,0,0,0,0,0,12,0,0,1009,12,0,0
php-zetacomponents-consoletools-file-with-parse-errors-and-a-few-deletions,2,0.05,3813,false,7,7,0,54.916,9,1243,0,0,0,0,1,0,0,0,0,0,0,0,0,0,0,5,0,0,359,20,269,0
ruby-homebrew-brew-change-heredoc-to-string,2,0.05,4207,false,23,19,4,56.958,8,1665,0,0,0,0,0,0,0,0,0,0,0,0,0,0,0,23,0,0,0,0,418,0
scala-com-lihaoyi-mill-add-a-function-call,2,0.31,642,false,18,18,0,3.698,10,211,0,0,0,0,0,0,0,0,0,0,0,0,0,0,0,6,0,0,0,0,102,0
scala-com-lihaoyi-mill-small-refactoring,2,0.17,1147,false,11,8,3,35.233,7,381,0,0,0,0,0,0,0,0,0,0,0,0,0,0,0,6,0,0,0,0,184,0
shellscript-torvalds-linux-double-equals-to-equals,2,0.09,2112,false,4,0,4,3.932,7,712,0,0,0,0,0,0,0,0,0,0,0,0,0,0,0,266,0,0,0,0,0,69
swift-nextcloud-ios-actual-control-flow-change,2,0.03,7401,false,8,10,-2,22.264,13,3554,0,0,0,0,0,0,0,0,0,0,0,0,0,0,0,0,0,0,0,0,131,0
swift-swiftlang-swift-enable-checks-remove-todo-comment,2,0.07,2862,false,14,12,2,5.810,6,1315,0,0,0,0,0,0,0,0,0,0,0,0,0,0,0,106,0,0,0,0,0,0
css-wordpress-wordpress-change-simple-values-to-vars,1,0.03,3418,false,16,14,2,5.625,41,1599,0,0,0,0,0,0,0,0,0,0,0,0,0,0,0,58,0,0,0,0,0,0
java-scrcpy-public-to-protected,1,0.04,2498,false,2,0,2,4.169,38,1173,0,0,0,0,0,0,0,0,0,0,0,0,0,0,0,13,0,0,0,0,23,0
kotlin-jetbrains-kotlin-remove-one-comment-line,1,0.27,365,false,4,3,1,0.529,3,171,0,0,0,0,0,0,0,0,0,0,0,0,0,0,0,8,0,0,0,0,0,0
kotlin-nextcloud-change-function-fingerprint,1,0.04,2521,false,97,89,8,8.629,44,950,0,0,0,0,0,0,0,0,1,0,0,0,0,0,0,187,6,0,0,0,83,20
python-pytorch-pytorch-add-param-to-many-places-and-update-one,1,0.01,8937,false,62,60,2,156.453,30,3297,0,0,0,0,1,0,0,0,0,0,0,0,0,0,0,74,0,0,151,306,635,0
ruby-homebrew-brew-real-small-change,1,0.03,3131,false,41,39,2,72.816,11,1036,0,0,0,0,0,0,0,0,0,0,0,0,0,0,0,524,0,0,0,0,0,0
rust-error-handling,1,0.33,301,false,67,58,9,4.876,2,18,0,0,0,0,0,0,0,0,0,0,0,0,0,0,0,0,0,0,0,0,163,0
rust-sniffnet-protocol,1,0.11,895,false,67,65,2,9.833,9,200,0,0,0,0,0,0,0,0,0,0,0,0,0,0,0,49,0,0,0,0,222,0
shellscript-scikit-learn-scikit-learn-string-to-regex,1,0.07,1508,false,6,4,2,3.596,5,642,0,0,0,0,0,0,0,0,0,0,0,0,0,0,0,17,0,0,0,0,54,38
vimscript-junegunn-fzf-condition-canges,1,0.01,18231,false,11,9,2,36.194,53,8648,0,0,0,0,0,0,0,0,0,0,0,0,0,0,0,406,0,0,0,0,10,0
c-ffmpeg-added-typedef-to-enum,0,0.00,2478,false,6,6,0,6.896,25,792,0,0,0,0,1,0,0,0,0,0,0,0,0,0,0,1,0,0,421,0,0,0
c-freeciv-add-parameter-to-function,0,0.00,254,false,10,10,0,0.330,11,29,0,0,0,0,0,0,0,0,0,0,0,0,0,0,0,70,0,0,0,0,0,0
c-htop-remove-function-declaration,0,0.00,1167,false,27,27,0,1.426,21,245,0,0,0,0,0,0,0,0,0,0,0,0,0,0,0,306,0,0,0,0,0,0
c-intel-vpl-gpu-rt-whitespace-only-change,0,0.00,6292,false,0,0,0,31.819,1,3145,0,0,0,0,0,0,0,0,0,0,0,0,0,0,0,0,0,0,0,0,0,0
c-libtom-libtomcrypt-change-function-call,0,0.00,8176,false,1,1,0,21.959,13,3845,0,1,229,0,0,0,0,0,0,0,0,0,0,0,0,0,0,0,0,0,0,0
c-linux-small-change,0,0.00,11898,false,76,76,0,43.777,71,4724,0,0,0,0,0,0,0,0,0,0,0,0,0,0,3,0,0,0,0,0,1185,0
c-microsoft-terminal-add-function,0,0.00,10966,false,12,12,0,15.188,25,1203,0,0,0,0,0,0,0,0,0,0,0,0,0,0,0,4258,0,0,0,0,0,0
c-ondsel-development-ondselsolver-add-include,0,0.00,2145,false,3,3,0,3.764,4,1062,0,0,0,0,0,0,0,0,0,0,0,0,0,0,0,7,0,0,0,0,0,0
c-tripwire-tripwire-open-source-add-single-item-to-list,0,0.00,2405,false,3,3,0,9.389,11,873,0,0,0,0,1,0,0,0,0,0,0,0,0,0,0,42,0,0,0,120,137,0
cpp-add-const-correctness,0,0.00,238,false,6,6,0,1.521,2,4,0,0,0,0,0,0,0,0,0,0,0,0,0,0,0,0,0,0,0,0,115,0
cpp-add-memory-management,0,0.00,196,false,26,26,0,0.877,2,56,0,0,0,0,0,0,0,0,0,0,0,0,0,0,0,4,0,0,0,0,48,0
cpp-bolero-murakami-sprout-copyright-comment-update,0,0.00,1618,false,1,1,0,2.708,1,805,0,1,2,0,0,0,0,0,0,0,0,0,0,0,0,0,0,0,0,0,0,0
cpp-bolero-murakami-sprout-copyright-update,0,0.00,978,false,1,1,0,1.598,1,485,0,1,2,0,0,0,0,0,0,0,0,0,0,0,0,0,0,0,0,0,0,0
cpp-bolero-murakami-sprout-copyright-update-3,0,0.00,4536,false,1,1,0,8.168,1,2264,0,1,2,0,0,0,0,0,0,0,0,0,0,0,0,0,0,0,0,0,0,0
cpp-fix-segfault,0,0.00,340,false,0,0,0,5.568,2,87,0,0,0,0,0,0,0,0,0,0,0,0,0,0,0,0,0,0,0,0,80,0
cpp-lancos-ponyprog-remove-a-few-lines,0,0.00,6390,false,42,42,0,25.570,13,2817,0,0,0,0,0,0,0,0,0,0,0,0,0,0,0,13,0,0,0,0,346,0
cpp-libreoffice-add-const,0,0.00,12024,false,2,2,0,35.007,65,5856,0,0,0,0,0,0,0,0,0,0,0,0,0,0,0,3,0,0,0,0,82,0
cpp-libreoffice-remove-return-value,0,0.00,6863,false,7,7,0,13.553,37,3348,0,0,0,0,0,0,0,0,0,0,0,0,0,0,0,1,0,0,0,0,40,0
cpp-llnl-sundials-comment-change,0,0.00,14850,false,1,1,0,35.669,11,7397,0,1,16,0,0,0,0,0,0,0,0,0,0,0,0,0,0,0,0,0,0,0
cpp-nextcloud-add-test-case,0,0.00,5292,false,1592,1592,0,36.535,18,1802,0,0,0,0,0,0,0,0,0,0,0,0,0,0,0,18,0,0,0,0,1601,0
cpp-ollama-add-function-argument,0,0.00,8816,false,12,12,0,15.803,76,4166,0,0,0,0,0,0,0,0,0,0,0,0,0,0,0,98,0,0,0,0,58,0
cpp-opencv-add-test-case,0,0.00,11397,false,583,583,0,956.254,18,5092,0,0,0,0,0,0,0,0,0,0,0,0,0,0,0,1,0,0,0,870,0,0
cpp-optimize-algorithm,0,0.00,295,false,97,97,0,6.441,3,49,0,0,0,0,0,0,0,0,0,0,0,0,0,0,0,0,0,0,0,0,143,0
cpp-whitespace-only-change,0,0.00,1856,false,0,0,0,2.750,1,927,0,0,0,0,0,0,0,0,0,0,0,0,0,0,0,0,0,0,0,0,0,0
csharp-dotnet-script-dotnet-script-remove-two-arguments,0,0.00,9946,false,12,12,0,33.277,65,4741,0,0,0,0,1,0,0,0,0,0,0,0,0,0,0,0,0,0,140,12,19,0
csharp-jellyfin-sql-query-fix,0,0.00,1249,false,49,49,0,28.589,16,243,0,0,0,0,0,10,0,0,0,0,0,0,0,0,0,19,0,0,0,0,231,128
csharp-lidarr-add-function,0,0.00,5089,false,138,138,0,17.421,21,2213,0,0,0,0,0,0,0,0,0,0,0,0,0,0,17,0,0,0,0,0,361,0
csharp-lidarr-call-different-function,0,0.00,8056,false,26,26,0,37.823,31,3758,0,0,0,0,0,0,0,0,0,0,0,0,0,0,0,0,0,0,0,0,250,0
csharp-lidarr-condition-change,0,0.00,1347,false,9,9,0,10.688,12,474,0,0,0,0,0,0,0,0,0,0,0,0,0,0,0,0,0,0,0,0,155,36
csharp-lidarr-new-feature,0,0.00,1030,false,314,309,5,21.015,12,99,0,0,0,0,0,16,0,0,0,0,0,0,0,0,20,0,0,0,0,0,506,18
csharp-radarr-add-object-instance,0,0.00,4639,false,35,35,0,6.809,8,482,0,0,0,0,1,0,0,0,0,0,0,0,0,0,0,0,0,0,1757,12,76,0
csharp-sonarr-add-if-block,0,0.00,5005,false,19,19,0,12.442,28,2184,0,0,0,0,0,0,0,0,0,0,0,0,0,0,0,0,0,0,0,0,299,0
csharp-sonarr-add-true-to-function-call,0,0.00,2154,false,4,4,0,7.874,14,620,0,0,0,0,0,0,0,0,0,0,0,0,0,0,0,0,0,0,0,0,416,28
csharp-sonarr-change-type,0,0.00,598,false,2,2,0,0.957,6,177,0,1,115,0,0,0,0,0,0,0,0,0,0,0,0,0,0,0,0,0,0,0
csharp-waf-csharprepl-update-string-URL,0,0.00,4610,false,1,1,0,9.482,18,1865,0,1,421,0,0,0,0,0,0,0,0,0,0,0,0,0,0,0,0,0,0,0
css-add-property,0,0.00,257,false,5,5,0,0.590,4,96,0,0,0,0,0,0,0,0,0,0,0,0,0,0,0,30,0,0,0,0,0,0
css-fortawesome-font-awesome-update-version-comment-2,0,0.00,728,false,1,1,0,0.948,2,280,0,1,81,0,0,0,0,0,0,0,0,0,0,0,0,0,0,0,0,0,0,0
css-fortawesome-font-awesome-update-version-comment-3,0,0.00,20800,false,1,1,0,32.879,376,10022,0,1,1,0,0,0,0,0,0,0,0,0,0,0,0,0,0,0,0,0,0,0
css-fortawesome-font-awesome-upgrade-version-comment,0,0.00,894,false,1,1,0,1.158,5,329,0,1,112,0,0,0,0,0,0,0,0,0,0,0,0,0,0,0,0,0,0,0
css-heroic-games-launcher-heroicgameslauncher-add-6-lines,0,0.00,559,false,31,31,0,0.720,3,223,0,0,0,0,0,0,0,0,0,0,0,0,0,0,0,64,0,0,0,0,0,0
css-horst3180-vertex-theme-remove-single-rule,0,0.00,182856,false,40,40,0,485.561,1051,90113,0,0,0,0,0,0,0,0,0,0,0,0,0,0,0,281,0,0,0,0,0,0
css-lassekongo83-zuki-themes-fails-to-parse,0,0.00,1720,false,7,7,0,4.153,11,763,0,0,0,0,0,0,0,0,0,0,0,0,0,0,0,78,0,0,0,0,0,0
css-playwright-add-class-selector,0,0.00,805,false,5,5,0,1.220,13,362,0,0,0,0,0,0,0,0,0,0,0,0,0,0,0,28,0,0,0,0,0,0
css-source-foundry-hack-change-font-string,0,0.00,518,false,1,1,0,0.591,3,189,0,1,66,0,0,0,0,0,0,0,0,0,0,0,0,0,0,0,0,0,0,0
css-wordpress-add-comment,0,0.00,693,false,1,1,0,0.948,9,312,0,0,0,0,0,0,0,0,0,0,0,0,0,0,0,25,0,0,0,0,0,0
css-wordpress-format-comment-and-fix,0,0.00,192,false,42,42,0,3.205,0,0,0,0,0,0,0,0,0,0,0,0,0,0,0,0,0,117,0,0,0,0,0,0
css-wordpress-smalll-change,0,0.00,3386,false,10,10,0,6.464,41,1568,0,0,0,0,0,0,0,0,0,0,0,0,0,0,0,71,0,0,0,0,0,0
css-wordpress-wordpress-autogenerated-file,0,0.00,16870,false,30,30,0,29.918,231,8051,0,0,0,0,0,0,0,0,0,0,0,0,0,0,0,162,0,0,0,0,0,0
go-caddy-rename-type,0,0.00,1014,false,17,17,0,1.511,3,106,0,1,397,0,0,0,0,0,0,0,0,0,0,0,0,0,0,0,0,0,0,0
go-containers-storage-add-two-constants,0,0.00,14934,false,10,10,0,27.891,5,4710,0,0,0,0,1,0,0,0,0,0,0,0,0,0,0,8,0,0,2743,0,0,0
go-dweymouth-supersonic-remove-two-lines,0,0.00,3074,false,18,18,0,18.793,10,1338,0,0,0,0,0,0,0,0,0,0,0,0,0,0,0,6,0,0,0,0,190,0
go-gin-add-function,0,0.00,638,false,14,14,0,3.838,2,252,0,0,0,0,0,0,0,0,0,0,0,0,0,0,0,3,0,0,0,0,68,0
go-gin-change-import,0,0.00,849,false,1,1,0,1.895,4,379,0,0,0,0,0,0,0,0,0,0,0,0,0,0,0,40,0,0,0,0,0,0
go-gin-constant-change,0,0.00,1356,false,1,1,0,5.488,11,581,0,0,0,0,0,0,0,0,0,0,0,0,0,0,0,7,0,0,0,0,76,0
go-jesseduffield-lazygit-add-function,0,0.00,121,false,15,15,0,0.151,3,42,0,0,0,0,0,0,0,0,0,0,0,0,0,0,0,22,0,0,0,0,0,0
go-lazygit-add-to-if-condition,0,0.00,6476,false,12,12,0,64.043,43,2966,0,0,0,0,0,0,0,0,0,0,0,0,0,0,0,5,0,0,0,203,14,0
go-ollama-ollama-surround-block-with-if-and-function-call,0,0.00,11133,false,67,67,0,75.919,29,5288,0,0,0,0,0,0,0,0,0,0,0,0,0,0,0,7,0,0,0,0,270,0
go-prometheus-node_exporter-remove-one-comment,0,0.00,5413,false,1,1,0,11.712,10,2672,0,0,0,0,0,0,0,0,0,0,0,0,0,0,0,18,0,0,0,0,0,0
go-prometheus-single-comment-change,0,0.00,426,false,1,1,0,0.690,2,195,0,1,15,0,0,0,0,0,0,0,0,0,0,0,0,0,0,0,0,0,0,0
go-stackexchange-blackbox-add-comment,0,0.00,51,false,1,1,0,0.069,1,17,0,0,0,0,0,0,0,0,0,0,0,0,0,0,0,5,0,0,0,0,0,0
go-user-slices-library,0,0.00,11588,false,71,71,0,113.102,32,5273,0,0,0,0,0,0,0,0,0,0,0,0,0,0,0,197,0,0,0,264,29,0
html-chennes-med-only-text-value-change,0,0.00,2752,false,8,8,0,3.773,12,915,0,1,448,0,0,0,0,0,0,0,0,0,0,0,0,0,0,0,0,0,0,0
html-chennes-med-only-text-value-change-2,0,0.00,1716,false,6,6,0,2.183,10,488,0,1,359,0,0,0,0,0,0,0,0,0,0,0,0,0,0,0,0,0,0,0
html-fatedier-add-attribute,0,0.00,251,false,9,9,0,0.382,3,44,0,1,53,0,0,0,0,0,0,0,0,0,0,0,0,26,0,0,0,0,0,0
html-firefox-update-src,0,0.00,506,false,1,1,0,0.543,14,217,0,1,21,0,0,0,0,0,0,0,0,0,0,0,0,0,0,0,0,0,0,0
html-gorhill-add-tag,0,0.00,601,false,19,19,0,0.709,7,261,0,0,0,0,0,0,0,0,0,0,0,0,0,0,0,39,0,0,0,0,0,0
html-ladybird-delete-attribute,0,0.00,105,false,19,19,0,0.119,3,35,0,0,0,0,0,0,0,0,0,0,0,0,0,0,0,23,0,0,0,0,0,0
html-mermaid-update-link,0,0.00,404,false,1,1,0,0.427,3,163,0,1,35,0,0,0,0,0,0,0,0,0,0,0,0,0,0,0,0,0,0,0
html-milkytracker-milkytracker-text-update,0,0.00,81000,false,1,1,0,192.050,3,40457,0,1,39,0,0,0,0,0,0,0,0,0,0,0,0,0,0,0,0,0,0,0
html-oauth-xx-oauth-ruby-version-and-timestamp-update,0,0.00,10536,false,2,2,0,17.818,5,5199,0,1,63,0,0,0,0,0,0,0,0,0,0,0,0,0,0,0,0,0,0,0
html-tcltk-thread-one-multiline-value-changed,0,0.00,8954,false,1,1,0,15.858,15,4373,0,1,88,0,0,0,0,0,0,0,0,0,0,0,0,0,0,0,0,0,0,0
html-twbs-bootstrap-add-the-same-attribute-in-many-places,0,0.00,10475,false,105,105,0,18.426,37,4039,0,0,0,0,0,0,0,0,0,0,0,0,0,0,0,1165,0,0,0,0,0,0
java-add-interface,0,0.00,185,false,23,23,0,0.586,2,14,0,0,0,0,0,0,0,0,0,0,0,0,0,0,16,0,0,0,0,0,71,0
java-add-logging,0,0.00,268,false,60,60,0,2.379,0,0,0,0,0,0,0,0,0,0,0,0,0,0,0,0,0,0,0,0,0,0,163,0
java-eclipse-jdt-eclipse-remove-import-and-inheritance,0,0.00,780,false,26,26,0,1.447,21,303,0,0,0,0,0,0,0,0,0,0,0,0,0,0,0,43,0,0,0,0,29,0
java-fix-array-index,0,0.00,178,false,0,0,0,5.010,0,0,0,0,0,0,0,0,0,0,0,0,0,0,0,0,0,0,0,0,0,0,88,0
java-genymobile-scrcpy-change-some-android-version-constant,0,0.00,2001,false,23,21,2,10.131,21,820,0,0,0,0,0,0,0,0,0,0,0,0,0,0,0,26,0,0,0,0,142,0
java-genymobile-scrcpy-switch-from-three-exceptions-to-one,0,0.00,4377,false,37,37,0,22.560,23,1858,0,0,0,0,0,0,0,0,0,0,0,0,0,0,0,26,0,0,0,0,296,0
java-hunterhacker-jdom-javadoc-update,0,0.00,3266,false,1,1,0,5.270,51,1452,0,1,129,0,0,0,0,0,0,0,0,0,0,0,0,0,0,0,0,0,0,0
java-jflex-de-jflex-javadoc-update,0,0.00,734,false,1,1,0,1.017,7,347,0,1,12,0,0,0,0,0,0,0,0,0,0,0,0,0,0,0,0,0,0,0
java-jopt-simple-jopt-simple-remove-import,0,0.00,1085,false,13,13,0,1.524,5,518,0,0,0,0,0,0,0,0,0,0,0,0,0,0,0,24,0,0,0,0,0,0
java-junit-pioneer-junit-pioneer-add-block-comment,0,0.00,1281,false,1,1,0,1.965,6,622,0,0,0,0,0,0,0,0,0,0,0,0,0,0,0,12,0,0,0,0,0,0
java-nextcloud-android-add-two-function-calls,0,0.00,28688,false,26,26,0,141.160,206,13735,0,0,0,0,1,0,0,0,0,0,0,0,0,0,0,15,0,0,377,8,0,0
java-protobuf-add-two-annotations,0,0.00,8140,false,6,6,0,20.864,55,3842,0,0,0,0,1,0,0,0,0,0,0,0,0,0,0,17,0,0,113,6,0,0
java-protocolbuffers-protobuf-add-a-method,0,0.00,8138,false,30,30,0,17.810,56,3921,0,0,0,0,1,0,0,0,0,0,0,0,0,0,0,17,0,0,42,6,0,0
java-protocolbuffers-protobuf-add-import-and-update-field-access,0,0.00,82839,false,14,14,0,268.437,178,40927,0,1,289,0,0,0,0,0,0,0,0,0,0,0,0,29,0,0,0,0,0,0
java-refactor-constants,0,0.00,180,false,16,16,0,0.958,1,7,0,0,0,0,0,0,0,0,0,0,0,0,0,0,0,0,0,0,0,0,89,0
java-scrcpy-remove-or-expression,0,0.00,1885,false,9,8,1,5.765,19,756,0,0,0,0,0,0,0,0,0,0,0,0,0,0,0,13,0,0,0,0,149,0
java-zeroc-ice-ice-comment-only-update,0,0.00,236,false,1,1,0,0.327,3,63,0,1,51,0,0,0,0,0,0,0,0,0,0,0,0,0,0,0,0,0,0,0
javascript-add-array-method,0,0.00,153,false,57,57,0,1.508,0,0,0,0,0,0,0,0,0,0,0,0,0,0,0,0,0,0,0,0,0,0,104,0
javascript-jquery-ui-rails-jquery-ui-rails-update-text-in-string,0,0.00,952,false,2,2,0,1.599,3,202,0,1,270,0,0,0,0,0,0,0,0,0,0,0,0,0,0,0,0,0,0,0
javascript-jquery-ui-rails-jquery-ui-rails-update-text-in-string-2,0,0.00,952,false,2,2,0,1.597,3,202,0,1,270,0,0,0,0,0,0,0,0,0,0,0,0,0,0,0,0,0,0,0
javascript-microsoft-typescript-another-test-case-marked-with-strict,0,0.00,398,false,6,6,0,0.426,0,0,0,0,0,0,0,0,0,0,0,0,0,0,0,0,0,84,0,0,0,0,117,0
javascript-mozilla-firefox-add-comment,0,0.00,3756,false,2,2,0,6.689,15,1479,0,0,0,0,0,0,0,0,0,0,0,0,0,0,0,375,0,0,0,0,0,0
javascript-refactor-arrow-func,0,0.00,172,false,26,26,0,1.748,1,10,0,0,0,0,0,0,0,0,0,0,0,0,0,0,0,1,0,0,0,0,85,0
javascript-twbs-bootstrap-comment-version-update,0,0.00,2280,false,1,1,0,4.315,1,1136,0,1,2,0,0,0,0,0,0,0,0,0,0,0,0,0,0,0,0,0,0,0
javascript-typescript-add-strict-3,0,0.00,3670,false,6,6,0,4.344,0,0,0,0,0,0,0,0,0,0,0,0,0,0,0,0,0,1548,0,0,0,0,289,0
javascript-typescript-add-use-strict,0,0.00,260,false,6,6,0,0.337,1,22,0,0,0,0,0,0,0,0,1,0,0,0,0,0,0,37,23,0,0,0,47,0
javascript-typescript-use-strict-2,0,0.00,398,false,6,6,0,0.443,0,0,0,0,0,0,0,0,0,0,0,0,0,0,0,0,0,84,0,0,0,0,117,0
javascript-typescript-very-interesting-brokn-code,0,0.00,88,false,1,1,0,0.105,0,0,0,1,43,0,0,0,0,0,0,0,0,0,0,0,0,0,0,0,0,0,0,0
javascript-usebruno-bruno-add-class-to-classname-attribute,0,0.00,3846,false,1,1,0,8.078,27,1574,0,1,321,0,0,0,0,0,0,0,0,0,0,0,0,0,0,0,0,0,0,0
javascript-usebruno-bruno-style-change,0,0.00,211,false,24,24,0,1.850,4,57,0,0,0,0,0,0,0,0,0,0,0,0,0,0,0,5,0,0,0,0,50,0
json-apache-string-change-version,0,0.00,8620,false,1,1,0,15.807,5,3777,0,1,527,0,0,0,0,0,0,0,0,0,0,0,0,0,0,0,0,0,0,0
json-fedoraqt-qgnomeplatform-remove-from-list,0,0.00,49,false,5,5,0,0.273,0,0,0,0,0,0,0,0,0,0,0,0,0,0,0,0,0,27,0,0,0,0,0,0
json-fortawesome-font-awesome-string-change,0,0.00,124,false,1,1,0,0.127,0,0,0,1,61,0,0,0,0,0,0,0,0,0,0,0,0,0,0,0,0,0,0,0
json-gorhill-ublock-add-5-pairs,0,0.00,6285,false,155,155,0,5.873,0,0,0,0,0,0,1,0,0,0,0,0,0,0,0,0,0,0,0,0,3218,0,0,0
json-governikus-ausweisapp-whitespace-only,0,0.00,48,false,1,1,0,0.040,0,0,0,1,23,0,0,0,0,0,0,0,0,0,0,0,0,0,0,0,0,0,0,0
json-iwalton3-jellyfin-web-jmp-gigantic-file-trivial-string-version-change,0,0.00,258504,false,1,1,0,907.108,1,129209,0,1,41,0,0,0,0,0,0,0,0,0,0,0,0,0,0,0,0,0,0,0
json-kellyjonbrazil-jc-add-maxhops-to-traceroute,0,0.00,824,false,16,16,0,1.190,1,377,0,0,0,0,0,0,0,0,0,0,0,0,0,0,0,40,0,0,0,0,0,0
json-langflow-update-single-string,0,0.00,46272,false,1,1,0,138.849,12,22515,0,1,608,0,0,0,0,0,0,0,0,0,0,0,0,0,0,0,0,0,0,0
json-main-branch-track_open_instances-remove-item-from-list,0,0.00,311,false,11,11,0,12.578,0,0,0,0,0,0,0,0,0,0,0,0,0,0,0,0,0,161,0,0,0,0,0,0
json-mastodon-add-translation,0,0.00,22941,false,11,11,0,26.055,0,0,0,0,0,0,1,0,0,0,0,0,0,0,0,0,0,0,0,0,11474,0,0,0
json-nextcloud-server-deleted-pair,0,0.00,553,false,11,11,0,38.573,0,0,0,0,0,0,0,0,0,0,0,0,0,0,0,0,0,282,0,0,0,0,0,0
json-nextcloud-server-remove-many-and-move-one,0,0.00,7960,false,294,294,0,8.407,0,0,0,0,0,0,1,10,0,0,0,0,0,0,0,0,0,0,0,0,4095,20,0,0
json-radarr-radarr-rename-string-key,0,0.00,24588,false,1,1,0,76.181,0,0,0,1,12293,0,0,0,0,0,0,0,0,0,0,0,0,0,0,0,0,0,0,0
json-shadcn-ui-ui-react-code-in-string-constant,0,0.00,1065,false,15,15,0,4.337,0,0,0,0,0,0,1,0,0,0,0,0,0,0,0,0,0,0,0,0,448,90,0,0
json-shadcn-ui-ui-string-value-update-string-is-code,0,0.00,392,false,1,1,0,0.623,0,0,0,1,195,0,0,0,0,0,0,0,0,0,0,0,0,0,0,0,0,0,0,0
kotlin-add-data-class,0,0.00,189,false,48,48,0,1.010,1,34,0,0,0,0,0,0,0,0,0,0,0,0,0,0,23,0,0,0,0,0,49,10
kotlin-add-null-check,0,0.00,158,false,16,16,0,0.697,1,39,0,0,0,0,0,0,0,0,0,0,0,0,0,0,0,0,0,0,0,0,39,7
kotlin-add-validation,0,0.00,192,false,60,60,0,1.738,1,25,0,0,0,0,0,0,0,0,0,0,0,0,0,0,0,0,0,0,0,0,89,10
kotlin-fix-loop-bug,0,0.00,266,false,4,4,0,2.527,1,61,0,0,0,0,0,0,0,0,0,0,0,0,0,0,0,0,0,0,0,0,56,16
kotlin-jetbrains-kotlin-add-single-const,0,0.00,570,false,12,12,0,0.547,0,0,0,0,0,0,0,0,0,0,0,0,0,0,0,0,0,14,0,0,0,0,276,0
kotlin-jetbrains-kotlin-remove-typealias-with-annotations,0,0.00,341,false,45,45,0,0.459,3,131,0,0,0,0,0,0,0,0,0,0,0,0,0,0,0,58,0,0,0,0,0,0
kotlin-nextcloud-android-add-a-feature,0,0.00,7088,false,88,88,0,65.776,62,3074,0,0,0,0,0,0,0,0,0,0,0,0,0,0,0,25,0,0,0,0,391,31
kotlin-nextcloud-whitespace-only-change,0,0.00,1138,false,0,0,0,1.737,1,568,0,0,0,0,0,0,0,0,0,0,0,0,0,0,0,0,0,0,0,0,0,0
kotlin-refactor-function,0,0.00,265,false,162,162,0,4.207,0,0,0,0,0,0,0,0,0,0,0,0,0,0,0,0,0,128,0,0,0,0,83,0
kotlin-small-api-change,0,0.00,1565,false,15,15,0,3.591,14,672,0,0,0,0,0,0,0,0,0,0,0,0,0,0,0,10,0,0,0,0,67,26
kotlin-yairm210-unciv-small-change,0,0.00,1582,false,21,21,0,13.205,18,577,0,0,0,0,0,0,0,0,0,0,0,0,0,0,0,24,0,0,0,0,181,0
lua-awesome-only-comment-change,0,0.00,9288,false,1,1,0,24.807,27,3385,0,1,1231,0,0,0,0,0,0,0,0,0,0,0,0,0,0,0,0,0,0,0
lua-awesomewm-awesome-align-to-halign,0,0.00,966,false,2,2,0,1.453,0,0,0,1,482,0,0,0,0,0,0,0,0,0,0,0,0,0,0,0,0,0,0,0
lua-awesomewm-awesome-comment-changes-and-additions,0,0.00,3384,false,10,10,0,6.209,7,1382,0,0,0,0,0,0,0,0,0,0,0,0,0,0,0,295,0,0,0,0,0,0
lua-dromozoa-dromozoa-utf8-only-comment-text-update,0,0.00,4920,false,1,1,0,9.682,10,1948,0,1,501,0,0,0,0,0,0,0,0,0,0,0,0,0,0,0,0,0,0,0
lua-luals-lua-language-server-add-two-translations,0,0.00,6398,false,18,18,0,5.356,0,0,0,0,0,0,1,0,0,0,0,0,0,0,0,0,0,3207,0,0,0,0,0,0
lua-luaposix-luaposix-copyright-year-change,0,0.00,7426,false,1,1,0,13.838,16,3678,0,1,18,0,0,0,0,0,0,0,0,0,0,0,0,0,0,0,0,0,0,0
lua-neovim-neovim-constant-changes,0,0.00,2108,false,2,2,0,3.970,1,798,0,1,254,0,0,0,0,0,0,0,0,0,0,0,0,0,0,0,0,0,0,0
lua-neovim-neovim-logic-change-with-some-code-re-use,0,0.00,19702,false,411,271,140,95.150,41,8056,0,0,0,0,0,0,0,0,0,0,0,0,0,0,0,1101,0,0,0,0,683,0
lua-neovim-one-added-line,0,0.00,3995,false,17,17,0,7.941,7,1688,0,0,0,0,0,0,0,0,0,0,0,0,0,0,0,170,0,0,0,0,136,0
lua-return-to-the-roots-s25client-add-two-items-to-list,0,0.00,9078,false,20,20,0,22.024,14,4377,0,0,0,0,0,0,0,0,0,0,0,0,0,0,0,33,0,0,0,0,103,0
lua-return-to-the-roots-s25client-few-added-lines,0,0.00,1530,false,102,102,0,1.854,4,179,0,0,0,0,0,0,0,0,0,0,0,0,0,0,0,3,0,0,0,0,618,0
php-doctrine-orm-delete-3-comments-and-update-1,0,0.00,18809,false,4,4,0,815.058,78,8455,0,0,0,0,1,0,0,0,0,0,0,0,0,0,0,20,0,0,828,3,0,0
php-icinga-icingaweb2-module-graphite-add-a-few-nodes,0,0.00,2407,false,61,61,0,3.743,17,652,0,0,0,0,0,0,0,0,0,0,0,0,0,0,0,29,0,0,0,0,535,0
php-nextcloud-change-doccomment,0,0.00,3542,false,1,1,0,6.377,16,1685,0,1,69,0,0,0,0,0,0,0,0,0,0,0,0,0,0,0,0,0,0,0
php-nextcloud-server-whitespace-and-added-declaration,0,0.00,511,false,9,9,0,0.792,1,247,0,0,0,0,0,0,0,0,0,0,0,0,0,0,0,10,0,0,0,0,0,0
php-php-fig-log-deleted-a-class,0,0.00,2550,false,24,24,0,4.655,4,1247,0,0,0,0,0,0,0,0,0,0,0,0,0,0,0,34,0,0,0,0,0,0
php-smarty-php-smarty-change-version-string,0,0.00,23632,false,1,1,0,58.684,70,9657,0,1,2088,0,0,0,0,0,0,0,0,0,0,0,0,0,0,0,0,0,0,0
php-wordpress-wordpress-add-null-to-return,0,0.00,39795,false,1,1,0,124.191,30,19477,0,0,0,0,0,0,0,0,0,0,0,0,0,0,0,2,0,0,0,0,358,0
php-wordpress-wordpress-add-rtc-check,0,0.00,20536,false,80,80,0,171.631,35,9838,0,0,0,0,0,0,0,0,0,0,0,0,0,0,0,4,0,0,0,0,396,0
php-wordpress-wordpress-update-doccomment,0,0.00,8636,false,3,3,0,17.092,13,4033,0,1,271,0,0,0,0,0,0,0,0,0,0,0,0,0,0,0,0,0,0,0
php-wordpress-wordpress-version-update,0,0.00,168,false,1,1,0,0.200,0,0,0,1,83,0,0,0,0,0,0,0,0,0,0,0,0,0,0,0,0,0,0,0
php-wordpress-wordpress-version-update-2,0,0.00,168,false,1,1,0,0.206,0,0,0,1,83,0,0,0,0,0,0,0,0,0,0,0,0,0,0,0,0,0,0,0
php-wordpress-wordpress-version-update-3,0,0.00,168,false,1,1,0,0.200,0,0,0,1,83,0,0,0,0,0,0,0,0,0,0,0,0,0,0,0,0,0,0,0
php-wordpress-wordpress-whitespace-only-change,0,0.00,40226,false,0,0,0,104.964,1,20112,0,0,0,0,0,0,0,0,0,0,0,0,0,0,0,0,0,0,0,0,0,0
php-zetacomponents-base-whitespace-only-change,0,0.00,636,false,1,1,0,1.045,1,311,0,1,5,0,0,0,0,0,0,0,0,0,0,0,0,0,0,0,0,0,0,0
python-aajanki-yle-dl-tiny-change,0,0.00,685,false,5,5,0,1.081,5,185,0,1,124,0,0,0,0,0,0,0,0,0,0,0,0,26,0,0,0,0,0,0
python-add-remove-block,0,0.00,315,false,50,50,0,0.797,1,51,0,0,0,0,0,0,0,0,0,0,0,0,0,0,0,17,0,0,0,0,112,0
python-added-if-block,0,0.00,349,false,13,13,0,1.867,2,108,0,0,0,0,0,0,0,0,1,0,0,0,0,0,0,10,58,0,0,0,0,0
python-added-if-block-small,0,0.00,62,false,8,8,0,0.277,0,0,0,0,0,0,0,0,0,0,1,0,0,0,0,0,0,9,23,0,0,0,0,0
python-ansible-ansible-field-rename,0,0.00,20862,false,1,1,0,47.089,55,10080,0,1,295,0,0,0,0,0,0,0,0,0,0,0,0,0,0,0,0,0,0,0
python-api-change,0,0.00,434,false,231,231,0,5.779,1,3,0,0,0,0,0,0,0,0,0,0,0,0,0,0,125,0,0,0,0,0,201,0
python-bolero-murakami-sprout-change-copyright-year,0,0.00,2712,false,1,1,0,4.742,9,1313,0,1,33,0,0,0,0,0,0,0,0,0,0,0,0,0,0,0,0,0,0,0
python-bugfix-loop,0,0.00,338,false,43,43,0,1.723,0,0,0,0,0,0,0,0,0,0,0,0,0,0,0,0,0,17,0,0,0,0,172,0
python-espressomd-espresso-fix-comment-typo,0,0.00,7300,false,1,1,0,14.755,16,2974,0,1,659,0,0,0,0,0,0,0,0,0,0,0,0,0,0,0,0,0,0,0
python-open-telemetry-opentelemetry-python-move-from-one-function-to-other,0,0.00,580,false,2,2,0,0.800,5,194,0,1,90,0,0,0,0,0,0,0,0,0,0,0,0,0,0,0,0,0,0,0
python-openhands-openhands-change-string-constant,0,0.00,928,false,1,1,0,1.359,8,283,0,1,172,0,0,0,0,0,0,0,0,0,0,0,0,0,0,0,0,0,0,0
python-paddlepaddle-paddleocr-formatting-only-change,0,0.00,10188,false,0,0,0,18.855,1,5093,0,0,0,0,0,0,0,0,0,0,0,0,0,0,0,0,0,0,0,0,0,0
python-pandas-dev-pandas-doccoment-changes-only,0,0.00,29224,false,19,19,0,68.699,53,13607,0,1,951,0,0,0,0,0,0,0,0,0,0,0,0,0,0,0,0,0,0,0
python-persepolisdm-persepolis-add-a-single-node,0,0.00,4107,false,1,1,0,7.303,9,2012,0,0,0,0,0,0,0,0,0,0,0,0,0,0,0,30,0,0,0,0,0,0
python-refactoring,0,0.00,267,false,93,93,0,7.574,0,0,0,0,0,0,0,0,0,0,0,0,0,0,0,0,0,0,0,0,0,0,179,0
python-thefuck-multiline-string-change,0,0.00,1188,false,1,1,0,1.766,14,515,0,1,64,0,0,0,0,0,0,0,0,0,0,0,0,0,0,0,0,0,0,0
python-ytdl-add-import-and-function-call,0,0.00,1731,false,15,15,0,2.539,13,526,0,0,0,0,0,0,0,0,0,0,0,0,0,0,0,333,0,0,0,0,0,0
python-zaneb-autopage-move-time-sleep,0,0.00,6312,false,0,0,0,13.255,34,3021,0,0,0,0,0,10,0,0,0,0,0,0,0,0,0,15,0,0,0,0,64,0
r-gtownsend-icon-one-letter-identifier-change,0,0.00,6642,false,1,1,0,12.428,11,1615,0,1,1694,0,0,0,0,0,0,0,0,0,0,0,0,0,0,0,0,0,0,0
r-mtytel-helm-dummy-file,0,0.00,68,false,1,1,0,0.114,0,0,0,1,33,0,0,0,0,0,0,0,0,0,0,0,0,0,0,0,0,0,0,0
ruby-homebrew-add-or-expression,0,0.00,6146,false,6,6,0,223.157,26,1980,0,0,0,0,0,0,0,0,0,0,0,0,0,0,0,37,0,0,0,0,1032,0
ruby-homebrew-brew-enclose-block-in-rescue,0,0.00,2867,false,13,13,0,8.682,7,1226,0,0,0,0,0,0,0,0,0,0,0,0,0,0,0,86,0,0,0,0,120,0
ruby-homebrew-brew-function-callsite-argument-change,0,0.00,10273,false,42,42,0,30.061,21,4980,0,0,0,0,0,0,0,0,0,0,0,0,0,0,0,143,0,0,0,0,0,0
ruby-intridea-multi_json-remove-double-colon,0,0.00,328,false,2,2,0,0.822,1,139,0,0,0,0,0,0,0,0,0,0,0,0,0,0,0,24,0,0,0,0,0,0
ruby-intridea-multi_json-remove-single-comma,0,0.00,385,false,1,1,0,10.611,4,74,0,0,0,0,0,0,0,0,0,0,0,0,0,0,0,7,0,0,0,0,107,0
ruby-junegunn-fzf-add-test-case,0,0.00,73976,false,76,76,0,271.839,212,36584,0,0,0,0,1,0,0,0,0,0,0,0,0,0,0,146,0,0,76,6,0,0
ruby-junegunn-fzf-add-test-case-2,0,0.00,75933,false,51,51,0,278.412,227,37552,0,0,0,0,1,0,0,0,0,0,0,0,0,0,0,154,0,0,51,6,0,0
ruby-moneta-rb-moneta-change-one-identifier,0,0.00,220,false,1,1,0,0.442,4,76,0,1,29,0,0,0,0,0,0,0,0,0,0,0,0,0,0,0,0,0,0,0
ruby-moneta-rb-moneta-trivial-version-update,0,0.00,36,false,1,1,0,0.043,1,0,0,1,16,0,0,0,0,0,0,0,0,0,0,0,0,0,0,0,0,0,0,0
ruby-rapid7-ruby_smb-add-import-and-one-expression,0,0.00,3815,false,41,41,0,73.931,20,1268,0,0,0,0,1,0,0,0,0,0,0,0,0,0,0,7,0,0,564,4,3,0
rust-add-if,0,0.00,139,false,23,23,0,0.402,1,40,0,0,0,0,0,0,0,0,0,0,0,0,0,0,0,0,0,0,0,0,39,0
rust-add-to-existing-use,0,0.00,69,false,7,6,1,0.216,1,20,0,0,0,0,0,0,0,0,0,0,0,0,0,0,0,16,0,0,0,0,0,0
rust-add-value-to-enum,0,0.00,277,false,3,3,0,0.737,2,87,0,0,0,0,0,0,0,0,0,0,0,0,0,0,0,27,0,0,0,0,23,0
rust-adding-many-identical-cfg-test-statements-to-a-signle-file-doesnt-prefer-the-local-insert-but-rather-goes-to-some-other-existing-cfg,0,0.00,2318,false,602,602,0,2.960,61,734,0,0,0,0,0,0,0,0,0,0,0,0,0,0,602,0,0,0,0,0,0,0
rust-adding-to-a-list-of-identical-attributes-should-favour-near-matches,0,0.00,6476,false,28,28,0,9.429,230,2762,0,0,0,0,0,0,0,0,0,0,0,0,0,0,28,0,0,0,0,0,0,0
rust-cost-optimization,0,0.00,418,false,16,16,0,3.494,3,131,0,0,0,0,0,0,0,0,0,0,0,0,0,0,0,0,0,0,0,0,82,0
rust-data-structure,0,0.00,316,false,145,145,0,9.162,1,15,0,0,0,0,0,0,0,0,0,0,0,0,0,0,107,0,0,0,0,0,106,0
rust-firefox-webrenderer-borders,0,0.00,4916,false,36,32,4,16.437,43,1615,0,1,170,0,0,0,0,0,0,0,0,0,0,0,0,0,0,0,0,0,626,0
rust-fornwall-rust-script-add-lifecycle-management,0,0.00,14253,false,21,21,0,39.223,28,6928,0,0,0,0,0,0,0,0,0,0,0,0,0,0,0,38,0,0,0,0,125,0
rust-hash-optimization,0,0.00,573,false,223,177,46,12.550,1,9,0,0,0,0,0,0,0,0,0,0,0,0,0,0,95,0,0,0,0,0,290,0
rust-hello-world-added-message,0,0.00,56,false,12,12,0,0.572,0,0,0,0,0,0,0,0,0,0,0,0,0,0,0,0,0,0,0,0,0,0,33,0
rust-hello-world-removed-message,0,0.00,56,false,12,12,0,0.575,0,0,0,0,0,0,0,0,0,0,0,0,0,0,0,0,0,0,0,0,0,0,33,0
rust-leetcode-1-bugfix,0,0.00,481,false,41,41,0,2.494,2,153,0,0,0,0,0,0,0,0,0,0,0,0,0,0,0,0,0,0,0,0,105,0
rust-multi-map-duplicate-calls,0,0.00,69,false,7,7,0,0.297,0,0,0,0,0,0,0,7,0,0,0,0,0,0,0,0,0,0,0,0,0,0,30,0
rust-next-font-imports-generator,0,0.00,4761,false,33,29,4,102.066,10,1962,2,0,0,0,0,0,0,0,0,0,0,0,0,0,0,0,0,0,0,0,422,0
rust-no-change,0,0.00,766,false,0,0,0,1.386,1,382,0,0,0,0,0,0,0,0,0,0,0,0,0,0,0,0,0,0,0,0,0,0
rust-refirmlabs-binwalk-whitespace-only,0,0.00,10746,false,0,0,0,26.995,1,5372,0,0,0,0,0,0,0,0,0,0,0,0,0,0,0,0,0,0,0,0,0,0
rust-rust-lang-rust-add-key-to-function-arguments-and-call-sites,0,0.00,11556,false,26,26,0,142.389,39,4929,0,0,0,0,0,0,0,0,0,0,0,0,0,0,0,57,0,0,0,0,714,0
rust-rustdesk-add-item,0,0.00,16556,false,12,12,0,28.736,0,0,0,0,0,0,1,0,0,0,0,0,0,0,0,0,0,0,0,0,8235,47,0,0
rust-rustdesk-add-one-slice-element,0,0.00,18406,false,12,12,0,31.797,0,0,0,0,0,0,1,0,0,0,0,0,0,0,0,0,0,0,0,0,9160,47,0,0
rust-rustdesk-rustdesk-add-two-values-to-slice,0,0.00,18688,false,24,24,0,31.644,0,0,0,0,0,0,1,0,0,0,0,0,0,0,0,0,0,0,0,0,9307,47,0,0
rust-rustdesk-rustdesk-string-constant-change,0,0.00,18826,false,1,1,0,51.196,0,0,0,1,9412,0,0,0,0,0,0,0,0,0,0,0,0,0,0,0,0,0,0,0
rust-skim-rs-skim-format-string,0,0.00,2394,false,3,3,0,13.919,17,878,0,0,0,0,0,0,0,0,0,0,0,0,0,0,0,0,0,0,0,0,300,0
rust-tauri-api-build-1,0,0.00,907,false,5,4,1,10.624,4,276,0,0,0,0,0,0,0,0,0,0,0,0,0,0,0,0,0,0,0,0,172,0
rust-tauri-api-build-2,0,0.00,909,false,4,4,0,4.209,4,345,0,0,0,0,0,0,0,0,0,0,0,0,0,0,0,0,0,0,0,0,103,0
rust-tauri-cli-ios-dev,0,0.00,5162,false,2,2,0,63.314,17,2106,0,0,0,0,0,0,0,0,0,0,0,0,0,0,0,13,0,0,0,0,438,0
rust-turbopack-persistence-tools-main,0,0.00,925,false,12,12,0,3.470,6,354,0,0,0,0,0,0,0,0,0,0,0,0,0,0,0,11,0,16,0,0,79,0
rust-tursodatabase-turso-unwrap-to-expect,0,0.00,1642,false,10,10,0,6.054,9,660,0,0,0,0,0,0,0,0,0,0,0,0,0,0,0,30,0,0,0,0,124,0
rust-vercel-nextjs-move-from-one-struct-to-another-and-add-some-code,0,0.00,2724,false,55,55,0,57.052,16,750,0,1,25,0,0,0,0,0,0,0,0,0,0,0,0,14,0,62,0,0,513,0
rust-xou816-spot-add-Some-around-existing-code,0,0.00,4771,false,5,5,0,10.353,16,2283,0,0,0,0,0,0,0,0,0,0,0,0,0,0,0,48,0,0,0,0,40,0
rust-zed-git-panel-settings,0,0.00,1232,false,22,22,0,78.787,9,193,0,0,0,0,0,0,0,0,0,0,0,0,0,0,0,16,0,0,0,0,407,0
rust-zed-industries-zed-add-argument,0,0.00,107840,false,38,38,0,747.122,178,52399,0,0,0,0,0,0,0,0,0,0,0,0,0,0,0,26,0,0,0,0,1279,0
scala-com-lihaoyi-mill-add-one-argument,0,0.00,471,false,5,5,0,3.050,2,150,0,0,0,0,0,0,0,0,0,0,0,0,0,0,0,10,0,0,0,0,75,0
scala-com-lihaoyi-mill-assert-format-string-change,0,0.00,1398,false,2,2,0,2.842,2,11,0,1,685,0,0,0,0,0,0,0,0,0,0,0,0,0,0,0,0,0,0,0
scala-com-lihaoyi-mill-expand-import-path,0,0.00,4492,false,2,2,0,9.363,9,2222,0,0,0,0,0,0,0,0,0,0,0,0,0,0,0,15,0,0,0,0,0,0
scala-com-lihaoyi-mill-version-string-change,0,0.00,4334,false,0,0,0,8.719,17,1030,0,1,1119,0,0,0,0,0,0,0,0,0,0,0,0,0,0,0,0,0,0,0
scala-sirthias-parboiled-value-change,0,0.00,478,false,2,2,0,0.727,6,155,0,1,77,0,0,0,0,0,0,0,0,0,0,0,0,0,0,0,0,0,0,0
scala-ymnk-jzlib-interesting-probably-has-no-optimal-solution,0,0.00,457,false,32,30,2,2.216,5,151,0,0,0,0,0,0,0,0,0,0,0,0,0,0,0,0,0,0,0,0,86,0
shellscript-ansible-ansible-add-variable-and-string-expansion,0,0.00,1441,false,20,20,0,5.804,4,354,0,0,0,0,0,0,0,0,0,0,0,0,0,0,0,232,0,0,0,0,0,135
shellscript-ansible-ansible-simple-deletion,0,0.00,85,false,9,9,0,0.624,0,0,0,0,0,0,0,0,0,0,0,0,0,0,0,0,0,47,0,0,0,0,0,0
shellscript-fleetingheart-ksre-multiline-string-change,0,0.00,1136,false,1,1,0,1.616,5,480,0,1,82,0,0,0,0,0,0,0,0,0,0,0,0,0,0,0,0,0,0,0
shellscript-genymobile-scrcpy-add-two-flags,0,0.00,1262,false,2,2,0,1.838,1,129,0,0,0,0,0,0,0,0,0,0,0,0,0,0,0,368,0,0,0,0,0,133
shellscript-go-delve-delve-add-if,0,0.00,1366,false,30,30,0,1.973,4,412,0,0,0,0,0,0,0,0,0,0,0,0,0,0,0,240,0,0,0,0,0,38
shellscript-hgst-libzbc-add-variable,0,0.00,61,false,7,7,0,0.067,0,0,0,0,0,0,0,0,0,0,0,0,0,0,0,0,0,26,0,0,0,0,0,7
shellscript-maxsatula-ocp-small-change,0,0.00,136,false,1,1,0,0.148,0,0,0,1,67,0,0,0,0,0,0,0,0,0,0,0,0,0,0,0,0,0,0,0
shellscript-nextcloud-server-change-invocation-string,0,0.00,6090,false,1,1,0,10.831,17,2042,0,1,985,0,0,0,0,0,0,0,0,0,0,0,0,0,0,0,0,0,0,0
shellscript-nicolargo-glances-add-shebang,0,0.00,31,false,5,5,0,0.034,0,0,0,0,0,0,0,0,0,0,0,0,0,0,0,0,0,12,0,0,0,0,0,4
shellscript-nvm-sh-nvm-upgrade-version-string,0,0.00,66244,false,1,1,0,187.208,129,32665,0,1,327,0,0,0,0,0,0,0,0,0,0,0,0,0,0,0,0,0,0,0
shellscript-pi-hole-pi-hole-sql-code-in-string-constant,0,0.00,17760,false,5,5,0,38.287,51,8182,0,1,646,0,0,0,0,0,0,0,0,0,0,0,0,0,0,0,0,0,0,0
shellscript-pytorch-pytorch-change-invocation-string,0,0.00,3976,false,1,1,0,6.219,11,1580,0,1,396,0,0,0,0,0,0,0,0,0,0,0,0,0,0,0,0,0,0,0
shellscript-ropery-ffcast-comment-only-change,0,0.00,3168,false,2,2,0,4.930,9,1139,0,0,0,0,0,0,0,0,0,0,0,0,0,0,0,375,0,0,0,0,0,53
swift-nextcloud-ios-actual-logic-added,0,0.00,3229,false,197,197,0,116.037,12,1101,0,0,0,0,0,0,0,0,0,0,0,0,0,0,0,0,0,0,0,0,596,0
swift-nextcloud-ios-add-4-functions,0,0.00,13465,false,701,701,0,34.217,14,5763,0,0,0,0,0,0,0,0,0,0,0,0,0,0,0,0,0,0,0,0,1290,0
swift-nextcloud-ios-call-different-function,0,0.00,892,false,1,1,0,1.640,6,335,0,1,104,0,0,0,0,0,0,0,0,0,0,0,0,0,0,0,0,0,0,0
swift-swiftlang-swift-comment-change,0,0.00,40,false,1,1,0,0.036,0,0,0,1,19,0,0,0,0,0,0,0,0,0,0,0,0,0,0,0,0,0,0,0
swift-swiftlang-swift-comment-change-2,0,0.00,168,false,1,1,0,0.209,1,61,0,1,21,0,0,0,0,0,0,0,0,0,0,0,0,0,0,0,0,0,0,0
tsx-apache-superset-add-test-case,0,0.00,12979,false,85,85,0,27.428,42,6307,0,0,0,0,0,0,0,0,0,0,0,0,0,0,0,104,0,0,0,0,77,0
tsx-excalidraw-excalidraw-import-path-change,0,0.00,738,false,2,2,0,1.164,3,335,0,1,30,0,0,0,0,0,0,0,0,0,0,0,0,0,0,0,0,0,0,0
tsx-keybase-client-change-from-one-import-and-call-to-another,0,0.00,3744,false,6,6,0,94.256,17,1559,0,1,12,0,0,0,0,0,0,0,0,0,0,0,0,4,0,0,0,0,280,0
tsx-keybase-client-emoji-to-native,0,0.00,4732,false,1,1,0,9.689,21,1974,0,1,370,0,0,0,0,0,0,0,0,0,0,0,0,0,0,0,0,0,0,0
tsx-kong-insomnia-classname-strings-changed,0,0.00,2586,false,2,2,0,4.440,7,1129,0,1,156,0,0,0,0,0,0,0,0,0,0,0,0,0,0,0,0,0,0,0
tsx-langflow-ai-langflow-move-function-around-update-string-constant,0,0.00,7336,false,1,1,0,101.721,40,3253,0,0,0,0,0,0,0,0,0,0,0,0,0,0,0,4,0,0,0,0,355,0
tsx-material-remove-import,0,0.00,2309,false,13,13,0,4.575,4,1143,0,0,0,0,0,0,0,0,0,0,0,0,0,0,0,13,0,0,0,0,0,0
tsx-mitmproxy-mitmproxy-array-to-object,0,0.00,141,false,7,7,0,0.248,4,57,0,0,0,0,0,0,0,0,0,0,0,0,0,0,0,12,0,0,0,0,0,0
tsx-rektdeckard-departure-mono-import-path,0,0.00,12404,false,1,1,0,26.361,5,6109,0,1,87,0,0,0,0,0,0,0,0,0,0,0,0,0,0,0,0,0,0,0
tsx-shadcn-ui-ui-add-attribute,0,0.00,735,false,7,7,0,206.363,4,143,0,0,0,0,0,0,0,0,0,0,0,0,0,0,0,6,0,0,0,0,215,0
tsx-shadcn-ui-ui-real-small-change,0,0.00,491,false,17,17,0,0.690,4,102,0,1,116,0,0,0,0,0,0,0,0,0,0,0,0,28,0,0,0,0,0,0
typescript-add-type-annotations,0,0.00,176,false,40,40,0,2.552,1,8,0,0,0,0,0,0,0,0,0,0,0,0,0,0,0,27,0,0,0,0,70,0
typescript-excalidraw-excalidraw-add-function,0,0.00,16917,false,399,399,0,36.222,74,7952,0,0,0,0,0,0,0,0,0,0,0,0,0,0,0,471,0,0,0,0,98,0
typescript-excalidraw-excalidraw-add-values-to-lists,0,0.00,6170,false,28,28,0,1165.131,10,583,0,0,0,0,1,0,0,0,0,0,0,0,0,0,0,21,0,0,1812,10,649,0
typescript-lxqt-lxqt-openssh-askpass-change-url,0,0.00,600,false,1,1,0,5.327,1,83,0,0,0,0,0,0,0,0,0,0,0,0,0,0,0,215,0,0,0,0,0,0
typescript-lxqt-lxqt-panel-not-actually-ts-but-still,0,0.00,12710,false,3,3,0,87.710,14,5295,0,0,0,0,0,0,0,0,0,0,0,0,0,0,0,1045,0,0,0,0,0,0
typescript-microsoft-playwright-add-two-test-cases,0,0.00,5593,false,455,455,0,10.248,15,2550,0,0,0,0,0,0,0,0,0,0,0,0,0,0,455,0,0,0,0,0,0,0
typescript-microsoft-typescript-add-dot-js-to-import-paths,0,0.00,2808,false,3,3,0,5.278,2,1332,0,1,69,0,0,0,0,0,0,0,0,0,0,0,0,0,0,0,0,0,0,0
typescript-microsoft-typescript-add-target-comment,0,0.00,637,false,1,1,0,0.742,1,45,0,0,0,0,0,0,0,0,0,0,0,0,0,0,0,53,0,0,0,0,219,0
typescript-microsoft-typescript-comment-change,0,0.00,102,false,1,1,0,0.132,0,0,0,1,50,0,0,0,0,0,0,0,0,0,0,0,0,0,0,0,0,0,0,0
typescript-refactor-interface,0,0.00,326,false,48,48,0,0.512,2,130,0,0,0,0,0,0,0,0,0,0,0,0,0,0,40,0,0,0,0,0,14,0
typescript-typescript-add-target-comment,0,0.00,271,false,1,1,0,0.394,2,120,0,0,0,0,0,0,0,0,0,0,0,0,0,0,0,12,0,0,0,0,0,0
typescript-typescript-add-target-comment-2,0,0.00,193,false,1,1,0,8.567,0,0,0,0,0,0,0,0,0,0,0,0,0,0,0,0,0,97,0,0,0,0,0,0
typescript-typescript-add-target-comment-3,0,0.00,67,false,1,1,0,0.069,0,0,0,0,0,0,0,0,0,0,0,0,0,0,0,0,0,4,0,0,0,0,29,0
vimscript-chikamichi-mediawiki-remove-3-lines,0,0.00,1945,false,17,17,0,13.523,4,712,0,0,0,0,0,0,0,0,0,0,0,0,0,0,0,246,0,0,0,0,13,0
vimscript-fedorenchik-qt-support-add-two-lines,0,0.00,13809,false,11,11,0,13.391,0,0,0,0,0,0,1,0,0,0,0,0,0,0,0,0,0,6909,0,0,0,0,0,0
vimscript-idanarye-vim-merginal-add-one-call,0,0.00,4370,false,26,26,0,6.571,9,1768,0,0,0,0,0,0,0,0,0,0,0,0,0,0,0,420,0,0,0,0,0,0
vimscript-jreybert-vimagit-move-one-line,0,0.00,4788,false,0,0,0,7.799,23,2147,0,0,0,0,0,8,0,0,0,0,0,0,0,0,0,139,0,0,0,0,5,0
vimscript-m-pilia-vim-mediawiki-add-a-new-functon,0,0.00,1642,false,22,22,0,2.375,12,735,0,0,0,0,0,0,0,0,0,0,0,0,0,0,0,72,0,0,0,0,0,0
vimscript-neovim-neovim-add-a-few-lines,0,0.00,419,false,8,8,0,0.555,1,54,0,0,0,0,0,0,0,0,0,0,0,0,0,0,0,157,0,0,0,0,0,0
vimscript-neovim-neovim-add-a-few-lines-one-after-the-other,0,0.00,3093,false,41,41,0,4.114,6,1092,0,0,0,0,1,0,0,0,0,0,0,0,0,0,0,460,0,0,0,0,5,0
vimscript-neovim-neovim-add-line-comment,0,0.00,14569,false,1,1,0,41.225,24,6759,0,0,0,0,0,0,0,0,0,0,0,0,0,0,0,475,0,0,0,0,10,0
vimscript-neovim-neovim-add-test-case-plus-edit-existing-one,0,0.00,79315,false,249,249,0,200.346,139,37427,0,0,0,0,0,0,0,0,0,0,0,0,0,0,0,2128,0,0,0,0,5,0
vimscript-neovim-neovim-i-have-no-idea-what-this-diff-does,0,0.00,9982,false,6,6,0,109.203,12,1293,0,0,0,0,1,0,0,0,0,0,0,0,0,0,0,15,0,0,3336,333,0,0
vimscript-neovim-neovim-improved-asserts,0,0.00,4819,false,40,40,0,33.202,15,2038,0,0,0,0,0,0,0,0,0,0,0,0,0,0,0,362,0,0,0,0,5,0
vimscript-protesilaos-tempus-themes-vim-change-two-values,0,0.00,3794,false,2,2,0,5.776,0,0,0,1,1896,0,0,0,0,0,0,0,0,0,0,0,0,0,0,0,0,0,0,0
xml-adoptopenjdk-icedtea-web-update-version-string,0,0.00,3482,false,1,1,0,6.094,9,1654,0,1,77,0,0,0,0,0,0,0,0,0,0,0,0,0,0,0,0,0,0,0
xml-antlr-antlr3-comment-out-part-of-code-interesting-case,0,0.00,552,false,49,49,0,0.979,8,164,0,0,0,0,0,0,0,0,0,0,0,0,0,0,0,123,0,0,0,0,0,0
xml-eclipse-ee4j-jaxb-istack-commons-update-version-string,0,0.00,596,false,1,1,0,0.740,8,212,0,1,77,0,0,0,0,0,0,0,0,0,0,0,0,0,0,0,0,0,0,0
xml-javacc-javacc-version-update,0,0.00,14704,false,2,2,0,37.869,27,7222,0,1,102,0,0,0,0,0,0,0,0,0,0,0,0,0,0,0,0,0,0,0
xml-lincity-ng-lincity-ng-whitespace-only-change,0,0.00,524,false,0,0,0,0.596,1,261,0,0,0,0,0,0,0,0,0,0,0,0,0,0,0,0,0,0,0,0,0,0
xml-megaglest-megaglest-data-update-url-path,0,0.00,2574,false,0,0,0,3.829,25,1186,0,1,75,0,0,0,0,0,0,0,0,0,0,0,0,0,0,0,0,0,0,0
xml-microsoft-terminal-multiline-string-constant-change,0,0.00,1666,false,1,1,0,2.244,19,726,0,1,87,0,0,0,0,0,0,0,0,0,0,0,0,0,0,0,0,0,0,0
xml-mozilla-firefox-firefox-add-a-few-attributes,0,0.00,452,false,36,36,0,0.926,7,112,0,0,0,0,0,0,0,0,0,0,0,0,0,0,0,122,0,0,0,0,0,0
xml-nextcloud-android-add-few-translations,0,0.00,32928,false,108,108,0,66.248,870,14643,0,0,0,0,1,0,0,0,0,0,0,0,0,0,0,15,0,0,979,9,0,0
xml-nextcloud-android-delete-element,0,0.00,42774,false,18,18,0,91.350,1137,19077,0,0,0,0,1,0,0,0,0,0,0,0,0,0,0,15,0,0,1156,9,0,0
xml-nextcloud-android-delete-element-2,0,0.00,42630,false,18,18,0,90.160,1121,19037,0,0,0,0,1,0,0,0,0,0,0,0,0,0,0,15,0,0,1140,9,0,0
xml-odoo-odoo-add-attribute,0,0.00,13420,false,6,6,0,28.901,52,6370,0,0,0,0,0,0,0,0,0,0,0,0,0,0,0,272,0,0,0,0,0,0
xml-odoo-odoo-add-two-attributes,0,0.00,54742,false,12,12,0,799.836,147,26714,0,0,0,0,1,0,0,0,0,0,0,0,0,0,0,15,0,0,478,21,0,0
xml-odoo-odoo-change-value,0,0.00,3318,false,1,1,0,4.984,26,1502,0,1,130,0,0,0,0,0,0,0,0,0,0,0,0,0,0,0,0,0,0,0
xml-veracrypt-veracrypt-version-string,0,0.00,81688,false,0,0,0,211.095,2,40798,0,1,43,0,0,0,0,0,0,0,0,0,0,0,0,0,0,0,0,0,0,0
yaml-ansible-ansible-add-two-sequence-items,0,0.00,548,false,10,10,0,1.308,3,140,0,0,0,0,0,0,0,0,0,0,0,0,0,0,0,3,0,0,0,0,120,0
yaml-ansible-ansible-double-quote-scalar-change-possible-treesitter-weakness,0,0.00,34914,false,0,0,0,90.080,93,11828,0,1,5528,0,0,0,0,0,0,0,0,0,0,0,0,0,0,0,0,0,0,0
yaml-arkq-bluez-alsa-version-string,0,0.00,1750,false,1,1,0,3.182,7,681,0,1,183,0,0,0,0,0,0,0,0,0,0,0,0,0,0,0,0,0,0,0
yaml-axios-axios-update-string-value,0,0.00,252,false,1,1,0,0.378,0,0,0,1,124,0,0,0,0,0,0,0,0,0,0,0,0,0,0,0,0,0,0,0
yaml-containers-skopeo-remove-one-block-pair,0,0.00,1937,false,23,23,0,3.885,10,814,0,0,0,0,0,0,0,0,0,0,0,0,0,0,0,6,0,0,0,0,146,0
yaml-draios-sysdig-const-string-url-change,0,0.00,154,false,0,0,0,0.188,0,0,0,1,75,0,0,0,0,0,0,0,0,0,0,0,0,0,0,0,0,0,0,0
yaml-draios-sysdig-string-url-change,0,0.00,194,false,0,0,0,0.242,0,0,0,1,95,0,0,0,0,0,0,0,0,0,0,0,0,0,0,0,0,0,0,0
yaml-draios-sysdig-string-url-change-2,0,0.00,194,false,0,0,0,0.240,0,0,0,1,95,0,0,0,0,0,0,0,0,0,0,0,0,0,0,0,0,0,0,0
yaml-draios-sysdig-string-url-change-3,0,0.00,154,false,0,0,0,0.187,0,0,0,1,75,0,0,0,0,0,0,0,0,0,0,0,0,0,0,0,0,0,0,0
yaml-draios-sysdig-string-url-change-4,0,0.00,194,false,0,0,0,0.248,0,0,0,1,95,0,0,0,0,0,0,0,0,0,0,0,0,0,0,0,0,0,0,0
yaml-junegunn-fzf-version-upgrade,0,0.00,250,false,1,1,0,0.359,0,0,0,1,123,0,0,0,0,0,0,0,0,0,0,0,0,0,0,0,0,0,0,0
yaml-kbudde-rabbitmq_exporter-string-url-change,0,0.00,780,false,1,1,0,1.345,1,50,0,1,337,0,0,0,0,0,0,0,0,0,0,0,0,0,0,0,0,0,0,0
yaml-manugarg-pacparser-string-url-change,0,0.00,422,false,2,2,0,0.676,1,52,0,1,156,0,0,0,0,0,0,0,0,0,0,0,0,0,0,0,0,0,0,0
yaml-mastodon-mastodon-add-block-pair-translation,0,0.00,3091,false,33,33,0,5.939,8,1321,0,0,0,0,0,0,0,0,0,0,0,0,0,0,0,1,0,0,0,0,228,0
yaml-mastodon-remove-one-pair,0,0.00,14824,false,8,8,0,36.637,24,6561,0,0,0,0,0,0,0,0,0,0,0,0,0,0,0,0,0,0,0,4,826,0
yaml-mozilla-pdf-single-value-update,0,0.00,538,false,1,1,0,0.866,2,143,0,1,122,0,0,0,0,0,0,0,0,0,0,0,0,0,0,0,0,0,0,0
yaml-n8n-io-n8n-add-performance-check-to-ci-config,0,0.00,2138,false,66,66,0,4.642,9,639,0,0,0,0,0,0,0,0,0,0,0,0,0,0,0,0,0,0,0,0,450,0
yaml-python-xmp-toolkit-python-xmp-toolkit-insert-two-values-to-a-slice,0,0.00,680,false,10,10,0,1.511,2,247,0,0,0,0,0,0,0,0,0,0,0,0,0,0,0,2,0,0,0,0,90,0
yaml-twbs-bootstrap-remove-v-semicolon-from-version-numbers,0,0.00,986,false,224,224,0,6.490,0,0,0,0,0,0,0,0,0,0,0,0,0,0,0,0,0,5,0,0,0,0,581,0
yaml-twbs-bootstrap-version-pin-with-comment,0,0.00,558,false,4,4,0,1.052,0,0,0,0,0,0,0,0,0,0,0,0,0,0,0,0,0,0,0,0,0,0,276,0
rust-completely-unrelated-main-files,-,-,-,true,9759,-,-,1211.244,1,6,0,4,30,0,0,17,0,0,1,0,0,0,0,0,0,7978,19,0,0,0,1939,0
