name,era
c-awslabs-aws-c-common-only-insert,fresh
c-cpython-autogenerated-code,pre
c-ffmpeg-added-typedef-to-enum,pre
c-freeciv-add-parameter-to-function,revisited
c-graph-algorithms-edge-addition-planarity-suite-real-change-all-across-the-file,fresh
c-htop-remove-function-declaration,pre
c-intel-vpl-gpu-rt-whitespace-only-change,fresh
c-libtom-libtomcrypt-change-function-call,fresh
c-linux-small-bugfix,revisited
c-linux-small-change,pre
c-linux-small-change-struct-to-char,pre
c-microsoft-terminal-add-function,pre
c-nginx-add-typedef,pre
c-ondsel-development-ondselsolver-add-include,fresh
c-pixaranimationstudios-opensubdiv-change-license-comment,fresh
c-pocoproject-poco-replace-0-with-nullptr,fresh
c-postgres-real-logic-change,pre
c-relianoid-nftlb-zcu-log-to-u-log,fresh
c-sched-ext-scx-many-many-moves-some-deletes-some-adds,fresh
c-tripwire-tripwire-open-source-add-single-item-to-list,fresh
cpp-add-const-correctness,pre
cpp-add-memory-management,pre
cpp-add-templates,pre
cpp-arximboldi-lager-add-two-test-cases,fresh
cpp-bolero-murakami-sprout-copyright-comment-update,fresh
cpp-bolero-murakami-sprout-copyright-update,fresh
cpp-bolero-murakami-sprout-copyright-update-3,fresh
cpp-cgdb-cgdb-struct-to-pointer,fresh
cpp-fix-segfault,revisited
cpp-godot-small-bugfix,revisited
cpp-jpnurmi-znc-playback-adding-new-feature,fresh
cpp-ladybird-refactor-variables-if-changes,revisited
cpp-lancos-ponyprog-remove-a-few-lines,fresh
cpp-laydbird-change-function-signature,pre
cpp-libreoffice-add-const,pre
cpp-libreoffice-remove-return-value,pre
cpp-llnl-sundials-comment-change,fresh
cpp-mikepopoloski-slang-remove-if-condition-and-brackets,fresh
cpp-nextcloud-add-test-case,pre
cpp-ollama-add-function-argument,pre
cpp-opencv-add-test-case,pre
cpp-optimize-algorithm,pre
cpp-qpdf-qpdf-move-to-assert-from-if-and-throw,fresh
cpp-tensorflow-switch-to-primitive-types,pre
cpp-whitespace-only-change,pre
csharp-cyanfish-naps2-add-condition-to-if,fresh
csharp-dotnet-script-dotnet-script-remove-two-arguments,fresh
csharp-glibsharp-gtksharp-formatting-only-change,fresh
csharp-glibsharp-gtksharp-interesting-case-where-most-should-be-flagged-as-insert-delete-with-a-single-update,fresh
csharp-glibsharp-gtksharp-whitespace-only-change,fresh
csharp-glibsharp-gtksharp-whitespace-only-change-2,fresh
csharp-glibsharp-gtksharp-whitespace-only-change-3,fresh
csharp-icsharpcode-avaloniailspy-a-few-formatting-changes-and-use-a-struct-instead-of-tuples,fresh
csharp-jellyfin-add-function,pre
csharp-jellyfin-sql-query-fix,revisited
csharp-lidarr-add-function,pre
csharp-lidarr-call-different-function,revisited
csharp-lidarr-condition-change,revisited
csharp-lidarr-new-feature,pre
csharp-radarr-add-object-instance,pre
csharp-sonarr-add-if-block,pre
csharp-sonarr-add-true-to-function-call,pre
csharp-sonarr-change-type,pre
csharp-valvesoftware-openvr-add-many-constants-and-fields,fresh
csharp-waf-csharprepl-update-string-URL,fresh
css-add-property,pre
css-fortawesome-font-awesome-update-version-comment-2,fresh
css-fortawesome-font-awesome-update-version-comment-3,fresh
css-fortawesome-font-awesome-upgrade-version-comment,fresh
css-heroic-games-launcher-heroicgameslauncher-add-6-lines,fresh
css-horst3180-vertex-theme-add-spaces-to-change-class-selector-into-descendant-selectors,fresh
css-horst3180-vertex-theme-remove-single-rule,fresh
css-lassekongo83-zuki-themes-fails-to-parse,fresh
css-madmaxms-theme-obsidian-2-add-gnome-44-and-a-few-changes,fresh
css-mozilla-firefox-firefox-actual-style-changes,fresh
css-playwright-add-class-selector,pre
css-shadcn-ui-ui-completely-broken-treesitter-parsing,fresh
css-source-foundry-hack-change-font-string,fresh
css-wordpress-add-comment,pre
css-wordpress-format-comment-and-fix,pre
css-wordpress-reformat,pre
css-wordpress-smalll-change,pre
css-wordpress-wordpress-autogenerated-file,pre
css-wordpress-wordpress-change-simple-values-to-vars,pre
go-caddy-rename-type,pre
go-cloudflare-cfssl-change-zero-value-to-is-zero,fresh
go-containers-storage-add-two-constants,fresh
go-cri-o-cri-o-change-importa,fresh
go-darylhjd-mangadesk-remove-a-function-uptade-comments,fresh
go-dweymouth-supersonic-remove-two-lines,fresh
go-gin-add-function,pre
go-gin-change-import,pre
go-gin-constant-change,pre
go-henri-gasc-cliphist-auto-generated-file,fresh
go-jesseduffield-lazygit-add-function,fresh
go-kubernetes-kubernetes-add-unit-test-cases,fresh
go-lazygit-add-to-if-condition,pre
go-lazygit-switch-to-strings,pre
go-nwg-piotr-gopsuinfo-shuffle-around-if-blocks,fresh
go-ollama-ollama-surround-block-with-if-and-function-call,pre
go-prometheus-node_exporter-remove-one-comment,fresh
go-prometheus-single-comment-change,pre
go-stackexchange-blackbox-add-comment,fresh
go-user-slices-library,pre
html-abs-lang-abs-version-update-in-string,fresh
html-apache-echarts-actual-structure-change,fresh
html-berndporr-iir1-a-lot-of-new-functionality,fresh
html-chennes-med-extreme-test,fresh
html-chennes-med-only-text-value-change,fresh
html-chennes-med-only-text-value-change-2,fresh
html-fatedier-add-attribute,pre
html-firefox-update-src,pre
html-gohugoio-hugo-enclose-table-with-div-and-add-thead-tbody,fresh
html-gorhill-add-tag,pre
html-hugo-tag-to-selfclosing-tag,pre
html-ladybird-delete-attribute,pre
html-mermaid-update-link,pre
html-milkytracker-milkytracker-text-update,fresh
html-mozilla-firefox-firefox-remove-li-around-button,fresh
html-oauth-xx-oauth-ruby-version-and-timestamp-update,fresh
html-tcltk-thread-one-multiline-value-changed,fresh
html-twbs-bootstrap-add-the-same-attribute-in-many-places,pre
html-xiaoyeli-superlu-change-a-bunch-of-values-and-add-one-element,fresh
java-add-exception-handling,pre
java-add-interface,pre
java-add-logging,pre
java-eclipse-jdt-eclipse-remove-import-and-inheritance,fresh
java-fix-array-index,pre
java-genymobile-scrcpy-change-some-android-version-constant,pre
java-genymobile-scrcpy-refactor-for-loop-in-a-function,fresh
java-genymobile-scrcpy-switch-from-three-exceptions-to-one,pre
java-hunterhacker-jdom-javadoc-update,fresh
java-hunterhacker-jdom-move-a-block,fresh
java-jakartaee-rest-real-logic-change-of-a-significant-chunck,fresh
java-jflex-de-jflex-javadoc-update,fresh
java-jopt-simple-jopt-simple-remove-import,fresh
java-junit-pioneer-junit-pioneer-add-block-comment,fresh
java-nextcloud-android-add-if-branch-with-reused-return,pre
java-nextcloud-android-add-two-function-calls,pre
java-pdftk-java-pdftk-license-comment-change,fresh
java-pdftk-java-pdftk-real-change-all-across-the-file,fresh
java-protobuf-add-two-annotations,pre
java-protocolbuffers-protobuf-add-a-method,pre
java-protocolbuffers-protobuf-add-import-and-update-field-access,pre
java-refactor-constants,pre
java-scrcpy-public-to-protected,pre
java-scrcpy-remove-or-expression,pre
java-zeroc-ice-ice-comment-only-update,fresh
javascript-add-array-method,pre
javascript-add-destructuring,pre
javascript-add-event-listener,pre
javascript-fix-promises,revisited
javascript-grobian-carbonapi-web-add-binary-expression-to-existing-assignment,fresh
javascript-home-sweet-gnome-dash-to-panel-change-set-style-arguments,fresh
javascript-jquery-ui-rails-jquery-ui-rails-add-strict-and-move-function-call-parenthesis,fresh
javascript-jquery-ui-rails-jquery-ui-rails-update-text-in-string,fresh
javascript-jquery-ui-rails-jquery-ui-rails-update-text-in-string-2,fresh
javascript-microsoft-typescript-another-test-case-marked-with-strict,fresh
javascript-microsoft-typescript-broken-js-remove-string-fragment,pre
javascript-microsoft-typescript-test-data-pretending-to-be-code-maybe-broken-parsing,fresh
javascript-mozilla-firefox-add-comment,pre
javascript-refactor-arrow-func,pre
javascript-twbs-bootstrap-comment-version-update,pre
javascript-typescript-add-strict-3,pre
javascript-typescript-add-use-strict,pre
javascript-typescript-interesting-small-edit-refactor,pre
javascript-typescript-use-strict-2,pre
javascript-typescript-very-interesting-brokn-code,pre
javascript-usebruno-bruno-add-class-to-classname-attribute,fresh
javascript-usebruno-bruno-style-change,fresh
javascript-xpra-org-xpra-html5-small-change,fresh
json-apache-string-change-version,pre
json-excalidraw-excalidraw-change-translations-mostly-add,fresh
json-fedoraqt-qgnomeplatform-remove-from-list,fresh
json-fortawesome-font-awesome-string-change,fresh
json-gorhill-ublock-add-5-pairs,pre
json-governikus-ausweisapp-whitespace-only,fresh
json-ipfs-ipfs-desktop-only-update-version-strings,fresh
json-iwalton3-jellyfin-web-jmp-gigantic-file-trivial-string-version-change,fresh
json-kellyjonbrazil-jc-add-maxhops-to-traceroute,fresh
json-kiwix-kiwix-desktop-add-a-few-change-a-few,fresh
json-langflow-update-single-string,pre
json-main-branch-track_open_instances-remove-item-from-list,fresh
json-mastodon-add-translation,pre
json-nextcloud-server-deleted-pair,pre
json-nextcloud-server-remove-many-and-move-one,fresh
json-radarr-radarr-rename-string-key,pre
json-shadcn-ui-ui-react-code-in-string-constant,pre
json-shadcn-ui-ui-string-value-update-string-is-code,pre
json-webgpu-native-webgpu-headers-only-insertions,fresh
kotlin-add-data-class,pre
kotlin-add-null-check,pre
kotlin-add-validation,pre
kotlin-fix-loop-bug,pre
kotlin-jetbrains-kotlin-add-single-const,fresh
kotlin-jetbrains-kotlin-remove-one-comment-line,fresh
kotlin-jetbrains-kotlin-remove-some-deprecation,fresh
kotlin-jetbrains-kotlin-remove-typealias-with-annotations,fresh
kotlin-nextcloud-a-few-small-removals,pre
kotlin-nextcloud-android-add-a-feature,pre
kotlin-nextcloud-android-dot-to-question-mark-dot,pre
kotlin-nextcloud-android-extract-argument-into-variable,pre
kotlin-nextcloud-android-move-from-one-mocking-library-to-other,pre
kotlin-nextcloud-change-function-fingerprint,pre
kotlin-nextcloud-remove-function,pre
kotlin-nextcloud-whitespace-only-change,pre
kotlin-refactor-function,pre
kotlin-remove-function,pre
kotlin-small-api-change,pre
kotlin-yairm210-unciv-another-vector2-removal,fresh
kotlin-yairm210-unciv-move-from-vec2-to-hexexpression,fresh
kotlin-yairm210-unciv-remove-tovector2-from-multiple-callsites,fresh
kotlin-yairm210-unciv-small-change,fresh
kotlin-yairm210-unciv-vector2-to-hexgrid,fresh
kotlin-yairm210-unciv-yet-another-vector2-removal,fresh
lua-awesome-only-comment-change,pre
lua-awesomewm-awesome-align-to-halign,pre
lua-awesomewm-awesome-change-doccomments,pre
lua-awesomewm-awesome-comment-changes-and-additions,pre
lua-corsixth-corsixth-refactor-if-expressions,fresh
lua-dromozoa-dromozoa-utf8-only-comment-text-update,fresh
lua-luakit-luakit-actual-test-change-merging-two-tests-into-one,fresh
lua-luals-lua-language-server-add-gsub-function-call,fresh
lua-luals-lua-language-server-add-two-translations,fresh
lua-luaposix-luaposix-copyright-year-change,fresh
lua-neovim-neovim-add-if-around-one-line,pre
lua-neovim-neovim-add-new-logic,pre
lua-neovim-neovim-constant-changes,pre
lua-neovim-neovim-if-flips-two-branches,pre
lua-neovim-neovim-logic-change-with-some-code-re-use,fresh
lua-neovim-one-added-line,pre
lua-return-to-the-roots-s25client-add-two-items-to-list,fresh
lua-return-to-the-roots-s25client-few-added-lines,fresh
lua-teeworlds-teeworlds-add-or-expression-to-existing-if,fresh
php-consol-monitoring-pnp-move-from-one-function-to-other-that-has-more-params,fresh
php-doctrine-orm-delete-3-comments-and-update-1,fresh
php-icinga-icingaweb2-module-graphite-add-a-few-nodes,fresh
php-nextcloud-change-doccomment,pre
php-nextcloud-server-whitespace-and-added-declaration,pre
php-php-fig-log-deleted-a-class,fresh
php-rk4an-phpsysinfo-actual-logic-change,fresh
php-smarty-php-smarty-change-version-string,fresh
php-symfony-finder-move-elseif-block-to-else,fresh
php-theseer-directoryscanner-add-two-test-cases-and-reformat-file,fresh
php-wordpress-wordpress-add-null-to-return,pre
php-wordpress-wordpress-add-rtc-check,fresh
php-wordpress-wordpress-add-some-checks,fresh
php-wordpress-wordpress-update-doccomment,pre
php-wordpress-wordpress-version-update,pre
php-wordpress-wordpress-version-update-2,pre
php-wordpress-wordpress-version-update-3,pre
php-wordpress-wordpress-whitespace-only-change,pre
php-zetacomponents-base-whitespace-only-change,fresh
php-zetacomponents-consoletools-file-with-parse-errors-and-a-few-deletions,fresh
python-aajanki-yle-dl-tiny-change,fresh
python-aboutcode-org-license-expression-excellent-test-case,fresh
python-add-remove-block,pre
python-added-if-block,pre
python-added-if-block-small,pre
python-ansible-ansible-field-rename,pre
python-ansible-ansible-ridiculously-long-yaml-in-string-constant-and-actual-code-changes,fresh
python-api-change,pre
python-bolero-murakami-sprout-change-copyright-year,fresh
python-bugfix-loop,pre
python-cloudflare-cloudflare-python-comment-only-changes,fresh
python-django-django-update-unit-tests-actual-logic-change,fresh
python-espressomd-espresso-fix-comment-typo,fresh
python-fuzzyray-esearch-whitespace-only-change,fresh
python-langflow-ai-langflow-actual-change-of-logic,fresh
python-open-telemetry-opentelemetry-python-move-from-one-function-to-other,fresh
python-openhands-openhands-change-string-constant,pre
python-paddlepaddle-paddleocr-formatting-only-change,pre
python-pandas-dev-pandas-doccoment-changes-only,fresh
python-persepolisdm-persepolis-add-a-single-node,fresh
python-portagefilelist-client-remove-one-import-and-update-one-const-string,fresh
python-pytorch-pytorch-add-param-to-many-places-and-update-one,pre
python-refactoring,pre
python-thefuck-multiline-string-change,pre
python-ytdl-add-import-and-function-call,pre
python-zaneb-autopage-move-time-sleep,fresh
r-gtownsend-icon-one-letter-identifier-change,fresh
r-hroptatyr-dateutils-real-changes-to-an-r-script,fresh
r-mtytel-helm-dummy-file,fresh
r-oracle-dtrace-utils-i-have-no-idea-what-this-change-actually-does,fresh
ruby-homebrew-add-or-expression,pre
ruby-homebrew-brew-actual-logic-change,fresh
ruby-homebrew-brew-change-heredoc-to-string,pre
ruby-homebrew-brew-decent-amount-of-new-code-and-some-changes,fresh
ruby-homebrew-brew-enclose-block-in-rescue,fresh
ruby-homebrew-brew-function-callsite-argument-change,pre
ruby-homebrew-brew-real-small-change,fresh
ruby-intridea-multi_json-remove-double-colon,fresh
ruby-intridea-multi_json-remove-single-comma,fresh
ruby-jmespath-jmespath-formatting-and-style-guide-fixes,fresh
ruby-jmespath-jmespath-go-from-conditional-to-unless,fresh
ruby-junegunn-fzf-add-test-case,pre
ruby-junegunn-fzf-add-test-case-2,pre
ruby-main-branch-process_executer-actual-small-change,fresh
ruby-marcandre-backports-actual-small-change,fresh
ruby-mastodon-mastodon-use-context-and-new-test-case,fresh
ruby-mikel-mail-whitespace-only-change,fresh
ruby-moneta-rb-moneta-change-one-identifier,fresh
ruby-moneta-rb-moneta-trivial-version-update,fresh
ruby-rapid7-ruby_smb-add-import-and-one-expression,fresh
rust-add-comments-and-real-new-logic,fresh
rust-add-if,pre
rust-add-to-existing-use,pre
rust-add-value-to-enum,pre
rust-adding-a-variable-and-test-with-comments,fresh
rust-adding-many-identical-cfg-test-statements-to-a-signle-file-doesnt-prefer-the-local-insert-but-rather-goes-to-some-other-existing-cfg,fresh
rust-adding-to-a-list-of-identical-attributes-should-favour-near-matches,fresh
rust-algorithm-change,revisited
rust-cost-optimization,pre
rust-data-structure,pre
rust-error-handling,revisited
rust-firefox-webrenderer-borders,revisited
rust-fornwall-rust-script-add-lifecycle-management,fresh
rust-hash-optimization,pre
rust-hello-world-added-message,pre
rust-hello-world-removed-message,pre
rust-leetcode-1-bugfix,pre
rust-multi-map-duplicate-calls,fresh
rust-next-font-imports-generator,revisited
rust-no-change,pre
rust-quietvoid-dovi_tool-change-to-templated-call,fresh
rust-rbspy-rbspy-add-two-test-cases,fresh
rust-real-logic-change-in-a-huge-75k-node-file,fresh
rust-refirmlabs-binwalk-whitespace-only,fresh
rust-rust-lang-rust-add-key-to-function-arguments-and-call-sites,pre
rust-rustdesk-add-item,pre
rust-rustdesk-add-one-slice-element,pre
rust-rustdesk-rustdesk-actual-logic-change-in-io-loop-medium-sized-file,fresh
rust-rustdesk-rustdesk-add-two-values-to-slice,pre
rust-rustdesk-rustdesk-large-file-40k-normal-feature-work,fresh
rust-rustdesk-rustdesk-string-constant-change,pre
rust-skim-rs-skim-format-string,fresh
rust-small-addition-with-reuse-of-binary-expressions,fresh
rust-sniffnet-protocol,pre
rust-tauri-api-build-1,pre
rust-tauri-api-build-2,pre
rust-tauri-cli-ios-dev,pre
rust-tiffany352-rink-rs-real-change,fresh
rust-turbopack-module-rule,pre
rust-turbopack-persistence-tools-main,pre
rust-tursodatabase-turso-unwrap-to-expect,fresh
rust-vercel-nextjs-move-from-one-struct-to-another-and-add-some-code,fresh
rust-vercel-nextjs-refactoring-would-require-mulitmap-mapping,fresh
rust-weggli-rs-weggli-move-import-around-and-formatting-change,fresh
rust-xou816-spot-add-Some-around-existing-code,fresh
rust-yannjor-krabby-actual-normal-change,fresh
rust-zed-git-panel-settings,pre
rust-zed-industries-zed-add-argument,pre
rust-zed-workspace-tasks,revisited
scala-com-lihaoyi-mill-add-a-function-call,fresh
scala-com-lihaoyi-mill-add-a-member-to-expression-chains,fresh
scala-com-lihaoyi-mill-add-one-argument,fresh
scala-com-lihaoyi-mill-assert-format-string-change,fresh
scala-com-lihaoyi-mill-change-from-one-function-to-other-and-delete-a-function,fresh
scala-com-lihaoyi-mill-expand-import-path,fresh
scala-com-lihaoyi-mill-new-import-used-to-remove-a-lot-of-code,fresh
scala-com-lihaoyi-mill-only-change-failure-strings,fresh
scala-com-lihaoyi-mill-real-small-change,fresh
scala-com-lihaoyi-mill-small-change,fresh
scala-com-lihaoyi-mill-small-refactoring,fresh
scala-com-lihaoyi-mill-split-import,fresh
scala-com-lihaoyi-mill-split-import-2,fresh
scala-com-lihaoyi-mill-split-two-asserts-into-six-two-times,fresh
scala-com-lihaoyi-mill-version-string-change,fresh
scala-sirthias-parboiled-value-change,fresh
scala-xerial-xerial-java-actual-code-change,fresh
scala-ymnk-jzlib-add-a-test-case,fresh
scala-ymnk-jzlib-add-one-test-case,fresh
scala-ymnk-jzlib-interesting-probably-has-no-optimal-solution,fresh
shellscript-ansible-ansible-add-variable-and-string-expansion,pre
shellscript-ansible-ansible-simple-deletion,pre
shellscript-docker-docker-bench-security-move-all-functions-by-one-and-add-one-to-the-end,fresh
shellscript-fleetingheart-ksre-multiline-string-change,fresh
shellscript-genymobile-scrcpy-add-two-flags,pre
shellscript-go-delve-delve-add-if,fresh
shellscript-hgst-libzbc-add-variable,fresh
shellscript-imapsync-imapsync-add-some-test-cases-and-a-few-other-changes,fresh
shellscript-langchain-ai-langchain-some-interesting-raw-string-to-string-content,pre
shellscript-maxsatula-ocp-small-change,fresh
shellscript-nextcloud-server-change-invocation-string,pre
shellscript-nicolargo-glances-add-shebang,fresh
shellscript-nomad-software-vend-huge-multi-line-strings-updated,fresh
shellscript-nvm-sh-nvm-upgrade-version-string,pre
shellscript-openlightingproject-ola-real-small-change,fresh
shellscript-pi-hole-pi-hole-sql-code-in-string-constant,pre
shellscript-pytorch-pytorch-change-invocation-string,pre
shellscript-ropery-ffcast-comment-only-change,fresh
shellscript-scikit-learn-scikit-learn-string-to-regex,pre
shellscript-torvalds-linux-double-equals-to-equals,pre
swift-apple-swift-argument-parser-if-to-guard,fresh
swift-apple-swift-argument-parser-refactor-and-improve-tests,fresh
swift-apple-swift-argument-parser-remove-trimming-lines-function-call,fresh
swift-apple-swift-argument-parser-simplify-code,fresh
swift-apple-swift-argument-parser-small-change,fresh
swift-logseq-logseq-add-real-feature-keypress-tracking,fresh
swift-logseq-logseq-insertions-only,fresh
swift-nextcloud-ios-actual-control-flow-change,pre
swift-nextcloud-ios-actual-logic-added,fresh
swift-nextcloud-ios-add-4-functions,fresh
swift-nextcloud-ios-call-different-function,pre
swift-nextcloud-ios-move-function-and-refactor-logic,fresh
swift-nextcloud-ios-refactor-and-change,fresh
swift-swift-emacs-swift-mode-seems-like-test-code,fresh
swift-swiftlang-swift-actual-logic-change,fresh
swift-swiftlang-swift-comment-change,pre
swift-swiftlang-swift-comment-change-2,pre
swift-swiftlang-swift-enable-checks-remove-todo-comment,pre
swift-tree-sitter-tree-sitter-haskell-remove-a-list-item,fresh
swift-zeroc-ice-ice-add-an-if-block-and-variable,fresh
tsx-apache-superset-add-test-case,pre
tsx-apache-superset-error-handling-change,pre
tsx-excalidraw-excalidraw-huge-file-with-real-logic-change,fresh
tsx-excalidraw-excalidraw-import-path-change,pre
tsx-excalidraw-excalidraw-move-from-one-struct-to-other,pre
tsx-greenbone-gsa-add-import-and-use-it,fresh
tsx-keybase-client-change-from-one-import-and-call-to-another,fresh
tsx-keybase-client-emoji-to-native,fresh
tsx-kong-insomnia-classname-strings-changed,fresh
tsx-kong-insomnia-if-to-ternary-operator,fresh
tsx-kong-insomnia-rewrite-if-using-ternary-twice,fresh
tsx-langflow-ai-langflow-move-function-around-update-string-constant,pre
tsx-material-remove-import,pre
tsx-mitmproxy-mitmproxy-array-to-object,fresh
tsx-mui-material-ui-move-colour-to-a-new-attribute,pre
tsx-popcorn-official-popcorn-desktop-simple-property-rename,fresh
tsx-rektdeckard-departure-mono-import-path,fresh
tsx-shadcn-ui-ui-add-attribute,pre
tsx-shadcn-ui-ui-real-small-change,pre
tsx-troyeguo-koodo-reader-pure-insert,fresh
typescript-add-error-handling,pre
typescript-add-generics,pre
typescript-add-type-annotations,pre
typescript-apache-echarts-envelop-2-lines-with-an-if-block,fresh
typescript-async-await,pre
typescript-excalidraw-excalidraw-add-function,fresh
typescript-excalidraw-excalidraw-add-values-to-lists,pre
typescript-lxqt-lxqt-openssh-askpass-change-url,fresh
typescript-lxqt-lxqt-panel-not-actually-ts-but-still,fresh
typescript-microsoft-playwright-add-two-test-cases,fresh
typescript-microsoft-typescript-add-dot-js-to-import-paths,pre
typescript-microsoft-typescript-add-target-comment,pre
typescript-microsoft-typescript-comment-change,pre
typescript-n8n-io-n8n-remove-and-add-imports,pre
typescript-refactor-interface,pre
typescript-th-ch-youtube-music-add-a-function-and-some-small-changes,fresh
typescript-typescript-add-target-comment,pre
typescript-typescript-add-target-comment-2,pre
typescript-typescript-add-target-comment-3,pre
vimscript-chikamichi-mediawiki-add-one-autocmd,fresh
vimscript-chikamichi-mediawiki-remove-3-lines,fresh
vimscript-fedorenchik-qt-support-add-two-lines,fresh
vimscript-fholgado-minibufexpl-massive-comment-reduction,fresh
vimscript-idanarye-vim-merginal-add-one-call,fresh
vimscript-jreybert-vimagit-move-one-line,fresh
vimscript-junegunn-fzf-condition-canges,revisited
vimscript-m-pilia-vim-mediawiki-add-a-new-functon,fresh
vimscript-neovim-neovim-add-a-few-lines,pre
vimscript-neovim-neovim-add-a-few-lines-one-after-the-other,pre
vimscript-neovim-neovim-add-line-comment,pre
vimscript-neovim-neovim-add-test-case-plus-edit-existing-one,fresh
vimscript-neovim-neovim-add-two-functions-and-modify-a-few-lines,fresh
vimscript-neovim-neovim-awful-test-case-bunch-of-hex-colours-more-data-than-code,fresh
vimscript-neovim-neovim-i-have-no-idea-what-this-diff-does,pre
vimscript-neovim-neovim-improved-asserts,pre
vimscript-neovim-neovim-test-debian-package-parsing-awful-string-matching,fresh
vimscript-preservim-tagbar-add-if-statements,fresh
vimscript-protesilaos-tempus-themes-vim-add-terminal-color-scheme,fresh
vimscript-protesilaos-tempus-themes-vim-change-two-values,fresh
xml-adoptopenjdk-icedtea-web-update-version-string,fresh
xml-antlr-antlr3-comment-out-part-of-code-interesting-case,fresh
xml-eclipse-ee4j-jaxb-istack-commons-update-version-string,fresh
xml-fasterxml-jackson-dataformat-xml-only-string-value-change,fresh
xml-gap-packages-toric-remove-two-attributes,fresh
xml-gpuopen-drivers-amdvlk-version-update,fresh
xml-javacc-javacc-version-update,fresh
xml-lincity-ng-lincity-ng-whitespace-only-change,fresh
xml-megaglest-megaglest-data-update-url-path,fresh
xml-microsoft-terminal-multiline-string-constant-change,pre
xml-mozilla-firefox-firefox-add-a-few-attributes,pre
xml-mozilla-firefox-firefox-add-a-few-translations-and-a-few-attributes,pre
xml-nextcloud-android-add-few-translations,pre
xml-nextcloud-android-delete-element,pre
xml-nextcloud-android-delete-element-2,pre
xml-odoo-odoo-add-attribute,pre
xml-odoo-odoo-add-button-roles,fresh
xml-odoo-odoo-add-two-attributes,pre
xml-odoo-odoo-change-value,pre
xml-veracrypt-veracrypt-version-string,fresh
yaml-ansible-ansible-add-two-sequence-items,pre
yaml-ansible-ansible-double-quote-scalar-change-possible-treesitter-weakness,pre
yaml-arkq-bluez-alsa-version-string,fresh
yaml-axios-axios-update-string-value,pre
yaml-containers-skopeo-remove-one-block-pair,fresh
yaml-draios-sysdig-const-string-url-change,fresh
yaml-draios-sysdig-string-url-change,fresh
yaml-draios-sysdig-string-url-change-2,fresh
yaml-draios-sysdig-string-url-change-3,fresh
yaml-draios-sysdig-string-url-change-4,fresh
yaml-junegunn-fzf-version-upgrade,pre
yaml-kbudde-rabbitmq_exporter-string-url-change,fresh
yaml-manugarg-pacparser-string-url-change,fresh
yaml-mastodon-mastodon-add-block-pair-translation,pre
yaml-mastodon-remove-one-pair,pre
yaml-mozilla-pdf-single-value-update,pre
yaml-n8n-io-n8n-add-performance-check-to-ci-config,pre
yaml-python-xmp-toolkit-python-xmp-toolkit-insert-two-values-to-a-slice,fresh
yaml-twbs-bootstrap-remove-v-semicolon-from-version-numbers,fresh
yaml-twbs-bootstrap-version-pin-with-comment,pre
