fixture,preset,total_bytes,real_bytes,renderer_bytes,matcher_bytes,paintings,breaks_invariants
c-cpython-autogenerated-code,full,284762,198,94,198,2,0
c-cpython-autogenerated-code,minimal,284762,105,18,87,2,0
c-ffmpeg-added-typedef-to-enum,full,21144,20,0,20,1,0
c-ffmpeg-added-typedef-to-enum,minimal,21144,20,0,20,1,0
c-ffmpeg-ffmpeg-rename-two-identifiers,full,40800,30,30,0,2,0
c-ffmpeg-ffmpeg-rename-two-identifiers,minimal,40800,8,8,0,2,0
c-freeciv-add-parameter-to-function,full,2579,29,29,0,2,0
c-freeciv-add-parameter-to-function,minimal,2579,0,0,0,2,0
c-freeciv-freeciv-rename-identifier,full,163684,16,16,0,1,0
c-freeciv-freeciv-rename-identifier,minimal,163684,16,16,0,1,0
c-freeciv-freeciv-update-version,full,3960,0,0,0,1,0
c-freeciv-freeciv-update-version,minimal,3960,0,0,0,1,0
c-genymobile-scrcpy-add-a-define,full,920,0,0,0,1,0
c-genymobile-scrcpy-add-a-define,minimal,920,0,0,0,1,0
c-genymobile-scrcpy-add-a-define-,full,1044,0,0,0,1,0
c-genymobile-scrcpy-add-a-define-,minimal,1044,0,0,0,1,0
c-genymobile-scrcpy-add-a-define-2,full,796,0,0,0,1,0
c-genymobile-scrcpy-add-a-define-2,minimal,796,0,0,0,1,0
c-genymobile-scrcpy-add-to-import-path-and-move-imports-around,full,1020,55,38,42,2,0
c-genymobile-scrcpy-add-to-import-path-and-move-imports-around,minimal,1020,44,18,41,2,0
c-genymobile-scrcpy-big-change,full,1415,581,98,519,2,0
c-genymobile-scrcpy-big-change,minimal,1415,419,7,418,2,0
c-genymobile-scrcpy-rename-and-add-a-define,full,672,22,22,0,2,0
c-genymobile-scrcpy-rename-and-add-a-define,minimal,672,4,4,0,2,0
c-genymobile-scrcpy-rename-defines,full,595,232,232,0,2,0
c-genymobile-scrcpy-rename-defines,minimal,595,15,15,0,2,0
c-godotengine-godot-add-two-enum-values,full,12742,0,0,0,2,0
c-godotengine-godot-add-two-enum-values,minimal,12742,0,0,0,2,0
c-godotengine-godot-pure-move,full,10191,0,0,0,1,0
c-godotengine-godot-pure-move,minimal,10191,0,0,0,1,0
c-htop-dev-htop-add-comment,full,876,0,0,0,1,0
c-htop-dev-htop-add-comment,minimal,876,0,0,0,1,0
c-htop-dev-htop-add-function,full,698,0,0,0,1,0
c-htop-dev-htop-add-function,minimal,698,0,0,0,1,0
c-htop-dev-htop-update-import,full,2567,18,18,0,2,0
c-htop-dev-htop-update-import,minimal,2567,0,0,0,2,0
c-htop-remove-function-declaration,full,5471,0,0,0,1,0
c-htop-remove-function-declaration,minimal,5471,0,0,0,1,0
c-ladybirdbrowser-ladybird-change-to-a-different-class,full,1537,30,30,0,2,1
c-ladybirdbrowser-ladybird-change-to-a-different-class,minimal,1537,0,0,0,2,1
c-ladybirdbrowser-ladybird-move-to-a-different-class,full,1507,30,30,0,2,1
c-ladybirdbrowser-ladybird-move-to-a-different-class,minimal,1507,0,0,0,2,1
c-ladybirdbrowser-ladybird-small-parse-errors,full,31576,8,4,4,2,0
c-ladybirdbrowser-ladybird-small-parse-errors,minimal,31576,4,2,2,2,0
c-linux-small-bugfix,full,199613,7,15,8,2,0
c-linux-small-bugfix,minimal,199613,106,144,38,2,0
c-microsoft-terminal-add-function,full,52410,0,0,0,2,0
c-microsoft-terminal-add-function,minimal,52410,0,0,0,2,0
c-microsoft-terminal-add-two-includes,full,278,0,0,0,1,0
c-microsoft-terminal-add-two-includes,minimal,278,0,0,0,1,0
c-microsoft-terminal-change-import-path,full,3951,17,17,0,2,0
c-microsoft-terminal-change-import-path,minimal,3951,8,8,0,2,0
c-mozilla-firefox-firefox-remove-two-comments,full,1662,0,0,0,1,0
c-mozilla-firefox-firefox-remove-two-comments,minimal,1662,0,0,0,1,0
c-neovim-neovim-add-an-include,full,275,0,0,0,1,0
c-neovim-neovim-add-an-include,minimal,275,0,0,0,1,0
c-neovim-neovim-small-change,full,308,182,182,0,2,0
c-neovim-neovim-small-change,minimal,308,64,64,0,2,0
c-nginx-nginx-add-preproc-two-lines,full,11950,0,0,0,1,0
c-nginx-nginx-add-preproc-two-lines,minimal,11950,0,0,0,1,0
c-ollama-ollama-change-imports,full,1450,36,0,36,1,0
c-ollama-ollama-change-imports,minimal,1450,36,0,36,1,0
c-openssl-openssl-add-import,full,2078,0,0,0,1,0
c-openssl-openssl-add-import,minimal,2078,0,0,0,1,0
c-openssl-openssl-add-two-clang-comments,full,163,0,0,0,1,0
c-openssl-openssl-add-two-clang-comments,minimal,163,0,0,0,1,0
c-openssl-openssl-copyright,full,157402,0,0,0,1,0
c-openssl-openssl-copyright,minimal,157402,0,0,0,1,0
c-openssl-openssl-format-only-change,full,5729,641,641,0,2,0
c-openssl-openssl-format-only-change,minimal,5729,275,275,0,2,0
c-openssl-openssl-identifier-to-literal-zero,full,271718,16,0,16,1,0
c-openssl-openssl-identifier-to-literal-zero,minimal,271718,16,0,16,1,0
c-openssl-openssl-whitepsace-only,full,1407,297,297,0,1,0
c-openssl-openssl-whitepsace-only,minimal,1407,297,297,0,1,0
c-openssl-openssl-whitespace-only,full,1712,0,0,0,1,0
c-openssl-openssl-whitespace-only,minimal,1712,0,0,0,1,0
c-postgres-postgres-copyright,full,141468,0,0,0,1,0
c-postgres-postgres-copyright,minimal,141468,0,0,0,1,0
c-postgres-postgres-copyright-2,full,45438,0,0,0,1,0
c-postgres-postgres-copyright-2,minimal,45438,0,0,0,1,0
c-postgres-postgres-copyright-3,full,12632,0,0,0,1,0
c-postgres-postgres-copyright-3,minimal,12632,0,0,0,1,0
c-postgres-postgres-copyright-year-update,full,2116,0,0,0,1,0
c-postgres-postgres-copyright-year-update,minimal,2116,0,0,0,1,0
c-postgres-postgres-copyright-year-update-2,full,4210,0,0,0,1,0
c-postgres-postgres-copyright-year-update-2,minimal,4210,0,0,0,1,0
c-postgres-postgres-copyright-year-update-3,full,5140,0,0,0,1,0
c-postgres-postgres-copyright-year-update-3,minimal,5140,0,0,0,1,0
c-postgres-postgres-fix-typo,full,196412,0,0,0,1,0
c-postgres-postgres-fix-typo,minimal,196412,0,0,0,1,0
c-postgres-postgres-preprocessor-heavy-change,full,1932,10,10,0,2,0
c-postgres-postgres-preprocessor-heavy-change,minimal,1932,4,4,0,2,0
c-postgres-postgres-tiny-but-interesting,full,108217,24,24,0,2,0
c-postgres-postgres-tiny-but-interesting,minimal,108217,7,7,0,2,0
c-postgres-postgres-update-copyright-year,full,1200,0,0,0,1,0
c-postgres-postgres-update-copyright-year,minimal,1200,0,0,0,1,0
c-protocolbuffers-protobuf-add-to-preproc-define,full,15691,80,80,0,2,0
c-protocolbuffers-protobuf-add-to-preproc-define,minimal,15691,79,79,0,2,0
c-protocolbuffers-protobuf-change-regex,full,96688,0,0,0,1,0
c-protocolbuffers-protobuf-change-regex,minimal,96688,0,0,0,1,0
c-redis-redis-one-line-insert,full,369093,0,0,0,2,0
c-redis-redis-one-line-insert,minimal,369093,0,0,0,2,0
c-rust-lang-rust-add-two-consts,full,309,0,0,0,1,0
c-rust-lang-rust-add-two-consts,minimal,309,0,0,0,1,0
c-sqlite-sqlite-fix-format-string-typo,full,99084,0,0,0,1,0
c-sqlite-sqlite-fix-format-string-typo,minimal,99084,0,0,0,1,0
c-tmux-tmux-delete-one-include,full,36570,0,0,0,1,0
c-tmux-tmux-delete-one-include,minimal,36570,0,0,0,1,0
cpp-add-const-correctness,full,561,1,1,0,2,0
cpp-add-const-correctness,minimal,561,0,0,0,2,0
cpp-add-memory-management,full,540,11,11,0,2,0
cpp-add-memory-management,minimal,540,42,42,0,2,0
cpp-add-templates,full,493,28,28,0,2,1
cpp-add-templates,minimal,493,18,18,0,2,1
cpp-electron-electron-add-imports,full,1347,0,0,0,1,0
cpp-electron-electron-add-imports,minimal,1347,0,0,0,1,0
cpp-fix-segfault,full,781,2,2,0,1,0
cpp-fix-segfault,minimal,781,2,2,0,1,0
cpp-godot-small-bugfix,full,41354,85,83,49,2,0
cpp-godot-small-bugfix,minimal,41354,228,213,33,2,0
cpp-godotengine-godot-add-include,full,5771,0,0,0,1,0
cpp-godotengine-godot-add-include,minimal,5771,0,0,0,1,0
cpp-godotengine-godot-add-one-include,full,840888,0,0,0,1,0
cpp-godotengine-godot-add-one-include,minimal,840888,0,0,0,1,0
cpp-godotengine-godot-add-one-include-2,full,66176,0,0,0,1,0
cpp-godotengine-godot-add-one-include-2,minimal,66176,0,0,0,1,0
cpp-godotengine-godot-add-one-include-3,full,22908,0,0,0,1,0
cpp-godotengine-godot-add-one-include-3,minimal,22908,0,0,0,1,0
cpp-godotengine-godot-add-one-include-4,full,15960,0,0,0,1,0
cpp-godotengine-godot-add-one-include-4,minimal,15960,0,0,0,1,0
cpp-godotengine-godot-add-one-include-5,full,16399,0,0,0,1,0
cpp-godotengine-godot-add-one-include-5,minimal,16399,0,0,0,1,0
cpp-godotengine-godot-insert-one-include,full,90264,0,0,0,1,0
cpp-godotengine-godot-insert-one-include,minimal,90264,0,0,0,1,0
cpp-godotengine-godot-two-imports-added,full,16115,0,0,0,1,0
cpp-godotengine-godot-two-imports-added,minimal,16115,0,0,0,1,0
cpp-ladybirdbrowser-ladybird-add-real-logic,full,3027,0,0,0,2,0
cpp-ladybirdbrowser-ladybird-add-real-logic,minimal,3027,0,0,0,2,0
cpp-ladybirdbrowser-ladybird-change-inherited-class-name,full,1346,0,0,0,1,0
cpp-ladybirdbrowser-ladybird-change-inherited-class-name,minimal,1346,0,0,0,1,0
cpp-libreoffice-add-const-2,full,1242,0,0,0,1,0
cpp-libreoffice-add-const-2,minimal,1242,0,0,0,1,0
cpp-libreoffice-add-imports-and-function-param,full,3286,86,86,0,2,0
cpp-libreoffice-add-imports-and-function-param,minimal,3286,83,83,0,2,0
cpp-libreoffice-delete-function,full,7138,0,0,0,2,0
cpp-libreoffice-delete-function,minimal,7138,2,2,0,2,0
cpp-libreoffice-remove-two-wrapping-functions,full,82352,5,2,4,2,0
cpp-libreoffice-remove-two-wrapping-functions,minimal,82352,4,2,4,2,0
cpp-libreoffice-warn-to-info,full,274066,0,0,0,1,0
cpp-libreoffice-warn-to-info,minimal,274066,0,0,0,1,0
cpp-microsoft-terminal-add-only,full,1401,0,0,0,2,0
cpp-microsoft-terminal-add-only,minimal,1401,0,0,0,2,0
cpp-microsoft-terminal-delete-only,full,1537,0,0,0,2,0
cpp-microsoft-terminal-delete-only,minimal,1537,0,0,0,2,0
cpp-microsoft-terminal-insert-only,full,6827,0,0,0,2,0
cpp-microsoft-terminal-insert-only,minimal,6827,4,4,0,2,0
cpp-microsoft-terminal-remove-unary-expression-from-binary,full,34655,1,1,0,2,0
cpp-microsoft-terminal-remove-unary-expression-from-binary,minimal,34655,1,1,0,2,0
cpp-mozilla-firefox-firefox-delete-leading-comment,full,4282,0,0,0,1,0
cpp-mozilla-firefox-firefox-delete-leading-comment,minimal,4282,0,0,0,1,0
cpp-mozilla-firefox-firefox-update-file-comment,full,1804,0,0,0,2,0
cpp-mozilla-firefox-firefox-update-file-comment,minimal,1804,0,0,0,2,0
cpp-mozilla-firefox-firefox-update-file-comment-2,full,908,0,0,0,1,0
cpp-mozilla-firefox-firefox-update-file-comment-2,minimal,908,0,0,0,1,0
cpp-nzbgetcom-nzbget-add-include,full,192,0,0,0,1,0
cpp-nzbgetcom-nzbget-add-include,minimal,192,0,0,0,1,0
cpp-nzbgetcom-nzbget-update-string-const,full,18122,1,1,0,2,0
cpp-nzbgetcom-nzbget-update-string-const,minimal,18122,0,0,0,2,0
cpp-ollama-ollama-update-commit-hash,full,338,0,0,0,1,0
cpp-ollama-ollama-update-commit-hash,minimal,338,0,0,0,1,0
cpp-ollama-ollama-update-commit-hash-2,full,338,2,2,0,1,0
cpp-ollama-ollama-update-commit-hash-2,minimal,338,2,2,0,1,0
cpp-ollama-ollama-update-commit-hash-3,full,307,0,0,0,1,0
cpp-ollama-ollama-update-commit-hash-3,minimal,307,0,0,0,1,0
cpp-ollama-ollama-update-commit-hash-4,full,338,0,0,0,1,0
cpp-ollama-ollama-update-commit-hash-4,minimal,338,0,0,0,1,0
cpp-ollama-ollama-update-commit-hash-5,full,338,0,0,0,1,0
cpp-ollama-ollama-update-commit-hash-5,minimal,338,0,0,0,1,0
cpp-ollama-ollama-update-commit-hash-6,full,307,0,0,0,1,0
cpp-ollama-ollama-update-commit-hash-6,minimal,307,0,0,0,1,0
cpp-ollama-ollama-update-commit-hash-7,full,338,2,2,0,1,0
cpp-ollama-ollama-update-commit-hash-7,minimal,338,2,2,0,1,0
cpp-ollama-ollama-update-commit-hash-8,full,307,0,0,0,1,0
cpp-ollama-ollama-update-commit-hash-8,minimal,307,0,0,0,1,0
cpp-ollama-ollama-update-commit-hash-string-constant,full,338,0,0,0,1,0
cpp-ollama-ollama-update-commit-hash-string-constant,minimal,338,0,0,0,1,0
cpp-opencv-opencv-delete-string-const-from-preprocessor,full,1778,4,4,0,1,0
cpp-opencv-opencv-delete-string-const-from-preprocessor,minimal,1778,4,4,0,1,0
cpp-optimize-algorithm,full,626,2,2,0,2,0
cpp-optimize-algorithm,minimal,626,0,0,0,2,0
cpp-paddlepaddle-paddleocr-add-namespace-closing-comment,full,1258,1,1,0,2,0
cpp-paddlepaddle-paddleocr-add-namespace-closing-comment,minimal,1258,0,0,0,2,0
cpp-protocolbuffers-protobuf-add-preprocessor-commands,full,1230,0,0,0,1,0
cpp-protocolbuffers-protobuf-add-preprocessor-commands,minimal,1230,0,0,0,1,0
cpp-protocolbuffers-protobuf-one-line-insert,full,19170,0,0,0,2,0
cpp-protocolbuffers-protobuf-one-line-insert,minimal,19170,0,0,0,2,0
cpp-pytorch-pytorch-two-inserted-lines,full,155339,0,0,0,2,0
cpp-pytorch-pytorch-two-inserted-lines,minimal,155339,0,0,0,2,0
cpp-tensorflow-tensorflow-new-to-make-unique,full,2275,5,1,4,2,0
cpp-tensorflow-tensorflow-new-to-make-unique,minimal,2275,5,1,4,2,0
csharp-jellyfin-jellyfin-add-const-string,full,685182,2,2,0,1,0
csharp-jellyfin-jellyfin-add-const-string,minimal,685182,2,2,0,1,0
csharp-jellyfin-jellyfin-add-line,full,241918,0,0,0,2,0
csharp-jellyfin-jellyfin-add-line,minimal,241918,0,0,0,2,0
csharp-jellyfin-jellyfin-update-version-string,full,216,0,0,0,1,0
csharp-jellyfin-jellyfin-update-version-string,minimal,216,0,0,0,1,0
csharp-lidarr-lidarr-add-enum-value,full,264,0,0,0,2,0
csharp-lidarr-lidarr-add-enum-value,minimal,264,0,0,0,2,0
csharp-lidarr-lidarr-add-function,full,940,0,0,0,2,0
csharp-lidarr-lidarr-add-function,minimal,940,0,0,0,2,0
csharp-lidarr-lidarr-add-function-call-to-return,full,20790,0,0,0,1,0
csharp-lidarr-lidarr-add-function-call-to-return,minimal,20790,0,0,0,1,0
csharp-lidarr-lidarr-add-function-signature-to-class,full,484,0,0,0,2,0
csharp-lidarr-lidarr-add-function-signature-to-class,minimal,484,0,0,0,2,0
csharp-lidarr-lidarr-add-import-and-func,full,1733,0,0,0,2,0
csharp-lidarr-lidarr-add-import-and-func,minimal,1733,0,0,0,2,0
csharp-lidarr-lidarr-add-method-to-class,full,363,0,0,0,2,0
csharp-lidarr-lidarr-add-method-to-class,minimal,363,0,0,0,2,0
csharp-radarr-radarr-add-base-class,full,1335,0,0,0,1,0
csharp-radarr-radarr-add-base-class,minimal,1335,0,0,0,1,0
csharp-radarr-radarr-add-func,full,596,0,0,0,2,0
csharp-radarr-radarr-add-func,minimal,596,0,0,0,2,0
csharp-radarr-radarr-add-one-using,full,40338,0,0,0,1,0
csharp-radarr-radarr-add-one-using,minimal,40338,0,0,0,1,0
csharp-radarr-radarr-add-one-using-2,full,2058,0,0,0,1,0
csharp-radarr-radarr-add-one-using-2,minimal,2058,0,0,0,1,0
csharp-radarr-radarr-add-property,full,1704,0,0,0,2,0
csharp-radarr-radarr-add-property,minimal,1704,0,0,0,2,0
csharp-radarr-radarr-add-to-end-of-regex,full,68522,0,0,0,1,0
csharp-radarr-radarr-add-to-end-of-regex,minimal,68522,0,0,0,1,0
csharp-radarr-radarr-remove-import-and-func,full,1128,0,0,0,2,0
csharp-radarr-radarr-remove-import-and-func,minimal,1128,2,2,0,2,0
csharp-sonarr-sonarr-add-attribute,full,295,0,0,0,2,0
csharp-sonarr-sonarr-add-attribute,minimal,295,0,0,0,2,0
csharp-sonarr-sonarr-add-attribute-2,full,297,0,0,0,2,0
csharp-sonarr-sonarr-add-attribute-2,minimal,297,0,0,0,2,0
csharp-sonarr-sonarr-add-func,full,1435,0,0,0,2,0
csharp-sonarr-sonarr-add-func,minimal,1435,0,0,0,2,0
csharp-sonarr-sonarr-add-import-and-annotation,full,404,0,0,0,2,0
csharp-sonarr-sonarr-add-import-and-annotation,minimal,404,0,0,0,2,0
csharp-sonarr-sonarr-add-list-item,full,554,0,0,0,2,0
csharp-sonarr-sonarr-add-list-item,minimal,554,1,1,0,2,0
csharp-sonarr-sonarr-add-two-attributes,full,84690,0,0,0,2,0
csharp-sonarr-sonarr-add-two-attributes,minimal,84690,0,0,0,2,0
csharp-sonarr-sonarr-add-two-items-to-list,full,17106,0,0,0,2,0
csharp-sonarr-sonarr-add-two-items-to-list,minimal,17106,0,0,0,2,0
csharp-sonarr-sonarr-delete-func,full,1175,0,0,0,2,0
csharp-sonarr-sonarr-delete-func,minimal,1175,2,2,0,2,0
csharp-sonarr-sonarr-fix-comment-typo,full,23999,1,1,0,2,0
csharp-sonarr-sonarr-fix-comment-typo,minimal,23999,0,0,0,2,0
csharp-sonarr-sonarr-update-regex,full,142358,80,80,0,2,0
csharp-sonarr-sonarr-update-regex,minimal,142358,75,75,0,2,0
csharp-sonarr-sonarr-use-a-different-class,full,1978,359,359,0,2,0
csharp-sonarr-sonarr-use-a-different-class,minimal,1978,64,64,0,2,0
css-facebook-react-add-two-selectors,full,2578,0,0,0,1,0
css-facebook-react-add-two-selectors,minimal,2578,0,0,0,1,0
css-gorhill-ublock-add-one-attribute,full,5294,0,0,0,2,0
css-gorhill-ublock-add-one-attribute,minimal,5294,0,0,0,2,0
css-mastodon-mastodon-add-two-lines,full,11930,8,0,8,2,0
css-mastodon-mastodon-add-two-lines,minimal,11930,8,0,8,2,0
css-microsoft-vscode-remove-one-line,full,5562,0,0,0,2,0
css-microsoft-vscode-remove-one-line,minimal,5562,0,0,0,2,0
css-nextcloud-server-update-import,full,1249,0,0,0,1,0
css-nextcloud-server-update-import,minimal,1249,0,0,0,1,0
css-shadcn-ui-ui-add-two-bytes,full,19118,3,3,0,1,0
css-shadcn-ui-ui-add-two-bytes,minimal,19118,3,3,0,1,0
css-twbs-bootstrap-parse-errors,full,2619,85,37,91,2,0
css-twbs-bootstrap-parse-errors,minimal,2619,56,11,67,2,0
css-wordpress-wordpress-change-comment,full,41043,19,19,0,2,0
css-wordpress-wordpress-change-comment,minimal,41043,19,19,0,2,0
css-wordpress-wordpress-go-to-one-line,full,120,4,4,0,2,0
css-wordpress-wordpress-go-to-one-line,minimal,120,37,37,0,2,0
css-wordpress-wordpress-one-line-to-multiline,full,468,16,16,0,2,0
css-wordpress-wordpress-one-line-to-multiline,minimal,468,335,335,0,2,0
css-wordpress-wordpress-re-format-in-one-line,full,246,10,10,0,2,0
css-wordpress-wordpress-re-format-in-one-line,minimal,246,207,207,0,2,0
css-wordpress-wordpress-reformat-and-fix-lint-errors,full,264,134,134,0,2,0
css-wordpress-wordpress-reformat-and-fix-lint-errors,minimal,264,170,170,0,2,0
css-wordpress-wordpress-remove-one-line,full,4927,0,0,0,2,0
css-wordpress-wordpress-remove-one-line,minimal,4927,0,0,0,2,0
css-wordpress-wordpress-remove-one-rule,full,1071,122,120,2,1,0
css-wordpress-wordpress-remove-one-rule,minimal,1071,2,0,2,1,0
css-wordpress-wordpress-remove-webkit-prefix,full,4138,8,8,0,1,0
css-wordpress-wordpress-remove-webkit-prefix,minimal,4138,8,8,0,1,0
css-wordpress-wordpress-rename-attribute,full,711,0,0,0,1,0
css-wordpress-wordpress-rename-attribute,minimal,711,0,0,0,1,0
go-caddyserver-caddy-multiple-solutions-interesting-case,full,110301,17,21,25,4,0
go-caddyserver-caddy-multiple-solutions-interesting-case,minimal,110301,15,23,23,4,0
go-fatedier-frp-build-comment-insert-only,full,1063,2,2,0,1,0
go-fatedier-frp-build-comment-insert-only,minimal,1063,2,2,0,1,0
go-gin-gonic-gin-one-space-removed-in-a-comment,full,467,1,1,0,1,0
go-gin-gonic-gin-one-space-removed-in-a-comment,minimal,467,1,1,0,1,0
go-gin-gonic-gin-replace-replaced-with-replaceall,full,10744,30,30,0,2,0
go-gin-gonic-gin-replace-replaced-with-replaceall,minimal,10744,64,64,0,2,0
go-gin-gonic-gin-update-version-string,full,498,0,0,0,1,0
go-gin-gonic-gin-update-version-string,minimal,498,0,0,0,1,0
go-gin-gonic-gin-update-version-string-,full,498,0,0,0,1,0
go-gin-gonic-gin-update-version-string-,minimal,498,0,0,0,1,0
go-gin-gonic-gin-update-version-string-2,full,502,0,0,0,1,0
go-gin-gonic-gin-update-version-string-2,minimal,502,0,0,0,1,0
go-gin-gonic-gin-update-version-string-3,full,498,0,0,0,1,0
go-gin-gonic-gin-update-version-string-3,minimal,498,0,0,0,1,0
go-gin-gonic-gin-update-version-string-4,full,498,0,0,0,1,0
go-gin-gonic-gin-update-version-string-4,minimal,498,0,0,0,1,0
go-gin-gonic-gin-update-version-string-5,full,498,0,0,0,1,0
go-gin-gonic-gin-update-version-string-5,minimal,498,0,0,0,1,0
go-gin-gonic-gin-update-version-string-6,full,496,0,0,0,1,0
go-gin-gonic-gin-update-version-string-6,minimal,496,0,0,0,1,0
go-gin-gonic-gin-whitespace-in-comment,full,1455,1,1,0,1,0
go-gin-gonic-gin-whitespace-in-comment,minimal,1455,1,1,0,1,0
go-gohugoio-hugo-add-and-upadate-list-items,full,1624,4,4,0,2,0
go-gohugoio-hugo-add-and-upadate-list-items,minimal,1624,0,0,0,2,0
go-gohugoio-hugo-update-and-add-list-items,full,1740,4,4,0,2,0
go-gohugoio-hugo-update-and-add-list-items,minimal,1740,0,0,0,2,0
go-gohugoio-hugo-update-and-add-some-values,full,1740,4,4,0,2,0
go-gohugoio-hugo-update-and-add-some-values,minimal,1740,0,0,0,2,0
go-gohugoio-hugo-version,full,1624,0,0,0,1,0
go-gohugoio-hugo-version,minimal,1624,0,0,0,1,0
go-golang-go-add-one-line,full,2801,0,0,0,2,0
go-golang-go-add-one-line,minimal,2801,0,0,0,2,0
go-golang-go-update-copyright-year,full,570,0,0,0,1,0
go-golang-go-update-copyright-year,minimal,570,0,0,0,1,0
go-grafana-grafana-real-small-change-with-a-move,full,2021,15,15,0,2,0
go-grafana-grafana-real-small-change-with-a-move,minimal,2021,0,0,0,2,0
go-jesseduffield-lazygit-add-a-func,full,579,0,0,0,1,0
go-jesseduffield-lazygit-add-a-func,minimal,579,0,0,0,1,0
go-jesseduffield-lazygit-add-two-lines,full,3125,0,0,0,2,0
go-jesseduffield-lazygit-add-two-lines,minimal,3125,0,0,0,2,0
go-junegunn-fzf-real-small-change,full,433,3,3,0,2,0
go-junegunn-fzf-real-small-change,minimal,433,2,18,16,2,0
go-lazygit-switch-to-strings,full,1443,59,41,58,2,0
go-lazygit-switch-to-strings,minimal,1443,37,28,48,2,0
go-ollama-ollama-add-go-build-comment,full,338,0,0,0,1,0
go-ollama-ollama-add-go-build-comment,minimal,338,0,0,0,1,0
go-ollama-ollama-remove-go-build-comment,full,401,0,0,0,1,0
go-ollama-ollama-remove-go-build-comment,minimal,401,0,0,0,1,0
go-prometheus-prometheus-remove-copyright-year,full,2011,1,1,0,2,0
go-prometheus-prometheus-remove-copyright-year,minimal,2011,0,0,0,2,0
html-apache-echarts-delete-one-script-tag,full,35023,0,0,0,2,0
html-apache-echarts-delete-one-script-tag,minimal,35023,0,0,0,2,0
html-axios-axios-add-script-element,full,998,0,0,0,1,0
html-axios-axios-add-script-element,minimal,998,0,0,0,1,0
html-caddyserver-caddy-add-one-element,full,101352,0,0,0,2,0
html-caddyserver-caddy-add-one-element,minimal,101352,0,0,0,2,0
html-fatedier-frp-update-hashes,full,832,0,0,0,1,0
html-fatedier-frp-update-hashes,minimal,832,0,0,0,1,0
html-fatedier-frp-update-hashes-2,full,680,0,0,0,1,0
html-fatedier-frp-update-hashes-2,minimal,680,0,0,0,1,0
html-fatedier-frp-update-hashes-3,full,690,0,0,0,1,0
html-fatedier-frp-update-hashes-3,minimal,690,0,0,0,1,0
html-fatedier-frp-update-hashes-4,full,680,0,0,0,1,0
html-fatedier-frp-update-hashes-4,minimal,680,0,0,0,1,0
html-fatedier-frp-version,full,608,0,0,0,1,0
html-fatedier-frp-version,minimal,608,0,0,0,1,0
html-gohugoio-hugo-change-template-variable-path,full,4181,0,0,0,1,0
html-gohugoio-hugo-change-template-variable-path,minimal,4181,0,0,0,1,0
html-gohugoio-hugo-template-not-pure-html,full,381,86,48,78,2,0
html-gohugoio-hugo-template-not-pure-html,minimal,381,64,0,64,2,0
html-gohugoio-hugo-template-not-pure-html-2,full,206,160,160,0,1,0
html-gohugoio-hugo-template-not-pure-html-2,minimal,206,160,160,0,1,0
html-gohugoio-hugo-update-href-template,full,1345,150,150,0,2,0
html-gohugoio-hugo-update-href-template,minimal,1345,140,140,0,2,0
html-gorhill-ublock-add-one-meta-element,full,20776,0,0,0,1,0
html-gorhill-ublock-add-one-meta-element,minimal,20776,0,0,0,1,0
html-ladybirdbrowser-ladybird-remove-meta-attribute,full,810,0,0,0,1,0
html-ladybirdbrowser-ladybird-remove-meta-attribute,minimal,810,0,0,0,1,0
html-ladybirdbrowser-ladybird-remove-one-line,full,8355,0,0,0,2,0
html-ladybirdbrowser-ladybird-remove-one-line,minimal,8355,0,0,0,2,0
html-ladybirdbrowser-ladybird-update-pixel-value,full,1154,0,0,0,1,0
html-ladybirdbrowser-ladybird-update-pixel-value,minimal,1154,0,0,0,1,0
html-ladybirdbrowser-ladybird-update-two-pixel-numbers,full,1919,30,30,0,1,0
html-ladybirdbrowser-ladybird-update-two-pixel-numbers,minimal,1919,30,30,0,1,0
html-mozilla-firefox-firefox-href-path,full,1064,0,0,0,1,0
html-mozilla-firefox-firefox-href-path,minimal,1064,0,0,0,1,0
html-mozilla-firefox-firefox-interesting-case,full,964,188,188,0,2,0
html-mozilla-firefox-firefox-interesting-case,minimal,964,188,188,0,2,0
html-mozilla-firefox-firefox-path,full,1996,0,0,0,1,0
html-mozilla-firefox-firefox-path,minimal,1996,0,0,0,1,0
html-mozilla-firefox-firefox-test-span,full,739,20,14,8,2,0
html-mozilla-firefox-firefox-test-span,minimal,739,8,0,8,2,0
html-mozilla-pdf-add-closing-tags,full,482,2,2,0,1,0
html-mozilla-pdf-add-closing-tags,minimal,482,2,2,0,1,0
html-prettier-prettier-not-pure-html-includes-yaml-as-well,full,181,75,75,0,2,0
html-prettier-prettier-not-pure-html-includes-yaml-as-well,minimal,181,71,71,0,2,0
html-twbs-bootstrap-not-html-template-extract-two-vars,full,659,159,198,139,2,0
html-twbs-bootstrap-not-html-template-extract-two-vars,minimal,659,151,182,139,2,0
html-twbs-bootstrap-remove-one-line-in-yaml-metadata-preamble,full,2504,17,17,0,1,0
html-twbs-bootstrap-remove-one-line-in-yaml-metadata-preamble,minimal,2504,17,17,0,1,0
java-add-exception-handling,full,1094,52,44,44,2,0
java-add-exception-handling,minimal,1094,4,0,4,2,0
java-add-interface,full,602,2,2,0,2,0
java-add-interface,minimal,602,0,0,0,2,0
java-add-logging,full,750,0,0,0,2,0
java-add-logging,minimal,750,0,0,0,2,0
java-defects4j-chart-1-abstractcategoryitemrenderer,full,151608,2,2,0,1,0
java-defects4j-chart-1-abstractcategoryitemrenderer,minimal,151608,2,2,0,1,0
java-defects4j-chart-10-standardtooltiptagfragmentgenerator,full,4821,0,0,0,2,0
java-defects4j-chart-10-standardtooltiptagfragmentgenerator,minimal,4821,0,0,0,2,0
java-defects4j-chart-11-shapeutilities,full,39702,0,0,0,1,0
java-defects4j-chart-11-shapeutilities,minimal,39702,0,0,0,1,0
java-defects4j-chart-12-multiplepieplot,full,42839,19,1,18,2,0
java-defects4j-chart-12-multiplepieplot,minimal,42839,33,15,20,2,0
java-defects4j-chart-13-borderarrangement,full,41109,0,0,0,2,0
java-defects4j-chart-13-borderarrangement,minimal,41109,0,0,0,2,0
java-defects4j-chart-14-categoryplot,full,291252,0,0,0,2,0
java-defects4j-chart-14-categoryplot,minimal,291252,0,0,0,2,0
java-defects4j-chart-14-xyplot,full,360900,0,0,0,2,0
java-defects4j-chart-14-xyplot,minimal,360900,0,0,0,2,0
java-defects4j-chart-15-pieplot,full,220293,0,0,0,2,0
java-defects4j-chart-15-pieplot,minimal,220293,0,0,0,2,0
java-defects4j-chart-16-defaultintervalcategorydataset,full,55004,0,0,0,1,0
java-defects4j-chart-16-defaultintervalcategorydataset,minimal,55004,0,0,0,1,0
java-defects4j-chart-17-timeseries,full,74560,4,4,0,2,0
java-defects4j-chart-17-timeseries,minimal,74560,14,14,0,2,0
java-defects4j-chart-18-defaultkeyedvalues,full,29871,6,1,5,2,0
java-defects4j-chart-18-defaultkeyedvalues,minimal,29871,2,0,2,2,0
java-defects4j-chart-18-defaultkeyedvalues2d,full,36261,0,0,0,2,0
java-defects4j-chart-18-defaultkeyedvalues2d,minimal,36261,0,0,0,2,0
java-defects4j-chart-19-categoryplot,full,271892,0,0,0,2,0
java-defects4j-chart-19-categoryplot,minimal,271892,0,0,0,2,0
java-defects4j-chart-2-datasetutilities,full,175152,0,0,0,2,0
java-defects4j-chart-2-datasetutilities,minimal,175152,0,0,0,2,0
java-defects4j-chart-20-valuemarker,full,9968,20,20,0,2,0
java-defects4j-chart-20-valuemarker,minimal,9968,32,32,0,2,0
java-defects4j-chart-21-defaultboxandwhiskercategorydataset,full,49571,0,0,0,2,0
java-defects4j-chart-21-defaultboxandwhiskercategorydataset,minimal,49571,0,0,0,2,0
java-defects4j-chart-22-keyedobjects2d,full,29772,308,168,158,2,1
java-defects4j-chart-22-keyedobjects2d,minimal,29772,219,117,102,2,1
java-defects4j-chart-23-minmaxcategoryrenderer,full,40014,0,0,0,2,0
java-defects4j-chart-23-minmaxcategoryrenderer,minimal,40014,0,0,0,2,0
java-defects4j-chart-24-graypaintscale,full,10682,2,2,0,2,0
java-defects4j-chart-24-graypaintscale,minimal,10682,4,4,0,2,0
java-defects4j-chart-25-statisticalbarrenderer,full,42436,192,80,172,2,0
java-defects4j-chart-25-statisticalbarrenderer,minimal,42436,146,0,146,2,0
java-defects4j-chart-26-axis,full,94921,0,0,0,2,0
java-defects4j-chart-26-axis,minimal,94921,0,0,0,2,0
java-defects4j-chart-3-timeseries,full,92698,0,0,0,2,0
java-defects4j-chart-3-timeseries,minimal,92698,0,0,0,2,0
java-defects4j-chart-4-xyplot,full,419037,0,0,0,2,0
java-defects4j-chart-4-xyplot,minimal,419037,0,0,0,2,0
java-defects4j-chart-5-xyseries,full,51489,676,676,0,2,0
java-defects4j-chart-5-xyseries,minimal,51489,53,53,0,2,0
java-defects4j-chart-6-shapelist,full,9466,112,71,43,1,0
java-defects4j-chart-6-shapelist,minimal,9466,35,0,35,1,0
java-defects4j-chart-7-timeperiodvalues,full,37306,0,0,0,1,0
java-defects4j-chart-7-timeperiodvalues,minimal,37306,0,0,0,1,0
java-defects4j-chart-8-week,full,43809,21,0,21,1,0
java-defects4j-chart-8-week,minimal,43809,21,0,21,1,0
java-defects4j-chart-9-timeseries,full,74736,0,5,5,4,0
java-defects4j-chart-9-timeseries,minimal,74736,2,3,5,4,0
java-defects4j-cli-1-commandline,full,16954,647,130,545,4,1
java-defects4j-cli-1-commandline,minimal,16954,522,40,504,4,1
java-defects4j-cli-10-parser,full,26625,2,2,0,2,0
java-defects4j-cli-10-parser,minimal,26625,0,56,56,2,0
java-defects4j-cli-11-helpformatter,full,60826,15,15,0,2,0
java-defects4j-cli-11-helpformatter,minimal,60826,14,14,0,2,0
java-defects4j-cli-12-gnuparser,full,7793,201,194,183,2,0
java-defects4j-cli-12-gnuparser,minimal,7793,92,86,90,2,0
java-defects4j-cli-13-argumentimpl,full,24782,0,0,0,1,0
java-defects4j-cli-13-argumentimpl,minimal,24782,0,0,0,1,0
java-defects4j-cli-13-writeablecommandline,full,6160,0,0,0,2,0
java-defects4j-cli-13-writeablecommandline,minimal,6160,0,0,0,2,0
java-defects4j-cli-13-writeablecommandlineimpl,full,14708,0,0,0,2,0
java-defects4j-cli-13-writeablecommandlineimpl,minimal,14708,0,0,0,2,0
java-defects4j-cli-14-groupimpl,full,32709,243,269,222,2,0
java-defects4j-cli-14-groupimpl,minimal,32709,119,155,121,2,0
java-defects4j-cli-15-writeablecommandlineimpl,full,17680,632,428,533,2,0
java-defects4j-cli-15-writeablecommandlineimpl,minimal,17680,369,110,325,2,0
java-defects4j-cli-16-groupimpl,full,32732,0,0,0,2,0
java-defects4j-cli-16-groupimpl,minimal,32732,0,0,0,2,0
java-defects4j-cli-16-option,full,14251,0,0,0,2,0
java-defects4j-cli-16-option,minimal,14251,0,0,0,2,0
java-defects4j-cli-16-optionimpl,full,10311,0,0,0,2,0
java-defects4j-cli-16-optionimpl,minimal,10311,0,0,0,2,0
java-defects4j-cli-16-writeablecommandlineimpl,full,18404,0,0,0,2,0
java-defects4j-cli-16-writeablecommandlineimpl,minimal,18404,0,0,0,2,0
java-defects4j-cli-17-posixparser,full,21173,0,0,0,2,0
java-defects4j-cli-17-posixparser,minimal,21173,0,0,0,2,0
java-defects4j-cli-18-posixparser,full,20560,25,48,73,2,1
java-defects4j-cli-18-posixparser,minimal,20560,27,18,41,2,1
java-defects4j-cli-19-posixparser,full,20456,82,86,102,2,0
java-defects4j-cli-19-posixparser,minimal,20456,54,54,18,2,0
java-defects4j-cli-2-posixparser,full,21043,8,0,8,2,0
java-defects4j-cli-2-posixparser,minimal,21043,8,0,8,2,0
java-defects4j-cli-20-posixparser,full,20598,405,92,432,2,0
java-defects4j-cli-20-posixparser,minimal,20598,135,81,164,2,0
java-defects4j-cli-21-groupimpl,full,35050,0,0,0,2,0
java-defects4j-cli-21-groupimpl,minimal,35050,0,0,0,2,0
java-defects4j-cli-21-writeablecommandline,full,7828,0,0,0,2,0
java-defects4j-cli-21-writeablecommandline,minimal,7828,0,0,0,2,0
java-defects4j-cli-21-writeablecommandlineimpl,full,20615,0,0,0,2,0
java-defects4j-cli-21-writeablecommandlineimpl,minimal,20615,8,8,0,2,0
java-defects4j-cli-22-posixparser,full,18975,14,14,0,2,0
java-defects4j-cli-22-posixparser,minimal,18975,6,6,0,2,0
java-defects4j-cli-23-helpformatter,full,59488,67,37,81,3,0
java-defects4j-cli-23-helpformatter,minimal,59488,28,29,48,3,0
java-defects4j-cli-24-helpformatter,full,60145,65,15,50,2,0
java-defects4j-cli-24-helpformatter,minimal,60145,38,0,38,2,0
java-defects4j-cli-25-helpformatter,full,59988,0,0,0,1,0
java-defects4j-cli-25-helpformatter,minimal,59988,0,0,0,1,0
java-defects4j-cli-26-optionbuilder,full,20015,171,76,124,2,0
java-defects4j-cli-26-optionbuilder,minimal,20015,69,0,69,2,0
java-defects4j-cli-27-optiongroup,full,9144,0,0,0,1,0
java-defects4j-cli-27-optiongroup,minimal,9144,0,0,0,1,0
java-defects4j-cli-28-parser,full,26071,40,53,13,3,0
java-defects4j-cli-28-parser,minimal,26071,0,13,13,3,0
java-defects4j-cli-29-util,full,4539,14,14,0,2,0
java-defects4j-cli-29-util,minimal,4539,38,38,0,2,0
java-defects4j-cli-31-helpformatter,full,62704,97,60,60,2,0
java-defects4j-cli-31-helpformatter,minimal,62704,98,57,60,2,0
java-defects4j-cli-31-option,full,37142,0,0,0,1,0
java-defects4j-cli-31-option,minimal,37142,0,0,0,1,0
java-defects4j-cli-31-optionbuilder,full,20237,0,0,0,1,0
java-defects4j-cli-31-optionbuilder,minimal,20237,0,0,0,1,0
java-defects4j-cli-34-option,full,37141,0,0,0,1,0
java-defects4j-cli-34-option,minimal,37141,0,0,0,1,0
java-defects4j-cli-34-optionbuilder,full,20474,0,0,0,1,0
java-defects4j-cli-34-optionbuilder,minimal,20474,0,0,0,1,0
java-defects4j-cli-35-options,full,19277,0,0,0,2,0
java-defects4j-cli-35-options,minimal,19277,0,0,0,2,0
java-defects4j-cli-40-typehandler,full,16323,24,26,26,2,0
java-defects4j-cli-40-typehandler,minimal,16323,0,2,2,2,0
java-defects4j-cli-5-util,full,4314,0,0,0,2,0
java-defects4j-cli-5-util,minimal,4314,0,0,0,2,0
java-defects4j-cli-8-helpformatter,full,58958,0,16,16,1,0
java-defects4j-cli-8-helpformatter,minimal,58958,0,16,16,1,0
java-defects4j-closure-1-removeunusedvars,full,69630,0,0,0,2,0
java-defects4j-closure-1-removeunusedvars,minimal,69630,0,0,0,2,0
java-defects4j-closure-10-nodeutil,full,190790,26,26,0,2,0
java-defects4j-closure-10-nodeutil,minimal,190790,2,2,0,2,0
java-defects4j-closure-102-normalize,full,35796,8,8,0,2,0
java-defects4j-closure-102-normalize,minimal,35796,0,0,0,2,0
java-defects4j-closure-103-controlflowanalysis,full,66141,53,0,53,2,0
java-defects4j-closure-103-controlflowanalysis,minimal,66141,40,0,40,2,0
java-defects4j-closure-104-uniontype,full,28618,1,1,0,2,0
java-defects4j-closure-104-uniontype,minimal,28618,0,0,0,2,0
java-defects4j-closure-106-jsdocinfobuilder,full,43022,0,0,0,2,0
java-defects4j-closure-106-jsdocinfobuilder,minimal,43022,0,0,0,2,0
java-defects4j-closure-107-commandlinerunner,full,74211,0,0,0,2,0
java-defects4j-closure-107-commandlinerunner,minimal,74211,0,0,0,2,0
java-defects4j-closure-11-typecheck,full,134513,0,10,10,2,0
java-defects4j-closure-11-typecheck,minimal,134513,0,10,10,2,0
java-defects4j-closure-113-processclosureprimitives,full,83632,0,0,0,1,0
java-defects4j-closure-113-processclosureprimitives,minimal,83632,0,0,0,1,0
java-defects4j-closure-114-nameanalyzer,full,124439,0,0,0,1,0
java-defects4j-closure-114-nameanalyzer,minimal,124439,0,0,0,1,0
java-defects4j-closure-119-globalnamespace,full,83202,0,0,0,2,0
java-defects4j-closure-119-globalnamespace,minimal,83202,0,0,0,2,0
java-defects4j-closure-123-codegenerator,full,79977,32,0,32,1,0
java-defects4j-closure-123-codegenerator,minimal,79977,32,0,32,1,0
java-defects4j-closure-124-exploitassigns,full,15753,0,0,0,2,0
java-defects4j-closure-124-exploitassigns,minimal,15753,0,0,0,2,0
java-defects4j-closure-125-typecheck,full,149046,0,0,0,1,0
java-defects4j-closure-125-typecheck,minimal,149046,0,0,0,1,0
java-defects4j-closure-13-peepholeoptimizationspass,full,11088,0,0,0,2,0
java-defects4j-closure-13-peepholeoptimizationspass,minimal,11088,0,0,0,2,0
java-defects4j-closure-130-collapseproperties,full,69389,0,0,0,1,0
java-defects4j-closure-130-collapseproperties,minimal,69389,0,0,0,1,0
java-defects4j-closure-133-jsdocinfoparser,full,158963,0,0,0,2,0
java-defects4j-closure-133-jsdocinfoparser,minimal,158963,0,0,0,2,0
java-defects4j-closure-135-devirtualizeprototypemethods,full,23542,0,0,0,2,0
java-defects4j-closure-135-devirtualizeprototypemethods,minimal,23542,0,0,0,2,0
java-defects4j-closure-137-normalize,full,39440,8,8,0,2,0
java-defects4j-closure-137-normalize,minimal,39440,0,0,0,2,0
java-defects4j-closure-138-closurereverseabstractinterpreter,full,16925,0,27,27,2,1
java-defects4j-closure-138-closurereverseabstractinterpreter,minimal,16925,0,2,2,2,1
java-defects4j-closure-14-controlflowanalysis,full,70037,0,0,0,1,0
java-defects4j-closure-14-controlflowanalysis,minimal,70037,0,0,0,1,0
java-defects4j-closure-144-functiontype,full,55056,10,0,10,1,0
java-defects4j-closure-144-functiontype,minimal,55056,10,0,10,1,0
java-defects4j-closure-147-checkglobalthis,full,11956,64,64,0,2,0
java-defects4j-closure-147-checkglobalthis,minimal,11956,0,0,0,2,0
java-defects4j-closure-149-commandlinerunner,full,43279,0,0,0,2,0
java-defects4j-closure-149-commandlinerunner,minimal,43279,0,0,0,2,0
java-defects4j-closure-165-recordtypebuilder,full,7059,4,4,0,2,0
java-defects4j-closure-165-recordtypebuilder,minimal,7059,0,0,0,2,0
java-defects4j-closure-168-typedscopecreator,full,152908,0,0,0,1,0
java-defects4j-closure-168-typedscopecreator,minimal,152908,0,0,0,1,0
java-defects4j-closure-18-compiler,full,150403,0,0,0,1,0
java-defects4j-closure-18-compiler,minimal,150403,0,0,0,1,0
java-defects4j-closure-19-chainablereverseabstractinterpreter,full,42662,0,0,0,2,0
java-defects4j-closure-19-chainablereverseabstractinterpreter,minimal,42662,0,0,0,2,0
java-defects4j-closure-28-inlinecostestimator,full,5431,0,0,0,2,0
java-defects4j-closure-28-inlinecostestimator,minimal,5431,0,0,0,2,0
java-defects4j-closure-30-flowsensitiveinlinevariables,full,32952,27,27,0,2,0
java-defects4j-closure-30-flowsensitiveinlinevariables,minimal,32952,5,5,0,2,0
java-defects4j-closure-31-compiler,full,147302,0,7,7,2,0
java-defects4j-closure-31-compiler,minimal,147302,0,5,5,2,0
java-defects4j-closure-34-codeprinter,full,44271,1,1,0,2,0
java-defects4j-closure-34-codeprinter,minimal,44271,0,0,0,2,0
java-defects4j-closure-37-nodetraversal,full,38472,0,0,0,1,0
java-defects4j-closure-37-nodetraversal,minimal,38472,0,0,0,1,0
java-defects4j-closure-38-codeconsumer,full,14136,10,10,0,1,0
java-defects4j-closure-38-codeconsumer,minimal,14136,0,0,0,1,0
java-defects4j-closure-77-codegenerator,full,72752,0,0,0,2,0
java-defects4j-closure-77-codegenerator,minimal,72752,0,0,0,2,0
java-defects4j-closure-79-varcheck,full,20111,0,0,0,2,0
java-defects4j-closure-79-varcheck,minimal,20111,0,0,0,2,0
java-defects4j-closure-80-nodeutil,full,175922,12,12,0,1,0
java-defects4j-closure-80-nodeutil,minimal,175922,0,0,0,1,0
java-defects4j-codec-1-soundexutils,full,8496,0,0,0,1,0
java-defects4j-codec-1-soundexutils,minimal,8496,0,0,0,1,0
java-defects4j-codec-8-base64inputstream,full,14789,0,0,0,2,0
java-defects4j-codec-8-base64inputstream,minimal,14789,0,0,0,2,0
java-defects4j-compress-1-cpioarchiveoutputstream,full,28035,0,0,0,2,0
java-defects4j-compress-1-cpioarchiveoutputstream,minimal,28035,0,0,0,2,0
java-defects4j-compress-25-ziparchiveinputstream,full,77560,0,0,0,2,0
java-defects4j-compress-25-ziparchiveinputstream,minimal,77560,0,0,0,2,0
java-defects4j-compress-26-ioutils,full,13303,0,0,0,2,0
java-defects4j-compress-26-ioutils,minimal,13303,0,0,0,2,0
java-defects4j-compress-33-deflatecompressorinputstream,full,6946,0,0,0,2,0
java-defects4j-compress-33-deflatecompressorinputstream,minimal,6946,0,0,0,2,0
java-defects4j-compress-4-changesetperformer,full,13076,0,0,0,2,0
java-defects4j-compress-4-changesetperformer,minimal,13076,0,0,0,2,0
java-defects4j-compress-4-cpioarchiveoutputstream,full,27003,0,0,0,2,0
java-defects4j-compress-4-cpioarchiveoutputstream,minimal,27003,0,0,0,2,0
java-defects4j-compress-4-tararchiveoutputstream,full,23040,0,0,0,2,0
java-defects4j-compress-4-tararchiveoutputstream,minimal,23040,0,0,0,2,0
java-defects4j-compress-4-ziparchiveoutputstream,full,57950,0,0,0,2,0
java-defects4j-compress-4-ziparchiveoutputstream,minimal,57950,0,0,0,2,0
java-defects4j-compress-42-unixstat,full,3874,0,0,0,2,0
java-defects4j-compress-42-unixstat,minimal,3874,0,0,0,2,0
java-defects4j-compress-44-checksumcalculatinginputstream,full,6102,0,0,0,2,0
java-defects4j-compress-44-checksumcalculatinginputstream,minimal,6102,0,0,0,2,0
java-defects4j-csv-1-extendedbufferedreader,full,9397,1,1,0,2,0
java-defects4j-csv-1-extendedbufferedreader,minimal,9397,1,21,20,2,0
java-defects4j-csv-2-csvrecord,full,10430,0,0,0,2,0
java-defects4j-csv-2-csvrecord,minimal,10430,0,0,0,2,0
java-defects4j-gson-11-typeadapters,full,62231,42,0,42,2,0
java-defects4j-gson-11-typeadapters,minimal,62231,30,0,30,2,0
java-defects4j-gson-5-iso8601utils,full,29052,0,0,0,2,0
java-defects4j-gson-5-iso8601utils,minimal,29052,0,0,0,2,0
java-defects4j-gson-6-jsonadapterannotationtypeadapterfactory,full,5587,0,0,0,2,0
java-defects4j-gson-6-jsonadapterannotationtypeadapterfactory,minimal,5587,4,4,0,2,0
java-defects4j-jacksoncore-11-bytequadscanonicalizer,full,88970,0,0,0,2,0
java-defects4j-jacksoncore-11-bytequadscanonicalizer,minimal,88970,0,0,0,2,0
java-defects4j-jacksoncore-13-jsongeneratorimpl,full,12050,56,56,0,1,0
java-defects4j-jacksoncore-13-jsongeneratorimpl,minimal,12050,0,0,0,1,0
java-defects4j-jacksoncore-26-nonblockingjsonparser,full,214794,0,0,0,2,0
java-defects4j-jacksoncore-26-nonblockingjsonparser,minimal,214794,0,0,0,2,0
java-defects4j-jacksondatabind-1-beanpropertywriter,full,48682,0,0,0,2,0
java-defects4j-jacksondatabind-1-beanpropertywriter,minimal,48682,0,0,0,2,0
java-defects4j-jacksondatabind-105-jdkdeserializers,full,3629,1,1,0,2,0
java-defects4j-jacksondatabind-105-jdkdeserializers,minimal,3629,0,0,0,2,0
java-defects4j-jacksondatabind-111-atomicreferencedeserializer,full,4557,0,0,0,1,0
java-defects4j-jacksondatabind-111-atomicreferencedeserializer,minimal,4557,0,0,0,1,0
java-defects4j-jacksondatabind-15-javatype,full,31227,0,0,0,2,0
java-defects4j-jacksondatabind-15-javatype,minimal,31227,0,0,0,2,0
java-defects4j-jacksondatabind-16-annotationmap,full,6933,0,0,0,1,0
java-defects4j-jacksondatabind-16-annotationmap,minimal,6933,0,0,0,1,0
java-defects4j-jacksondatabind-25-simpleabstracttyperesolver,full,7123,45,7,38,2,0
java-defects4j-jacksondatabind-25-simpleabstracttyperesolver,minimal,7123,34,4,38,2,0
java-defects4j-jacksondatabind-34-numberserializer,full,6444,0,0,0,1,0
java-defects4j-jacksondatabind-34-numberserializer,minimal,6444,0,0,0,1,0
java-defects4j-jacksondatabind-39-nullifyingdeserializer,full,3534,57,91,63,2,0
java-defects4j-jacksondatabind-39-nullifyingdeserializer,minimal,3534,51,51,17,2,0
java-defects4j-jacksondatabind-49-writableobjectid,full,4834,0,0,0,2,0
java-defects4j-jacksondatabind-49-writableobjectid,minimal,4834,0,0,0,2,0
java-defects4j-jacksondatabind-59-typefactory,full,113994,0,0,0,2,0
java-defects4j-jacksondatabind-59-typefactory,minimal,113994,0,0,0,2,0
java-defects4j-jacksondatabind-79-objectidinfo,full,6128,20,20,0,1,0
java-defects4j-jacksondatabind-79-objectidinfo,minimal,6128,0,0,0,1,0
java-defects4j-jacksondatabind-94-subtypevalidator,full,10158,801,829,827,2,1
java-defects4j-jacksondatabind-94-subtypevalidator,minimal,10158,608,608,606,2,1
java-defects4j-jacksondatabind-99-referencetype,full,17846,0,0,0,2,0
java-defects4j-jacksondatabind-99-referencetype,minimal,17846,0,0,0,2,0
java-defects4j-jsoup-16-documenttype,full,2596,107,86,21,2,0
java-defects4j-jsoup-16-documenttype,minimal,2596,25,4,21,2,0
java-defects4j-jsoup-17-treebuilderstate,full,136194,0,14,14,1,0
java-defects4j-jsoup-17-treebuilderstate,minimal,136194,0,14,14,1,0
java-defects4j-jsoup-2-parser,full,19676,0,0,0,2,0
java-defects4j-jsoup-2-parser,minimal,19676,0,0,0,2,0
java-defects4j-jsoup-24-tokeniserstate,full,122293,0,0,0,2,0
java-defects4j-jsoup-24-tokeniserstate,minimal,122293,0,0,0,2,0
java-defects4j-jsoup-26-cleaner,full,10663,0,0,0,2,0
java-defects4j-jsoup-26-cleaner,minimal,10663,0,0,0,2,0
java-defects4j-jsoup-31-token,full,13163,0,0,0,2,0
java-defects4j-jsoup-31-token,minimal,13163,0,0,0,2,0
java-defects4j-jsoup-31-tokeniserstate,full,123612,0,0,0,2,0
java-defects4j-jsoup-31-tokeniserstate,minimal,123612,0,0,0,2,0
java-defects4j-jsoup-33-htmltreebuilder,full,48956,0,0,0,2,0
java-defects4j-jsoup-33-htmltreebuilder,minimal,48956,0,0,0,2,0
java-defects4j-jsoup-35-htmltreebuilderstate,full,137046,0,0,0,2,0
java-defects4j-jsoup-35-htmltreebuilderstate,minimal,137046,0,0,0,2,0
java-defects4j-jsoup-39-datautil,full,16276,0,0,0,2,0
java-defects4j-jsoup-39-datautil,minimal,16276,0,0,0,2,0
java-defects4j-jsoup-40-documenttype,full,2799,0,0,0,2,0
java-defects4j-jsoup-40-documenttype,minimal,2799,0,0,0,2,0
java-defects4j-jsoup-52-xmldeclaration,full,3934,305,306,96,2,0
java-defects4j-jsoup-52-xmldeclaration,minimal,3934,197,198,52,2,0
java-defects4j-jsoup-54-w3cdom,full,13700,0,0,0,2,0
java-defects4j-jsoup-54-w3cdom,minimal,13700,0,0,0,2,0
java-defects4j-jsoup-55-tokeniserstate,full,118651,0,0,0,2,0
java-defects4j-jsoup-55-tokeniserstate,minimal,118651,0,0,0,2,0
java-defects4j-jsoup-56-documenttype,full,4948,83,83,0,2,0
java-defects4j-jsoup-56-documenttype,minimal,4948,1,1,0,2,0
java-defects4j-jsoup-79-leafnode,full,4481,43,18,59,2,0
java-defects4j-jsoup-79-leafnode,minimal,4481,39,4,43,2,0
java-defects4j-jsoup-86-comment,full,4694,10,10,0,2,0
java-defects4j-jsoup-86-comment,minimal,4694,0,0,0,2,0
java-defects4j-jsoup-91-uncheckedioexception,full,659,0,0,0,2,0
java-defects4j-jsoup-91-uncheckedioexception,minimal,659,0,0,0,2,0
java-defects4j-jsoup-92-parsesettings,full,3945,0,0,0,2,0
java-defects4j-jsoup-92-parsesettings,minimal,3945,0,0,0,2,0
java-defects4j-jsoup-92-xmltreebuilder,full,10569,0,0,0,2,0
java-defects4j-jsoup-92-xmltreebuilder,minimal,10569,0,0,0,2,0
java-defects4j-jsoup-93-formelement,full,8602,0,0,0,2,0
java-defects4j-jsoup-93-formelement,minimal,8602,0,0,0,2,0
java-defects4j-jxpath-15-unioncontext,full,4948,0,0,0,2,0
java-defects4j-jxpath-15-unioncontext,minimal,4948,0,0,0,2,0
java-defects4j-jxpath-18-attributecontext,full,6447,396,174,265,2,0
java-defects4j-jxpath-18-attributecontext,minimal,6447,274,112,162,2,0
java-defects4j-jxpath-7-coreoperationgreaterthan,full,2944,132,0,132,2,0
java-defects4j-jxpath-7-coreoperationgreaterthan,minimal,2944,100,0,100,2,0
java-defects4j-jxpath-7-coreoperationgreaterthanorequal,full,2994,134,0,134,2,0
java-defects4j-jxpath-7-coreoperationgreaterthanorequal,minimal,2994,102,0,102,2,0
java-defects4j-jxpath-7-coreoperationlessthan,full,2932,132,0,132,2,0
java-defects4j-jxpath-7-coreoperationlessthan,minimal,2932,100,0,100,2,0
java-defects4j-jxpath-7-coreoperationlessthanorequal,full,2982,134,0,134,2,0
java-defects4j-jxpath-7-coreoperationlessthanorequal,minimal,2982,102,0,102,2,0
java-defects4j-jxpath-7-coreoperationrelationalexpression,full,5040,0,0,0,2,0
java-defects4j-jxpath-7-coreoperationrelationalexpression,minimal,5040,0,0,0,2,0
java-defects4j-lang-14-stringutils,full,533801,0,0,0,2,0
java-defects4j-lang-14-stringutils,minimal,533801,0,0,0,2,0
java-defects4j-lang-17-charsequencetranslator,full,10076,287,287,0,2,0
java-defects4j-lang-17-charsequencetranslator,minimal,10076,12,0,12,2,0
java-defects4j-lang-19-numericentityunescaper,full,6139,180,209,140,2,0
java-defects4j-lang-19-numericentityunescaper,minimal,6139,110,123,140,2,0
java-defects4j-lang-28-numericentityunescaper,full,4800,78,78,0,2,0
java-defects4j-lang-28-numericentityunescaper,minimal,4800,46,46,0,2,0
java-defects4j-lang-38-fastdateformat,full,113921,0,0,0,2,0
java-defects4j-lang-38-fastdateformat,minimal,113921,0,0,0,2,0
java-defects4j-lang-4-lookuptranslator,full,5988,0,0,0,1,0
java-defects4j-lang-4-lookuptranslator,minimal,5988,0,0,0,1,0
java-defects4j-lang-43-extendedmessageformat,full,34121,0,0,0,2,0
java-defects4j-lang-43-extendedmessageformat,minimal,34121,0,0,0,2,0
java-defects4j-lang-51-booleanutils,full,72808,0,0,0,2,0
java-defects4j-lang-51-booleanutils,minimal,72808,0,0,0,2,0
java-defects4j-lang-6-charsequencetranslator,full,9895,0,0,0,1,0
java-defects4j-lang-6-charsequencetranslator,minimal,9895,0,0,0,1,0
java-defects4j-lang-64-valuedenum,full,15189,0,0,0,2,0
java-defects4j-lang-64-valuedenum,minimal,15189,0,0,0,2,0
java-defects4j-math-10-dscompiler,full,151387,0,0,0,2,0
java-defects4j-math-10-dscompiler,minimal,151387,0,0,0,2,0
java-defects4j-math-103-normaldistributionimpl,full,13343,246,0,246,2,0
java-defects4j-math-103-normaldistributionimpl,minimal,13343,4,0,4,2,0
java-defects4j-math-14-weight,full,4686,31,0,31,2,0
java-defects4j-math-14-weight,minimal,4686,31,0,31,2,0
java-defects4j-math-22-fdistribution,full,20197,2,2,0,1,0
java-defects4j-math-22-fdistribution,minimal,20197,2,2,0,1,0
java-defects4j-math-22-uniformrealdistribution,full,12781,2,2,0,1,0
java-defects4j-math-22-uniformrealdistribution,minimal,12781,2,2,0,1,0
java-defects4j-math-35-elitisticlistpopulation,full,8842,54,2,52,2,0
java-defects4j-math-35-elitisticlistpopulation,minimal,8842,98,46,56,2,0
java-defects4j-math-6-baseoptimizer,full,15148,0,0,0,1,0
java-defects4j-math-6-baseoptimizer,minimal,15148,0,0,0,1,0
java-defects4j-math-6-cmaesoptimizer,full,101565,0,0,0,2,0
java-defects4j-math-6-cmaesoptimizer,minimal,101565,0,0,0,2,0
java-defects4j-math-70-bisectionsolver,full,7269,0,0,0,1,0
java-defects4j-math-70-bisectionsolver,minimal,7269,0,0,0,1,0
java-defects4j-math-95-fdistributionimpl,full,13897,1,1,0,2,0
java-defects4j-math-95-fdistributionimpl,minimal,13897,0,0,0,2,0
java-defects4j-mockito-11-delegatingmethod,full,3341,74,74,0,2,0
java-defects4j-mockito-11-delegatingmethod,minimal,3341,48,48,0,2,0
java-defects4j-mockito-12-genericmaster,full,1865,0,0,0,2,0
java-defects4j-mockito-12-genericmaster,minimal,1865,0,0,0,2,0
java-defects4j-mockito-15-finalmockcandidatefilter,full,3170,168,168,0,2,0
java-defects4j-mockito-15-finalmockcandidatefilter,minimal,3170,0,0,0,2,0
java-defects4j-mockito-17-mocksettingsimpl,full,4736,5,5,0,2,0
java-defects4j-mockito-17-mocksettingsimpl,minimal,4736,3,3,0,2,0
java-defects4j-mockito-19-finalmockcandidatefilter,full,3519,1618,1618,0,1,0
java-defects4j-mockito-19-finalmockcandidatefilter,minimal,3519,0,0,0,1,0
java-defects4j-mockito-19-mockcandidatefilter,full,916,17,17,0,2,0
java-defects4j-mockito-19-mockcandidatefilter,minimal,916,31,31,0,2,0
java-defects4j-mockito-19-namebasedcandidatefilter,full,3358,31,31,0,2,0
java-defects4j-mockito-19-namebasedcandidatefilter,minimal,3358,26,26,0,2,0
java-defects4j-mockito-19-typebasedcandidatefilter,full,1872,26,26,0,1,0
java-defects4j-mockito-19-typebasedcandidatefilter,minimal,1872,0,0,0,1,0
java-defects4j-mockito-2-timer,full,1427,0,0,0,2,0
java-defects4j-mockito-2-timer,minimal,1427,0,0,0,2,0
java-defects4j-mockito-21-constructorinstantiator,full,3839,186,166,28,2,1
java-defects4j-mockito-21-constructorinstantiator,minimal,3839,111,95,30,2,1
java-defects4j-mockito-22-equality,full,2566,0,0,0,2,0
java-defects4j-mockito-22-equality,minimal,2566,0,0,0,2,0
java-defects4j-mockito-29-same,full,2244,34,34,0,1,0
java-defects4j-mockito-29-same,minimal,2244,0,0,0,1,0
java-defects4j-mockito-30-returnssmartnulls,full,6461,0,0,0,1,0
java-defects4j-mockito-30-returnssmartnulls,minimal,6461,0,0,0,1,0
java-defects4j-mockito-31-returnssmartnulls,full,6324,11,14,7,2,0
java-defects4j-mockito-31-returnssmartnulls,minimal,6324,9,10,7,2,0
java-defects4j-mockito-32-spyannotationengine,full,6035,28,40,58,2,0
java-defects4j-mockito-32-spyannotationengine,minimal,6035,27,5,28,2,0
java-defects4j-mockito-37-answersvalidator,full,4853,0,0,0,2,0
java-defects4j-mockito-37-answersvalidator,minimal,4853,0,0,0,2,0
java-defects4j-mockito-38-argumentmatchingtool,full,3384,29,29,0,2,0
java-defects4j-mockito-38-argumentmatchingtool,minimal,3384,0,0,0,2,0
java-defects4j-mockito-5-verificationovertimeimpl,full,11801,0,0,0,1,0
java-defects4j-mockito-5-verificationovertimeimpl,minimal,11801,0,0,0,1,0
java-defects4j-mockito-7-genericmetadatasupport,full,50872,0,0,0,2,0
java-defects4j-mockito-7-genericmetadatasupport,minimal,50872,0,0,0,2,0
java-defects4j-mockito-9-callsrealmethods,full,3701,0,0,0,2,0
java-defects4j-mockito-9-callsrealmethods,minimal,3701,0,0,0,2,0
java-fix-array-index,full,523,2,2,0,1,0
java-fix-array-index,minimal,523,2,2,0,1,0
java-genymobile-scrcpy-add-enum-value,full,387,0,0,0,2,0
java-genymobile-scrcpy-add-enum-value,minimal,387,0,0,0,2,0
java-genymobile-scrcpy-add-func,full,621,0,0,0,2,0
java-genymobile-scrcpy-add-func,minimal,621,0,0,0,2,0
java-genymobile-scrcpy-add-func-2,full,1012,0,0,0,2,0
java-genymobile-scrcpy-add-func-2,minimal,1012,1,1,0,2,0
java-genymobile-scrcpy-add-parameter,full,409,0,0,0,1,0
java-genymobile-scrcpy-add-parameter,minimal,409,0,0,0,1,0
java-genymobile-scrcpy-char-to-string-bugfix,full,1220,0,0,0,1,0
java-genymobile-scrcpy-char-to-string-bugfix,minimal,1220,0,0,0,1,0
java-genymobile-scrcpy-only-insert,full,594,4,4,0,2,0
java-genymobile-scrcpy-only-insert,minimal,594,0,0,0,2,0
java-genymobile-scrcpy-whitespace-only,full,894,0,0,0,1,0
java-genymobile-scrcpy-whitespace-only,minimal,894,0,0,0,1,0
java-nextcloud-android-add-one-line,full,181689,0,0,0,2,0
java-nextcloud-android-add-one-line,minimal,181689,0,0,0,2,0
java-protocolbuffers-protobuf-add-one-annotation,full,72889,0,0,0,1,0
java-protocolbuffers-protobuf-add-one-annotation,minimal,72889,0,0,0,1,0
java-protocolbuffers-protobuf-add-one-import,full,279813,0,0,0,1,0
java-protocolbuffers-protobuf-add-one-import,minimal,279813,0,0,0,1,0
java-protocolbuffers-protobuf-update-comment,full,1303,0,0,0,1,0
java-protocolbuffers-protobuf-update-comment,minimal,1303,0,0,0,1,0
java-protocolbuffers-protobuf-update-comment-2,full,1303,0,0,0,1,0
java-protocolbuffers-protobuf-update-comment-2,minimal,1303,0,0,0,1,0
java-refactor-constants,full,594,76,77,22,2,0
java-refactor-constants,minimal,594,23,21,23,2,0
javascript-add-array-method,full,385,2,2,0,2,0
javascript-add-array-method,minimal,385,0,0,0,2,0
javascript-add-destructuring,full,335,80,84,84,2,0
javascript-add-destructuring,minimal,335,83,73,88,2,0
javascript-add-event-listener,full,401,17,17,0,2,0
javascript-add-event-listener,minimal,401,36,36,0,2,0
javascript-axios-axios-real-small-change,full,716,84,72,16,2,0
javascript-axios-axios-real-small-change,minimal,716,17,1,16,2,0
javascript-d3-d3-nice-small-change,full,1528,233,237,28,2,0
javascript-d3-d3-nice-small-change,minimal,1528,142,142,24,2,0
javascript-facebook-react-delete-one-line,full,7263,0,0,0,1,0
javascript-facebook-react-delete-one-line,minimal,7263,0,0,0,1,0
javascript-facebook-react-update-comment-only,full,311,0,0,0,1,0
javascript-facebook-react-update-comment-only,minimal,311,1,1,0,1,0
javascript-fix-promises,full,593,30,120,90,2,0
javascript-fix-promises,minimal,593,0,80,80,2,0
javascript-microsoft-typescript-add-use-strict,full,89,0,0,0,1,0
javascript-microsoft-typescript-add-use-strict,minimal,89,0,0,0,1,0
javascript-microsoft-typescript-add-use-strict-2,full,295,0,0,0,1,0
javascript-microsoft-typescript-add-use-strict-2,minimal,295,0,0,0,1,0
javascript-microsoft-typescript-concat-to-template,full,562,12,6,12,2,0
javascript-microsoft-typescript-concat-to-template,minimal,562,12,0,12,2,0
javascript-microsoft-typescript-refactor,full,877,34,16,46,2,0
javascript-microsoft-typescript-refactor,minimal,877,26,0,26,2,0
javascript-microsoft-typescript-remove-one-line,full,8759,0,0,0,1,0
javascript-microsoft-typescript-remove-one-line,minimal,8759,0,0,0,1,0
javascript-microsoft-typescript-small-change,full,430,12,12,0,1,0
javascript-microsoft-typescript-small-change,minimal,430,0,0,0,1,0
javascript-microsoft-typescript-small-change-2,full,1079,0,0,0,1,0
javascript-microsoft-typescript-small-change-2,minimal,1079,0,0,0,1,0
javascript-microsoft-typescript-small-change-3,full,796,3,3,0,2,0
javascript-microsoft-typescript-small-change-3,minimal,796,14,14,0,2,0
javascript-microsoft-typescript-use-strict,full,639,0,0,0,1,0
javascript-microsoft-typescript-use-strict,minimal,639,0,0,0,1,0
javascript-microsoft-typescript-use-strict-2,full,1485,0,0,0,1,0
javascript-microsoft-typescript-use-strict-2,minimal,1485,0,0,0,1,0
javascript-microsoft-typescript-use-strict-3,full,803,0,0,0,1,0
javascript-microsoft-typescript-use-strict-3,minimal,803,0,0,0,1,0
javascript-microsoft-typescript-use-strict-4,full,567,0,0,0,1,0
javascript-microsoft-typescript-use-strict-4,minimal,567,0,0,0,1,0
javascript-microsoft-typescript-use-strict-5,full,10635,0,0,0,1,0
javascript-microsoft-typescript-use-strict-5,minimal,10635,0,0,0,1,0
javascript-microsoft-typescript-use-strict-6,full,3025,0,0,0,1,0
javascript-microsoft-typescript-use-strict-6,minimal,3025,0,0,0,1,0
javascript-microsoft-typescript-use-strict-7,full,45013,0,0,0,1,0
javascript-microsoft-typescript-use-strict-7,minimal,45013,0,0,0,1,0
javascript-microsoft-typescript-use-strict-8,full,1341,0,0,0,1,0
javascript-microsoft-typescript-use-strict-8,minimal,1341,0,0,0,1,0
javascript-mozilla-firefox-firefox-remove-one-comment,full,439,0,0,0,1,0
javascript-mozilla-firefox-firefox-remove-one-comment,minimal,439,0,0,0,1,0
javascript-mui-material-ui-delete-one-import,full,574,0,0,0,1,0
javascript-mui-material-ui-delete-one-import,minimal,574,0,0,0,1,0
javascript-refactor-arrow-func,full,354,14,14,0,2,0
javascript-refactor-arrow-func,minimal,354,4,4,0,2,0
javascript-typescript-interesting-small-edit-refactor,full,408,10,7,11,2,0
javascript-typescript-interesting-small-edit-refactor,minimal,408,41,36,15,2,0
javascript-vercel-next-add-doccomment,full,526,0,0,0,1,0
javascript-vercel-next-add-doccomment,minimal,526,0,0,0,1,0
json-apache-superset-js-to-ts,full,730,0,0,0,1,0
json-apache-superset-js-to-ts,minimal,730,0,0,0,1,0
json-gorhill-ublock-version,full,632,0,0,0,1,0
json-gorhill-ublock-version,minimal,632,0,0,0,1,0
json-grafana-grafana-add-pair,full,466,0,0,0,2,0
json-grafana-grafana-add-pair,minimal,466,0,0,0,2,0
json-lidarr-lidarr-remove-one-line,full,114675,0,0,0,2,0
json-lidarr-lidarr-remove-one-line,minimal,114675,0,0,0,2,0
json-microsoft-playwright-version-update,full,196,0,0,0,1,0
json-microsoft-playwright-version-update,minimal,196,0,0,0,1,0
json-puppeteer-puppeteer-update-version,full,360,0,0,0,1,0
json-puppeteer-puppeteer-update-version,minimal,360,0,0,0,1,0
json-puppeteer-puppeteer-version-update,full,24,0,0,0,1,0
json-puppeteer-puppeteer-version-update,minimal,24,0,0,0,1,0
json-puppeteer-puppeteer-version-update-2,full,24,0,0,0,1,0
json-puppeteer-puppeteer-version-update-2,minimal,24,0,0,0,1,0
json-shadcn-ui-ui-add-one-line,full,10380,0,0,0,2,0
json-shadcn-ui-ui-add-one-line,minimal,10380,0,0,0,2,0
json-vercel-next-version,full,606,0,0,0,1,0
json-vercel-next-version,minimal,606,0,0,0,1,0
kotlin-add-data-class,full,423,38,38,0,2,0
kotlin-add-data-class,minimal,423,14,14,0,2,0
kotlin-add-null-check,full,419,0,0,0,2,0
kotlin-add-null-check,minimal,419,0,0,0,2,0
kotlin-add-validation,full,615,0,0,0,2,0
kotlin-add-validation,minimal,615,0,0,0,2,0
kotlin-fix-loop-bug,full,579,0,0,0,1,0
kotlin-fix-loop-bug,minimal,579,0,0,0,1,0
kotlin-mozilla-firefox-firefox-add-one-annotation,full,77693,0,0,0,2,0
kotlin-mozilla-firefox-firefox-add-one-annotation,minimal,77693,0,0,0,2,0
kotlin-mozilla-firefox-firefox-add-one-line,full,239200,0,0,0,2,0
kotlin-mozilla-firefox-firefox-add-one-line,minimal,239200,0,0,0,2,0
kotlin-mozilla-firefox-firefox-add-one-line-2,full,37738,0,0,0,2,0
kotlin-mozilla-firefox-firefox-add-one-line-2,minimal,37738,0,0,0,2,0
kotlin-mozilla-firefox-firefox-rename,full,1899,0,0,0,1,0
kotlin-mozilla-firefox-firefox-rename,minimal,1899,0,0,0,1,0
kotlin-nextcloud-android-add-one-annotation,full,248816,0,0,0,2,0
kotlin-nextcloud-android-add-one-annotation,minimal,248816,0,0,0,2,0
kotlin-nextcloud-android-add-param,full,1662,8,8,0,1,0
kotlin-nextcloud-android-add-param,minimal,1662,0,0,0,1,0
kotlin-nextcloud-android-add-param-to-class,full,903,0,0,0,2,0
kotlin-nextcloud-android-add-param-to-class,minimal,903,1,1,0,2,0
kotlin-nextcloud-android-different-function,full,1392,0,0,0,1,0
kotlin-nextcloud-android-different-function,minimal,1392,0,0,0,1,0
kotlin-nextcloud-android-real-small-change,full,1305,0,0,0,1,0
kotlin-nextcloud-android-real-small-change,minimal,1305,0,0,0,1,0
kotlin-nextcloud-android-remove-function,full,3159,8,8,0,1,0
kotlin-nextcloud-android-remove-function,minimal,3159,0,0,0,1,0
kotlin-nextcloud-android-remove-one-argument,full,28578,0,0,0,2,0
kotlin-nextcloud-android-remove-one-argument,minimal,28578,0,0,0,2,0
kotlin-nextcloud-android-remove-one-argument-2,full,5988,0,0,0,2,0
kotlin-nextcloud-android-remove-one-argument-2,minimal,5988,0,0,0,2,0
kotlin-nextcloud-android-remove-one-import,full,244728,0,0,0,1,0
kotlin-nextcloud-android-remove-one-import,minimal,244728,0,0,0,1,0
kotlin-nextcloud-android-rename,full,1204,2,2,0,2,1
kotlin-nextcloud-android-rename,minimal,1204,0,0,0,2,1
kotlin-nextcloud-android-rename-field,full,1204,0,0,0,1,0
kotlin-nextcloud-android-rename-field,minimal,1204,0,0,0,1,0
kotlin-nextcloud-android-small-change,full,1436,100,100,0,2,0
kotlin-nextcloud-android-small-change,minimal,1436,30,30,0,2,0
kotlin-nextcloud-android-whitespace-only,full,5777,0,0,0,1,0
kotlin-nextcloud-android-whitespace-only,minimal,5777,0,0,0,1,0
kotlin-refactor-function,full,698,378,214,378,2,0
kotlin-refactor-function,minimal,698,362,236,372,2,0
kotlin-rustdesk-rustdesk-add-func,full,1766,0,0,0,2,0
kotlin-rustdesk-rustdesk-add-func,minimal,1766,0,0,0,2,0
lua-awesomewm-awesome-add-comment,full,1748,0,0,0,1,0
lua-awesomewm-awesome-add-comment,minimal,1748,0,0,0,1,0
lua-awesomewm-awesome-add-deprecation-notice-to-comment,full,42444,0,0,0,2,0
lua-awesomewm-awesome-add-deprecation-notice-to-comment,minimal,42444,0,0,0,2,0
lua-awesomewm-awesome-add-func,full,1057,0,0,0,1,0
lua-awesomewm-awesome-add-func,minimal,1057,0,0,0,1,0
lua-awesomewm-awesome-add-func-call,full,1678,0,0,0,1,0
lua-awesomewm-awesome-add-func-call,minimal,1678,0,0,0,1,0
lua-awesomewm-awesome-add-h-to-align,full,1358,20,20,0,2,0
lua-awesomewm-awesome-add-h-to-align,minimal,1358,2,2,0,2,0
lua-awesomewm-awesome-add-noreturn-comment,full,7629,0,0,0,1,0
lua-awesomewm-awesome-add-noreturn-comment,minimal,7629,0,0,0,1,0
lua-awesomewm-awesome-add-to-table-constructor,full,164,0,0,0,2,0
lua-awesomewm-awesome-add-to-table-constructor,minimal,164,2,2,0,2,0
lua-awesomewm-awesome-comment-only,full,1224,0,0,0,1,0
lua-awesomewm-awesome-comment-only,minimal,1224,0,0,0,1,0
lua-awesomewm-awesome-comment-only-2,full,1222,0,0,0,1,0
lua-awesomewm-awesome-comment-only-2,minimal,1222,0,0,0,1,0
lua-awesomewm-awesome-fix-one-byte-typo-in-comment,full,6848,0,0,0,1,0
lua-awesomewm-awesome-fix-one-byte-typo-in-comment,minimal,6848,0,0,0,1,0
lua-awesomewm-awesome-halign,full,1652,10,10,0,2,0
lua-awesomewm-awesome-halign,minimal,1652,1,1,0,2,0
lua-awesomewm-awesome-insert,full,1523,0,0,0,1,0
lua-awesomewm-awesome-insert,minimal,1523,0,0,0,1,0
lua-awesomewm-awesome-insert-only,full,2587,82,0,82,1,0
lua-awesomewm-awesome-insert-only,minimal,2587,82,0,82,1,0
lua-awesomewm-awesome-update-comment,full,554,0,0,0,1,0
lua-awesomewm-awesome-update-comment,minimal,554,0,0,0,1,0
lua-neovim-neovim-add-leading-comment,full,4933,0,0,0,1,0
lua-neovim-neovim-add-leading-comment,minimal,4933,0,0,0,1,0
lua-neovim-neovim-rename,full,1369,18,18,0,2,0
lua-neovim-neovim-rename,minimal,1369,9,9,0,2,0
php-nextcloud-server-add-a-few-types,full,1333,0,0,0,1,0
php-nextcloud-server-add-a-few-types,minimal,1333,0,0,0,1,0
php-nextcloud-server-add-declare,full,474,0,0,0,1,0
php-nextcloud-server-add-declare,minimal,474,0,0,0,1,0
php-nextcloud-server-add-declare-2,full,732,0,0,0,1,0
php-nextcloud-server-add-declare-2,minimal,732,0,0,0,1,0
php-nextcloud-server-add-declare-3,full,758,0,0,0,1,0
php-nextcloud-server-add-declare-3,minimal,758,0,0,0,1,0
php-nextcloud-server-add-declare-4,full,1102,0,0,0,1,0
php-nextcloud-server-add-declare-4,minimal,1102,0,0,0,1,0
php-nextcloud-server-add-declare-5,full,902,0,0,0,1,0
php-nextcloud-server-add-declare-5,minimal,902,0,0,0,1,0
php-nextcloud-server-add-declare-6,full,888,0,0,0,1,0
php-nextcloud-server-add-declare-6,minimal,888,0,0,0,1,0
php-nextcloud-server-add-declare-7,full,1022,0,0,0,1,0
php-nextcloud-server-add-declare-7,minimal,1022,0,0,0,1,0
php-nextcloud-server-add-one-element-to-array-init,full,569715,0,0,0,2,0
php-nextcloud-server-add-one-element-to-array-init,minimal,569715,0,0,0,2,0
php-nextcloud-server-add-readonly,full,1227,0,0,0,1,0
php-nextcloud-server-add-readonly,minimal,1227,0,0,0,1,0
php-nextcloud-server-real-small-change,full,1223,10,10,0,2,0
php-nextcloud-server-real-small-change,minimal,1223,59,59,0,2,0
php-wordpress-wordpress-add-one-require-statement,full,60431,0,0,0,1,0
php-wordpress-wordpress-add-one-require-statement,minimal,60431,0,0,0,1,0
php-wordpress-wordpress-not-sure-if-this-parses-correctly,full,576829,51,24,52,2,0
php-wordpress-wordpress-not-sure-if-this-parses-correctly,minimal,576829,48,23,50,2,0
php-wordpress-wordpress-one-line-file-insert-and-update,full,711,99,99,0,2,0
php-wordpress-wordpress-one-line-file-insert-and-update,minimal,711,8,8,0,2,0
php-wordpress-wordpress-one-line-file-with-real-insert-and-update,full,934,350,350,0,2,0
php-wordpress-wordpress-one-line-file-with-real-insert-and-update,minimal,934,8,8,0,2,0
php-wordpress-wordpress-remove-one-todo-comment,full,98240,0,0,0,2,0
php-wordpress-wordpress-remove-one-todo-comment,minimal,98240,0,0,0,2,0
php-wordpress-wordpress-version,full,348,0,0,0,1,0
php-wordpress-wordpress-version,minimal,348,0,0,0,1,0
php-wordpress-wordpress-version-2,full,732,0,0,0,1,0
php-wordpress-wordpress-version-2,minimal,732,0,0,0,1,0
php-wordpress-wordpress-version-3,full,3636,0,0,0,1,0
php-wordpress-wordpress-version-3,minimal,3636,0,0,0,1,0
php-wordpress-wordpress-version-4,full,25302,0,0,0,1,0
php-wordpress-wordpress-version-4,minimal,25302,0,0,0,1,0
php-wordpress-wordpress-version-5,full,524,0,0,0,1,0
php-wordpress-wordpress-version-5,minimal,524,0,0,0,1,0
php-wordpress-wordpress-version-6,full,370,0,0,0,1,0
php-wordpress-wordpress-version-6,minimal,370,0,0,0,1,0
php-wordpress-wordpress-version-7,full,524,0,0,0,1,0
php-wordpress-wordpress-version-7,minimal,524,0,0,0,1,0
php-wordpress-wordpress-version-8,full,166,0,0,0,1,0
php-wordpress-wordpress-version-8,minimal,166,0,0,0,1,0
python-add-remove-block,full,1014,1,1,0,2,0
python-add-remove-block,minimal,1014,0,0,0,2,0
python-added-if-block,full,1409,12,12,0,2,0
python-added-if-block,minimal,1409,0,0,0,2,0
python-added-if-block-small,full,141,10,10,0,2,0
python-added-if-block-small,minimal,141,0,0,0,2,0
python-ansible-ansible-add-comment,full,1824,2,2,0,2,0
python-ansible-ansible-add-comment,minimal,1824,0,0,0,2,0
python-api-change,full,1528,154,154,0,2,0
python-api-change,minimal,1528,4,4,0,2,0
python-bugfix-loop,full,1289,22,22,0,2,0
python-bugfix-loop,minimal,1289,4,4,0,2,0
python-langchain-ai-langchain-version-change,full,124,0,0,0,1,0
python-langchain-ai-langchain-version-change,minimal,124,0,0,0,1,0
python-langflow-ai-langflow-bob,full,91,0,0,0,1,0
python-langflow-ai-langflow-bob,minimal,91,0,0,0,1,0
python-langflow-ai-langflow-real-small-change,full,839,4,4,0,2,0
python-langflow-ai-langflow-real-small-change,minimal,839,0,0,0,2,0
python-nvbn-thefuck-add-three-arguments,full,444,0,0,0,1,0
python-nvbn-thefuck-add-three-arguments,minimal,444,0,0,0,1,0
python-nvbn-thefuck-small-change,full,1146,0,0,0,1,0
python-nvbn-thefuck-small-change,minimal,1146,0,0,0,1,0
python-nvbn-thefuck-small-change-2,full,700,0,0,0,1,0
python-nvbn-thefuck-small-change-2,minimal,700,0,0,0,1,0
python-nvbn-thefuck-small-change-3,full,1294,0,0,0,1,0
python-nvbn-thefuck-small-change-3,minimal,1294,0,0,0,1,0
python-nvbn-thefuck-stdout-stderr-change,full,940,0,0,0,1,0
python-nvbn-thefuck-stdout-stderr-change,minimal,940,0,0,0,1,0
python-odoo-odoo-add-import,full,257,0,0,0,1,0
python-odoo-odoo-add-import,minimal,257,0,0,0,1,0
python-odoo-odoo-add-import-2,full,268,0,0,0,1,0
python-odoo-odoo-add-import-2,minimal,268,0,0,0,1,0
python-odoo-odoo-add-two-imports,full,296,0,0,0,1,0
python-odoo-odoo-add-two-imports,minimal,296,0,0,0,1,0
python-odoo-odoo-version,full,1788,2,2,0,1,0
python-odoo-odoo-version,minimal,1788,2,2,0,1,0
python-openhands-openhands-small-change,full,1473,127,127,0,2,0
python-openhands-openhands-small-change,minimal,1473,115,115,0,2,0
python-paddlepaddle-paddleocr-remove-import,full,168,0,0,0,1,0
python-paddlepaddle-paddleocr-remove-import,minimal,168,0,0,0,1,0
python-refactoring,full,1034,0,0,0,2,0
python-refactoring,minimal,1034,1,1,0,2,0
python-scrapy-scrapy-comment-update,full,1119,0,0,0,1,0
python-scrapy-scrapy-comment-update,minimal,1119,0,0,0,1,0
python-ytdl-org-youtube-dl-version-update,full,136,0,0,0,1,0
python-ytdl-org-youtube-dl-version-update,minimal,136,0,0,0,1,0
python-ytdl-org-youtube-dl-version-update-2,full,136,0,0,0,1,0
python-ytdl-org-youtube-dl-version-update-2,minimal,136,0,0,0,1,0
ruby-homebrew-brew-add-extends,full,13189,0,0,0,2,0
ruby-homebrew-brew-add-extends,minimal,13189,0,0,0,2,0
ruby-homebrew-brew-version,full,563,0,0,0,1,0
ruby-homebrew-brew-version,minimal,563,0,0,0,1,0
ruby-jekyll-jekyll-version,full,138,0,0,0,1,0
ruby-jekyll-jekyll-version,minimal,138,0,0,0,1,0
ruby-jekyll-jekyll-version-2,full,142,0,0,0,1,0
ruby-jekyll-jekyll-version-2,minimal,142,0,0,0,1,0
ruby-jekyll-jekyll-version-3,full,142,0,0,0,1,0
ruby-jekyll-jekyll-version-3,minimal,142,0,0,0,1,0
ruby-jekyll-jekyll-version-4,full,138,0,0,0,1,0
ruby-jekyll-jekyll-version-4,minimal,138,0,0,0,1,0
ruby-jekyll-jekyll-version-5,full,138,0,0,0,1,0
ruby-jekyll-jekyll-version-5,minimal,138,0,0,0,1,0
ruby-jekyll-jekyll-version-6,full,138,0,0,0,1,0
ruby-jekyll-jekyll-version-6,minimal,138,0,0,0,1,0
ruby-jekyll-jekyll-version-7,full,138,0,0,0,1,0
ruby-jekyll-jekyll-version-7,minimal,138,0,0,0,1,0
ruby-jekyll-jekyll-whitespace-only-4,full,2595,0,0,0,1,0
ruby-jekyll-jekyll-whitespace-only-4,minimal,2595,0,0,0,1,0
ruby-mastodon-mastodon-add-func-and-attribute,full,806,10,10,0,2,0
ruby-mastodon-mastodon-add-func-and-attribute,minimal,806,0,0,0,2,0
ruby-mastodon-mastodon-add-method,full,415,0,0,0,2,0
ruby-mastodon-mastodon-add-method,minimal,415,0,0,0,2,0
ruby-mastodon-mastodon-add-one-call,full,162605,0,0,0,2,0
ruby-mastodon-mastodon-add-one-call,minimal,162605,0,0,0,2,0
ruby-mastodon-mastodon-add-one-line,full,577,0,0,0,2,0
ruby-mastodon-mastodon-add-one-line,minimal,577,0,0,0,2,0
ruby-mastodon-mastodon-insert-only,full,1493,0,0,0,2,0
ruby-mastodon-mastodon-insert-only,minimal,1493,1,1,0,2,0
ruby-mastodon-mastodon-move,full,1562,209,0,209,2,0
ruby-mastodon-mastodon-move,minimal,1562,203,6,209,2,0
ruby-mastodon-mastodon-normal-change,full,567,54,34,23,2,0
ruby-mastodon-mastodon-normal-change,minimal,567,22,0,22,2,0
ruby-mastodon-mastodon-one-operator,full,1336,0,0,0,1,0
ruby-mastodon-mastodon-one-operator,minimal,1336,0,0,0,1,0
ruby-mastodon-mastodon-rare-example-of-true-move,full,978,152,0,152,2,0
ruby-mastodon-mastodon-rare-example-of-true-move,minimal,978,146,6,152,2,0
ruby-mastodon-mastodon-smal-change,full,857,27,27,0,2,0
ruby-mastodon-mastodon-smal-change,minimal,857,6,6,0,2,0
rust-add-comments-and-real-new-logic,full,34087,270,12,278,2,0
rust-add-comments-and-real-new-logic,minimal,34087,230,4,232,2,0
rust-add-if,full,276,3,3,0,2,0
rust-add-if,minimal,276,0,0,0,2,0
rust-add-to-existing-use,full,143,4,4,0,2,0
rust-add-to-existing-use,minimal,143,16,16,0,2,0
rust-add-value-to-enum,full,1448,0,0,0,2,0
rust-add-value-to-enum,minimal,1448,0,0,0,2,0
rust-adding-a-variable-and-test-with-comments,full,249112,765,760,5,2,0
rust-adding-a-variable-and-test-with-comments,minimal,249112,18,12,6,2,0
rust-adding-many-identical-cfg-test-statements-to-a-signle-file-doesnt-prefer-the-local-insert-but-rather-goes-to-some-other-existing-cfg,full,12189,0,0,0,1,0
rust-adding-many-identical-cfg-test-statements-to-a-signle-file-doesnt-prefer-the-local-insert-but-rather-goes-to-some-other-existing-cfg,minimal,12189,0,0,0,1,0
rust-adding-to-a-list-of-identical-attributes-should-favour-near-matches,full,26704,0,0,0,1,0
rust-adding-to-a-list-of-identical-attributes-should-favour-near-matches,minimal,26704,0,0,0,1,0
rust-algorithm-change,full,972,272,164,179,2,1
rust-algorithm-change,minimal,972,166,82,101,2,1
rust-cost-optimization,full,1456,37,37,0,2,0
rust-cost-optimization,minimal,1456,38,38,0,2,0
rust-data-structure,full,812,61,61,0,2,0
rust-data-structure,minimal,812,61,61,0,2,0
rust-error-handling,full,698,34,20,30,2,0
rust-error-handling,minimal,698,27,0,27,2,0
rust-firefox-webrenderer-borders,full,23332,44,44,0,2,0
rust-firefox-webrenderer-borders,minimal,23332,4,4,0,2,0
rust-gyulyvgc-sniffnet-add-mod,full,149,0,0,0,1,0
rust-gyulyvgc-sniffnet-add-mod,minimal,149,0,0,0,1,0
rust-gyulyvgc-sniffnet-add-mod-2,full,155,0,0,0,1,0
rust-gyulyvgc-sniffnet-add-mod-2,minimal,155,0,0,0,1,0
rust-gyulyvgc-sniffnet-add-mod-3,full,110,0,0,0,1,0
rust-gyulyvgc-sniffnet-add-mod-3,minimal,110,0,0,0,1,0
rust-gyulyvgc-sniffnet-remoev-attribute,full,678,0,0,0,1,0
rust-gyulyvgc-sniffnet-remoev-attribute,minimal,678,0,0,0,1,0
rust-gyulyvgc-sniffnet-rename-one-identifier,full,136765,42,42,0,2,0
rust-gyulyvgc-sniffnet-rename-one-identifier,minimal,136765,10,10,0,2,0
rust-hash-optimization,full,1538,101,54,121,2,0
rust-hash-optimization,minimal,1538,109,58,117,2,0
rust-hello-world-added-message,full,146,0,0,0,2,0
rust-hello-world-added-message,minimal,146,0,0,0,2,0
rust-hello-world-removed-message,full,146,0,0,0,2,0
rust-hello-world-removed-message,minimal,146,0,0,0,2,0
rust-leetcode-1-bugfix,full,1423,0,0,0,2,0
rust-leetcode-1-bugfix,minimal,1423,0,0,0,2,0
rust-multi-map-duplicate-calls,full,105,58,70,22,2,0
rust-multi-map-duplicate-calls,minimal,105,30,42,18,2,0
rust-next-font-imports-generator,full,21155,1459,1459,0,2,0
rust-next-font-imports-generator,minimal,21155,546,3207,2803,2,0
rust-no-change,full,2426,0,0,0,1,0
rust-no-change,minimal,2426,0,0,0,1,0
rust-protocolbuffers-protobuf-add-enum-variant,full,4137,0,0,0,2,0
rust-protocolbuffers-protobuf-add-enum-variant,minimal,4137,0,0,0,2,0
rust-protocolbuffers-protobuf-add-two-attributes,full,4204,2,1,1,1,0
rust-protocolbuffers-protobuf-add-two-attributes,minimal,4204,4,2,2,1,0
rust-rust-lang-rust-add-note-comment,full,1562,0,0,0,1,0
rust-rust-lang-rust-add-note-comment,minimal,1562,0,0,0,1,0
rust-rust-lang-rust-add-one-check,full,13083,0,0,0,2,0
rust-rust-lang-rust-add-one-check,minimal,13083,0,0,0,2,0
rust-rust-lang-rust-add-or-expression,full,18141,1,1,0,2,0
rust-rust-lang-rust-add-or-expression,minimal,18141,0,0,0,2,0
rust-rust-lang-rust-change-use,full,2383,167,157,22,2,1
rust-rust-lang-rust-change-use,minimal,2383,153,162,26,2,1
rust-rust-lang-rust-one-comment-line-into-two,full,1453,12,182,182,2,0
rust-rust-lang-rust-one-comment-line-into-two,minimal,1453,12,170,182,2,0
rust-rust-lang-rust-remove-min-version-comment,full,969,0,0,0,1,0
rust-rust-lang-rust-remove-min-version-comment,minimal,969,0,0,0,1,0
rust-rust-lang-rust-remove-path-from-using,full,17418,0,6,6,1,0
rust-rust-lang-rust-remove-path-from-using,minimal,17418,0,4,4,1,0
rust-rust-lang-rust-remove-starting-comment,full,1980,0,0,0,1,0
rust-rust-lang-rust-remove-starting-comment,minimal,1980,1,0,1,1,0
rust-rust-lang-rust-remove-warn-comment,full,507,0,0,0,1,0
rust-rust-lang-rust-remove-warn-comment,minimal,507,0,0,0,1,0
rust-rust-lang-rust-remove-warn-comment-2,full,1322,0,0,0,1,0
rust-rust-lang-rust-remove-warn-comment-2,minimal,1322,0,0,0,1,0
rust-rust-lang-rust-remove-warn-comment-3,full,1702,0,0,0,1,0
rust-rust-lang-rust-remove-warn-comment-3,minimal,1702,0,0,0,1,0
rust-rust-lang-rust-remove-warn-comments,full,1157,0,0,0,1,0
rust-rust-lang-rust-remove-warn-comments,minimal,1157,0,0,0,1,0
rust-rust-lang-rust-update-comment,full,1556,70,70,0,2,0
rust-rust-lang-rust-update-comment,minimal,1556,3,3,0,2,0
rust-rustdesk-rustdesk-add-one-token,full,116912,0,0,0,2,0
rust-rustdesk-rustdesk-add-one-token,minimal,116912,0,0,0,2,0
rust-rustdesk-rustdesk-move-list-item-with-insert,full,108072,80,80,0,2,0
rust-rustdesk-rustdesk-move-list-item-with-insert,minimal,108072,76,76,0,2,0
rust-small-addition-with-reuse-of-binary-expressions,full,326831,181,135,86,2,0
rust-small-addition-with-reuse-of-binary-expressions,minimal,326831,140,132,52,2,0
rust-sniffnet-protocol,full,2861,4,4,0,2,0
rust-sniffnet-protocol,minimal,2861,0,0,0,2,0
rust-tauri-api-build-1,full,3538,0,0,0,2,0
rust-tauri-api-build-1,minimal,3538,0,0,0,2,0
rust-tauri-api-build-2,full,3550,33,33,0,2,0
rust-tauri-api-build-2,minimal,3550,0,0,0,2,0
rust-tauri-apps-tauri-add-doccomment-empty-line,full,230325,0,0,0,2,0
rust-tauri-apps-tauri-add-doccomment-empty-line,minimal,230325,0,0,0,2,0
rust-tauri-apps-tauri-add-path-to-const-string,full,17456,0,0,0,1,0
rust-tauri-apps-tauri-add-path-to-const-string,minimal,17456,0,0,0,1,0
rust-tauri-apps-tauri-add-pub-to-mod,full,15566,0,0,0,1,0
rust-tauri-apps-tauri-add-pub-to-mod,minimal,15566,0,0,0,1,0
rust-tauri-apps-tauri-add-to-list,full,15971,188,188,0,2,0
rust-tauri-apps-tauri-add-to-list,minimal,15971,11,11,0,2,0
rust-tauri-apps-tauri-add-use-and-function,full,1508,37,37,0,2,0
rust-tauri-apps-tauri-add-use-and-function,minimal,1508,0,0,0,2,0
rust-tauri-apps-tauri-fix-typo-in-string-constant,full,19260,0,0,0,1,0
rust-tauri-apps-tauri-fix-typo-in-string-constant,minimal,19260,0,0,0,1,0
rust-tauri-apps-tauri-rename-mod,full,340,6,6,0,2,1
rust-tauri-apps-tauri-rename-mod,minimal,340,0,0,0,2,1
rust-tauri-cli-ios-dev,full,20617,0,0,0,1,0
rust-tauri-cli-ios-dev,minimal,20617,0,0,0,1,0
rust-turbopack-module-rule,full,19564,4177,3289,948,1,1
rust-turbopack-module-rule,minimal,19564,3116,2487,687,1,1
rust-turbopack-persistence-tools-main,full,4291,36,36,0,2,0
rust-turbopack-persistence-tools-main,minimal,4291,58,58,0,2,0
rust-vercel-next-add-mode,full,207,0,0,0,1,0
rust-vercel-next-add-mode,minimal,207,0,0,0,1,0
rust-vercel-next-remove-mod,full,52,0,0,0,1,0
rust-vercel-next-remove-mod,minimal,52,0,0,0,1,0
rust-vercel-next-simple-identifier-change,full,21511,0,0,0,1,0
rust-vercel-next-simple-identifier-change,minimal,21511,0,0,0,1,0
rust-zed-git-panel-settings,full,5442,0,0,0,2,0
rust-zed-git-panel-settings,minimal,5442,0,0,0,2,0
rust-zed-industries-zed-add-mod,full,228,0,0,0,1,0
rust-zed-industries-zed-add-mod,minimal,228,0,0,0,1,0
rust-zed-industries-zed-change-mod-and-use,full,259,0,0,0,1,0
rust-zed-industries-zed-change-mod-and-use,minimal,259,0,0,0,1,0
rust-zed-industries-zed-change-mods,full,347,0,0,0,1,0
rust-zed-industries-zed-change-mods,minimal,347,0,0,0,1,0
scala-ymnk-jzlib-interesting-probably-has-no-optimal-solution,full,2036,50,50,0,2,0
scala-ymnk-jzlib-interesting-probably-has-no-optimal-solution,minimal,2036,3,3,0,2,0
shellscript-ansible-ansible-a-small-add,full,640,114,114,0,1,0
shellscript-ansible-ansible-a-small-add,minimal,640,4,4,0,1,0
shellscript-ansible-ansible-add-commadn,full,242,0,0,0,1,0
shellscript-ansible-ansible-add-commadn,minimal,242,0,0,0,1,0
shellscript-ansible-ansible-only-insert,full,988,0,0,0,1,0
shellscript-ansible-ansible-only-insert,minimal,988,0,0,0,1,0
shellscript-ansible-ansible-small-add,full,186,0,0,0,1,0
shellscript-ansible-ansible-small-add,minimal,186,0,0,0,1,0
shellscript-ansible-ansible-small-change,full,1260,2,2,0,1,0
shellscript-ansible-ansible-small-change,minimal,1260,2,2,0,1,0
shellscript-genymobile-scrcpy-insert-only,full,595,2,2,0,2,0
shellscript-genymobile-scrcpy-insert-only,minimal,595,2,2,0,2,0
shellscript-genymobile-scrcpy-version,full,1350,0,0,0,1,0
shellscript-genymobile-scrcpy-version,minimal,1350,0,0,0,1,0
shellscript-genymobile-scrcpy-version-2,full,1358,0,0,0,1,0
shellscript-genymobile-scrcpy-version-2,minimal,1358,0,0,0,1,0
shellscript-jesseduffield-lazygit-version,full,366,0,0,0,1,0
shellscript-jesseduffield-lazygit-version,minimal,366,0,0,0,1,0
shellscript-microsoft-playwright-version,full,252,0,0,0,1,0
shellscript-microsoft-playwright-version,minimal,252,0,0,0,1,0
shellscript-mongodb-mongo-small-change,full,814,4,4,0,2,0
shellscript-mongodb-mongo-small-change,minimal,814,14,14,0,2,0
shellscript-nvm-sh-nvm-add-one-line,full,4774,0,0,0,1,0
shellscript-nvm-sh-nvm-add-one-line,minimal,4774,0,0,0,1,0
shellscript-openhands-openhands-update-string-value,full,179,0,0,0,1,0
shellscript-openhands-openhands-update-string-value,minimal,179,0,0,0,1,0
shellscript-paddlepaddle-paddleocr-insert-inside-a-string,full,598,12,12,0,1,0
shellscript-paddlepaddle-paddleocr-insert-inside-a-string,minimal,598,12,12,0,1,0
shellscript-pandas-dev-pandas-remove-one-line,full,10550,15,2,13,2,0
shellscript-pandas-dev-pandas-remove-one-line,minimal,10550,7,2,5,2,0
shellscript-pi-hole-pi-hole-add-comment,full,620,0,0,0,1,0
shellscript-pi-hole-pi-hole-add-comment,minimal,620,0,0,0,1,0
shellscript-scikit-learn-scikit-learn-version,full,1168,0,0,0,1,0
shellscript-scikit-learn-scikit-learn-version,minimal,1168,0,0,0,1,0
shellscript-stgpetrovic-stacuist-pure-add,full,389,154,154,0,2,0
shellscript-stgpetrovic-stacuist-pure-add,minimal,389,67,67,0,2,0
shellscript-stgpetrovic-stacuist-pure-add-2,full,611,0,0,0,1,0
shellscript-stgpetrovic-stacuist-pure-add-2,minimal,611,0,0,0,1,0
shellscript-vercel-next-change-command-params,full,437,0,0,0,1,0
shellscript-vercel-next-change-command-params,minimal,437,0,0,0,1,0
swift-nextcloud-ios-add-one-log-line,full,37041,0,0,0,2,0
swift-nextcloud-ios-add-one-log-line,minimal,37041,0,0,0,2,0
swift-nextcloud-ios-different-func,full,599,0,0,0,1,0
swift-nextcloud-ios-different-func,minimal,599,0,0,0,1,0
swift-swiftlang-swift-add-target-comment,full,2090,0,0,0,1,0
swift-swiftlang-swift-add-target-comment,minimal,2090,2,2,0,1,0
swift-swiftlang-swift-add-to-typecheck-comment,full,914,0,0,0,1,0
swift-swiftlang-swift-add-to-typecheck-comment,minimal,914,0,0,0,1,0
swift-swiftlang-swift-add-to-typecheck-comment-1,full,605,0,0,0,1,0
swift-swiftlang-swift-add-to-typecheck-comment-1,minimal,605,0,0,0,1,0
swift-swiftlang-swift-add-to-typecheck-comment-2,full,1451,0,0,0,1,0
swift-swiftlang-swift-add-to-typecheck-comment-2,minimal,1451,0,0,0,1,0
swift-swiftlang-swift-add-to-typecheck-comment-4,full,629,0,0,0,1,0
swift-swiftlang-swift-add-to-typecheck-comment-4,minimal,629,0,0,0,1,0
swift-swiftlang-swift-add-to-typecheck-comment-5,full,945,0,0,0,1,0
swift-swiftlang-swift-add-to-typecheck-comment-5,minimal,945,0,0,0,1,0
swift-swiftlang-swift-add-to-typecheck-comment-6,full,759,0,0,0,1,0
swift-swiftlang-swift-add-to-typecheck-comment-6,minimal,759,0,0,0,1,0
swift-swiftlang-swift-add-to-typecheck-comment-7,full,982,0,0,0,1,0
swift-swiftlang-swift-add-to-typecheck-comment-7,minimal,982,0,0,0,1,0
swift-swiftlang-swift-constraint-comment,full,1265,0,0,0,1,0
swift-swiftlang-swift-constraint-comment,minimal,1265,0,0,0,1,0
swift-swiftlang-swift-delete-and-insert-in-the-typecheck-comment,full,709,471,471,0,2,0
swift-swiftlang-swift-delete-and-insert-in-the-typecheck-comment,minimal,709,469,469,0,2,0
swift-swiftlang-swift-insert-delete-comment,full,940,0,0,0,1,0
swift-swiftlang-swift-insert-delete-comment,minimal,940,0,0,0,1,0
swift-swiftlang-swift-insert-only,full,1646,9,2,7,2,0
swift-swiftlang-swift-insert-only,minimal,1646,7,0,7,2,0
swift-swiftlang-swift-signature-next-comment,full,1356,0,0,0,1,0
swift-swiftlang-swift-signature-next-comment,minimal,1356,0,0,0,1,0
swift-swiftlang-swift-signature-next-comment-2,full,795,0,0,0,1,0
swift-swiftlang-swift-signature-next-comment-2,minimal,795,0,0,0,1,0
swift-swiftlang-swift-small-change-mostly-add,full,1280,0,0,0,1,0
swift-swiftlang-swift-small-change-mostly-add,minimal,1280,0,0,0,1,0
swift-swiftlang-swift-target-comment,full,1046,0,0,0,1,0
swift-swiftlang-swift-target-comment,minimal,1046,2,2,0,1,0
swift-swiftlang-swift-target-comment-2,full,1028,0,0,0,1,0
swift-swiftlang-swift-target-comment-2,minimal,1028,1,1,0,1,0
swift-swiftlang-swift-update-leading-comment,full,471,0,0,0,1,0
swift-swiftlang-swift-update-leading-comment,minimal,471,0,0,0,1,0
swift-swiftlang-swift-update-typecheck-comment,full,1032,0,0,0,1,0
swift-swiftlang-swift-update-typecheck-comment,minimal,1032,0,0,0,1,0
tsx-excalidraw-excalidraw-add-type-to-import,full,395,0,0,0,1,0
tsx-excalidraw-excalidraw-add-type-to-import,minimal,395,0,0,0,1,0
tsx-greenbone-gsa-add-import-and-use-it,full,18410,139,101,38,2,0
tsx-greenbone-gsa-add-import-and-use-it,minimal,18410,80,42,38,2,0
tsx-langflow-ai-langflow-add-type-to-import,full,471,0,0,0,1,0
tsx-langflow-ai-langflow-add-type-to-import,minimal,471,0,0,0,1,0
tsx-langflow-ai-langflow-insert-only,full,740,10,10,0,2,0
tsx-langflow-ai-langflow-insert-only,minimal,740,2,76,74,2,0
tsx-langflow-ai-langflow-split-import,full,487,46,108,93,2,0
tsx-langflow-ai-langflow-split-import,minimal,487,68,59,37,2,0
tsx-langflow-ai-langflow-split-import-2,full,471,48,105,93,2,0
tsx-langflow-ai-langflow-split-import-2,minimal,471,68,59,37,2,0
tsx-langflow-ai-langflow-split-import-3,full,601,48,105,93,2,0
tsx-langflow-ai-langflow-split-import-3,minimal,601,68,59,37,2,0
tsx-microsoft-typescript-delete-only,full,955,0,0,0,1,0
tsx-microsoft-typescript-delete-only,minimal,955,0,0,0,1,0
tsx-microsoft-typescript-libpath-to-lib,full,625,4,4,0,2,0
tsx-microsoft-typescript-libpath-to-lib,minimal,625,2,2,0,2,0
tsx-mui-material-ui-add-attribute,full,464,0,0,0,1,0
tsx-mui-material-ui-add-attribute,minimal,464,0,0,0,1,0
tsx-mui-material-ui-add-to-empty-block,full,104,29,6,28,2,0
tsx-mui-material-ui-add-to-empty-block,minimal,104,21,0,21,2,0
tsx-mui-material-ui-delete-only,full,662,0,0,0,1,0
tsx-mui-material-ui-delete-only,minimal,662,0,0,0,1,0
tsx-mui-material-ui-move-import,full,1971,137,94,160,1,0
tsx-mui-material-ui-move-import,minimal,1971,132,94,148,1,0
tsx-mui-material-ui-remove-import,full,194,0,0,0,1,0
tsx-mui-material-ui-remove-import,minimal,194,0,0,0,1,0
tsx-mui-material-ui-remove-import-2,full,288,0,0,0,1,0
tsx-mui-material-ui-remove-import-2,minimal,288,0,0,0,1,0
tsx-mui-material-ui-remove-import-3,full,346,0,0,0,1,0
tsx-mui-material-ui-remove-import-3,minimal,346,0,0,0,1,0
tsx-mui-material-ui-remove-import-4,full,460,0,0,0,1,0
tsx-mui-material-ui-remove-import-4,minimal,460,0,0,0,1,0
tsx-mui-material-ui-remove-one-import,full,2910,0,0,0,1,0
tsx-mui-material-ui-remove-one-import,minimal,2910,0,0,0,1,0
tsx-shadcn-ui-ui-order-of-class-names,full,1116,36,36,0,2,0
tsx-shadcn-ui-ui-order-of-class-names,minimal,1116,36,36,0,2,0
typescript-add-error-handling,full,410,8,8,0,2,0
typescript-add-error-handling,minimal,410,0,0,0,2,0
typescript-add-generics,full,655,62,56,24,2,1
typescript-add-generics,minimal,655,58,52,24,2,1
typescript-add-type-annotations,full,454,226,226,0,2,0
typescript-add-type-annotations,minimal,454,10,10,0,2,0
typescript-async-await,full,443,48,48,0,2,0
typescript-async-await,minimal,443,12,12,0,2,0
typescript-microsoft-typescript-add-es-target,full,274,0,0,0,1,0
typescript-microsoft-typescript-add-es-target,minimal,274,0,0,0,1,0
typescript-microsoft-typescript-add-es-target-2,full,198,0,0,0,1,0
typescript-microsoft-typescript-add-es-target-2,minimal,198,0,0,0,1,0
typescript-microsoft-typescript-add-es-target-3,full,234,0,0,0,1,0
typescript-microsoft-typescript-add-es-target-3,minimal,234,0,0,0,1,0
typescript-microsoft-typescript-add-es-target-4,full,186,0,0,0,1,0
typescript-microsoft-typescript-add-es-target-4,minimal,186,0,0,0,1,0
typescript-microsoft-typescript-add-es-target-5,full,62,0,0,0,1,0
typescript-microsoft-typescript-add-es-target-5,minimal,62,0,0,0,1,0
typescript-microsoft-typescript-add-es-target-6,full,396,0,0,0,1,0
typescript-microsoft-typescript-add-es-target-6,minimal,396,0,0,0,1,0
typescript-microsoft-typescript-add-eslint,full,366,0,0,0,1,0
typescript-microsoft-typescript-add-eslint,minimal,366,0,0,0,1,0
typescript-microsoft-typescript-add-lib-comment,full,1094,0,0,0,1,0
typescript-microsoft-typescript-add-lib-comment,minimal,1094,0,0,0,1,0
typescript-microsoft-typescript-add-module-and-target-comment,full,415,0,0,0,1,0
typescript-microsoft-typescript-add-module-and-target-comment,minimal,415,0,0,0,1,0
typescript-microsoft-typescript-add-one-item,full,363494,0,0,0,2,0
typescript-microsoft-typescript-add-one-item,minimal,363494,0,0,0,2,0
typescript-microsoft-typescript-add-one-line,full,1163049,0,0,0,2,0
typescript-microsoft-typescript-add-one-line,minimal,1163049,0,0,0,2,0
typescript-microsoft-typescript-add-strict,full,237,0,0,0,1,0
typescript-microsoft-typescript-add-strict,minimal,237,0,0,0,1,0
typescript-microsoft-typescript-add-strict-2,full,461,0,0,0,1,0
typescript-microsoft-typescript-add-strict-2,minimal,461,0,0,0,1,0
typescript-microsoft-typescript-add-strict-false,full,91,0,0,0,1,0
typescript-microsoft-typescript-add-strict-false,minimal,91,0,0,0,1,0
typescript-microsoft-typescript-add-target,full,680,0,0,0,1,0
typescript-microsoft-typescript-add-target,minimal,680,0,0,0,1,0
typescript-microsoft-typescript-add-target-2,full,1000,0,0,0,1,0
typescript-microsoft-typescript-add-target-2,minimal,1000,0,0,0,1,0
typescript-microsoft-typescript-add-target-3,full,252,22,22,0,1,0
typescript-microsoft-typescript-add-target-3,minimal,252,0,0,0,1,0
typescript-microsoft-typescript-add-target-4,full,4206,0,0,0,1,0
typescript-microsoft-typescript-add-target-4,minimal,4206,0,0,0,1,0
typescript-microsoft-typescript-add-target-comment-2,full,422,0,0,0,1,0
typescript-microsoft-typescript-add-target-comment-2,minimal,422,0,0,0,1,0
typescript-microsoft-typescript-expand-target,full,502,0,0,0,1,0
typescript-microsoft-typescript-expand-target,minimal,502,0,0,0,1,0
typescript-microsoft-typescript-expand-target-2,full,608,0,0,0,1,0
typescript-microsoft-typescript-expand-target-2,minimal,608,0,0,0,1,0
typescript-microsoft-typescript-expand-target-3,full,528,0,0,0,1,0
typescript-microsoft-typescript-expand-target-3,minimal,528,0,0,0,1,0
typescript-microsoft-typescript-extend-target-comment,full,412,0,0,0,1,0
typescript-microsoft-typescript-extend-target-comment,minimal,412,0,0,0,1,0
typescript-refactor-interface,full,950,0,716,716,2,0
typescript-refactor-interface,minimal,950,0,0,0,2,0
typescript-vercel-next-whitespace-only,full,152143,0,0,0,1,0
typescript-vercel-next-whitespace-only,minimal,152143,0,0,0,1,0
vimscript-neovim-neovim-add-one-dict-entry,full,230174,6,6,0,2,0
vimscript-neovim-neovim-add-one-dict-entry,minimal,230174,2,2,0,2,0
vimscript-neovim-neovim-add-one-dict-item,full,230084,6,6,0,2,0
vimscript-neovim-neovim-add-one-dict-item,minimal,230084,2,2,0,2,0
vimscript-neovim-neovim-add-one-line-to-dict,full,225560,6,6,0,2,0
vimscript-neovim-neovim-add-one-line-to-dict,minimal,225560,2,2,0,2,0
vimscript-neovim-neovim-add-one-line-to-test,full,58758,0,0,0,2,0
vimscript-neovim-neovim-add-one-line-to-test,minimal,58758,0,0,0,2,0
vimscript-neovim-neovim-comment-only-insert,full,1030,0,0,0,1,0
vimscript-neovim-neovim-comment-only-insert,minimal,1030,0,0,0,1,0
vimscript-neovim-neovim-date-update-plus-bugfix,full,1280,1,1,0,1,0
vimscript-neovim-neovim-date-update-plus-bugfix,minimal,1280,1,1,0,1,0
vimscript-neovim-neovim-expand-author-comment,full,636,0,0,0,1,0
vimscript-neovim-neovim-expand-author-comment,minimal,636,0,0,0,1,0
vimscript-neovim-neovim-insert-only,full,1926,3,3,0,1,0
vimscript-neovim-neovim-insert-only,minimal,1926,3,3,0,1,0
vimscript-neovim-neovim-insert-only-3,full,1414,2,2,0,2,0
vimscript-neovim-neovim-insert-only-3,minimal,1414,0,0,0,2,0
vimscript-neovim-neovim-only-delete,full,1853,1,1,0,2,0
vimscript-neovim-neovim-only-delete,minimal,1853,0,0,0,2,0
vimscript-neovim-neovim-small-change,full,968,0,0,0,2,0
vimscript-neovim-neovim-small-change,minimal,968,0,0,0,2,0
vimscript-neovim-neovim-small-change-2,full,678,37,37,0,2,0
vimscript-neovim-neovim-small-change-2,minimal,678,3,3,0,2,0
xml-genymobile-scrcpy-remove-package-attribute,full,207,21,0,21,1,0
xml-genymobile-scrcpy-remove-package-attribute,minimal,207,21,0,21,1,0
xml-godotengine-godot-update-element-value,full,77893,258,258,0,2,0
xml-godotengine-godot-update-element-value,minimal,77893,254,254,0,2,0
xml-jellyfin-jellyfin-update-attribute-values,full,394,88,88,0,2,0
xml-jellyfin-jellyfin-update-attribute-values,minimal,394,0,0,0,2,0
xml-libreoffice-add-one-menu-item,full,72049,23,10,33,2,0
xml-libreoffice-add-one-menu-item,minimal,72049,23,0,23,2,0
xml-libreoffice-unicode,full,1140,18,18,0,1,0
xml-libreoffice-unicode,minimal,1140,18,18,0,1,0
xml-microsoft-terminal-add-one-element,full,2878,40,2,38,2,0
xml-microsoft-terminal-add-one-element,minimal,2878,38,0,38,2,0
xml-nextcloud-android-add-one-element,full,199583,26,4,22,2,0
xml-nextcloud-android-add-one-element,minimal,199583,22,0,22,2,0
xml-nextcloud-android-add-translation,full,218364,33,4,29,2,0
xml-nextcloud-android-add-translation,minimal,218364,29,0,29,2,0
xml-nextcloud-android-add-translation-2,full,214474,31,4,27,2,0
xml-nextcloud-android-add-translation-2,minimal,214474,27,0,27,2,0
xml-odoo-odoo-add-attribute-2,full,9862,11,0,11,2,0
xml-odoo-odoo-add-attribute-2,minimal,9862,11,0,11,2,0
xml-odoo-odoo-insert-only,full,441,26,1,25,2,0
xml-odoo-odoo-insert-only,minimal,441,25,0,25,2,0
yaml-ansible-ansible-add-block-sequence,full,191,0,0,0,2,0
yaml-ansible-ansible-add-block-sequence,minimal,191,0,0,0,2,0
yaml-ansible-ansible-add-item-to-sequence,full,218,0,0,0,1,0
yaml-ansible-ansible-add-item-to-sequence,minimal,218,0,0,0,1,0
yaml-ansible-ansible-add-item-to-sequence-2,full,244,0,0,0,1,0
yaml-ansible-ansible-add-item-to-sequence-2,minimal,244,0,0,0,1,0
yaml-ansible-ansible-add-mapping-pair,full,150,0,0,0,1,0
yaml-ansible-ansible-add-mapping-pair,minimal,150,0,0,0,1,0
yaml-ansible-ansible-change-in-string-scalar,full,199,0,0,0,1,0
yaml-ansible-ansible-change-in-string-scalar,minimal,199,0,0,0,1,0
yaml-ansible-ansible-rename-string-scalar,full,260,0,0,0,1,0
yaml-ansible-ansible-rename-string-scalar,minimal,260,0,0,0,1,0
yaml-ansible-ansible-version,full,166,0,0,0,1,0
yaml-ansible-ansible-version,minimal,166,0,0,0,1,0
yaml-gyulyvgc-sniffnet-version,full,341,23,23,0,2,0
yaml-gyulyvgc-sniffnet-version,minimal,341,0,0,0,2,0
yaml-jekyll-jekyll-true-to-false,full,321,2,2,0,1,0
yaml-jekyll-jekyll-true-to-false,minimal,321,2,2,0,1,0
yaml-mastodon-mastodon-delete-one-pair,full,60623,0,0,0,2,0
yaml-mastodon-mastodon-delete-one-pair,minimal,60623,0,0,0,2,0
yaml-mastodon-mastodon-remove-one-translation,full,47797,0,0,0,2,0
yaml-mastodon-mastodon-remove-one-translation,minimal,47797,0,0,0,2,0
yaml-mastodon-mastodon-remove-translation,full,178590,0,0,0,2,0
yaml-mastodon-mastodon-remove-translation,minimal,178590,0,0,0,2,0
yaml-puppeteer-puppeteer-false-to-true,full,597,2,2,0,1,0
yaml-puppeteer-puppeteer-false-to-true,minimal,597,2,2,0,1,0
