solution,mismatches,visible_mismatches,elapsed_ms
c-awesomewm-awesome-add-function,0,0,13.79
c-awslabs-aws-c-common-only-insert,0,0,1.85
c-cpython-autogenerated-code,5,0,116.40
c-ffmpeg-added-typedef-to-enum,1,1,3.76
c-ffmpeg-ffmpeg-parse-error-but-workable,34,23,110.04
c-ffmpeg-ffmpeg-rename-two-identifiers,0,0,10.95
c-freeciv-add-parameter-to-function,0,0,0.34
c-freeciv-freeciv-add-window-dialog-size-save,0,0,42.70
c-freeciv-freeciv-change-define-but-also-keep-the-old-working-with-a-move,7,5,3.33
c-freeciv-freeciv-null-to-nullptr,18,18,55.17
c-freeciv-freeciv-rename-identifier,0,0,42.82
c-freeciv-freeciv-update-version,0,0,0.47
c-genymobile-scrcpy-add-a-define,0,0,0.28
c-genymobile-scrcpy-add-a-define-,0,0,0.34
c-genymobile-scrcpy-add-a-define-2,0,0,0.27
c-genymobile-scrcpy-add-to-import-path-and-move-imports-around,0,0,0.28
c-genymobile-scrcpy-big-change,101,68,3.57
c-genymobile-scrcpy-rename-and-add-a-define,0,0,0.18
c-genymobile-scrcpy-rename-defines,0,0,0.03
c-godotengine-godot-add-two-enum-values,0,0,4.57
c-godotengine-godot-pure-move,0,0,2.11
c-godotengine-godot-whitespace-only,0,0,8.43
c-graph-algorithms-edge-addition-planarity-suite-real-change-all-across-the-file,0,0,384.02
c-htop-dev-htop-add-comment,0,0,0.19
c-htop-dev-htop-add-function,0,0,0.15
c-htop-dev-htop-add-increment-a-few-times,0,0,24.64
c-htop-dev-htop-update-import,0,0,0.38
c-htop-remove-function-declaration,0,0,1.26
c-intel-vpl-gpu-rt-whitespace-only-change,0,0,7.09
c-ladybirdbrowser-ladybird-change-to-a-different-class,0,0,0.40
c-ladybirdbrowser-ladybird-move-to-a-different-class,0,0,0.33
c-ladybirdbrowser-ladybird-small-parse-errors,1,0,12.60
c-libtom-libtomcrypt-change-function-call,0,0,9.47
c-linux-small-bugfix,34,24,81.13
c-linux-small-change,0,0,23.06
c-linux-small-change-struct-to-char,0,0,127.89
c-microsoft-terminal-add-function,0,0,15.43
c-microsoft-terminal-add-two-includes,0,0,0.04
c-microsoft-terminal-change-import-path,0,0,0.25
c-mongodb-mongo-with-parse-errors,0,0,4.07
c-mozilla-firefox-firefox-remove-two-comments,0,0,0.17
c-neovim-neovim-add-an-include,0,0,0.05
c-neovim-neovim-less-polite-error-messages,0,0,70.08
c-neovim-neovim-small-change,0,0,0.30
c-nginx-add-typedef,50,32,43.17
c-nginx-nginx-add-preproc-two-lines,0,0,1.78
c-nginx-nginx-enclose-function-call-in-if-return-value-check,0,0,113.76
c-ollama-ollama-change-imports,8,4,0.56
c-ondsel-development-ondselsolver-add-include,0,0,2.70
c-openssl-openssl-a-few-changes,48,30,35.19
c-openssl-openssl-add-import,0,0,0.32
c-openssl-openssl-add-two-clang-comments,0,0,0.03
c-openssl-openssl-big-multi-map-change,114,62,448.17
c-openssl-openssl-copyright,0,0,53.48
c-openssl-openssl-format-only-change,0,0,0.61
c-openssl-openssl-identifier-to-literal-zero,1,1,70.33
c-openssl-openssl-very-interesting-test-case,0,0,8.48
c-openssl-openssl-whitepsace-only,0,0,0.16
c-openssl-openssl-whitespace-only,0,0,0.16
c-openssl-openssl-whitespace-only-2,0,0,2.34
c-pixaranimationstudios-opensubdiv-change-license-comment,2,2,6.92
c-pocoproject-poco-replace-0-with-nullptr,0,0,34.38
c-postgres-postgres-change-ctrl-c-behaviour,0,0,1.76
c-postgres-postgres-copyright,0,0,20.05
c-postgres-postgres-copyright-2,0,0,6.44
c-postgres-postgres-copyright-3,0,0,2.28
c-postgres-postgres-copyright-year-update,0,0,0.14
c-postgres-postgres-copyright-year-update-2,0,0,0.38
c-postgres-postgres-copyright-year-update-3,0,0,0.51
c-postgres-postgres-fix-typo,0,0,28.35
c-postgres-postgres-preprocessor-heavy-change,0,0,1.99
c-postgres-postgres-tiny-but-interesting,0,0,21.90
c-postgres-postgres-update-copyright-year,0,0,0.03
c-postgres-real-logic-change,124,82,212.73
c-protocolbuffers-protobuf-add-to-preproc-define,0,0,1.47
c-protocolbuffers-protobuf-change-regex,0,0,19.55
c-protocolbuffers-protobuf-this-must-be-autogenerated,27,27,39.83
c-python-cpython-autogenerated,52,33,424.46
c-python-cpython-autogenerated-test-case,52,33,413.89
c-python-cpython-interesting-case,219,143,33.34
c-redis-redis-one-line-insert,0,0,125.69
c-relianoid-nftlb-zcu-log-to-u-log,0,0,2.64
c-rust-lang-rust-add-two-consts,0,0,0.12
c-sched-ext-scx-many-many-moves-some-deletes-some-adds,3,3,7.02
c-sqlite-sqlite-fix-format-string-typo,0,0,30.60
c-tmux-tmux-delete-one-include,0,0,15.57
c-tripwire-tripwire-open-source-add-single-item-to-list,0,0,5.93
cpp-add-const-correctness,0,0,1.04
cpp-add-memory-management,0,0,0.66
cpp-add-templates,0,0,1.44
cpp-arximboldi-lager-add-two-test-cases,0,0,7.80
cpp-bolero-murakami-sprout-copyright-comment-update,0,0,1.67
cpp-bolero-murakami-sprout-copyright-update,0,0,0.93
cpp-bolero-murakami-sprout-copyright-update-3,0,0,4.02
cpp-cgdb-cgdb-struct-to-pointer,110,73,21.50
cpp-electron-electron-add-imports,0,0,0.27
cpp-fix-segfault,0,0,2.12
cpp-godot-small-bugfix,13,7,15.96
cpp-godotengine-godot-add-function,0,0,320.55
cpp-godotengine-godot-add-include,0,0,0.44
cpp-godotengine-godot-add-one-include,0,0,425.61
cpp-godotengine-godot-add-one-include-2,0,0,25.44
cpp-godotengine-godot-add-one-include-3,0,0,6.73
cpp-godotengine-godot-add-one-include-4,0,0,4.03
cpp-godotengine-godot-add-one-include-5,0,0,3.71
cpp-godotengine-godot-add-qualified-name,0,0,245.60
cpp-godotengine-godot-insert-one-include,0,0,35.84
cpp-godotengine-godot-two-imports-added,0,0,3.68
cpp-jpnurmi-znc-playback-adding-new-feature,0,0,30.77
cpp-ladybird-refactor-variables-if-changes,141,87,249.28
cpp-ladybirdbrowser-ladybird-add-real-logic,0,0,3.55
cpp-ladybirdbrowser-ladybird-add-static-to-identifier-name,0,0,30.44
cpp-ladybirdbrowser-ladybird-change-inherited-class-name,0,0,0.35
cpp-lancos-ponyprog-remove-a-few-lines,0,0,11.91
cpp-laydbird-change-function-signature,54,33,36.88
cpp-libreoffice-add-const,0,0,14.57
cpp-libreoffice-add-const-2,0,0,0.35
cpp-libreoffice-add-imports-and-function-param,0,0,0.98
cpp-libreoffice-delete-function,0,0,1.05
cpp-libreoffice-fraction-type-to-double,2,2,42.79
cpp-libreoffice-remove-return-value,0,0,7.51
cpp-libreoffice-remove-two-wrapping-functions,2,2,81.60
cpp-libreoffice-warn-to-info,0,0,95.86
cpp-llnl-sundials-comment-change,0,0,19.57
cpp-microsoft-terminal-add-only,0,0,0.96
cpp-microsoft-terminal-delete-only,0,0,0.28
cpp-microsoft-terminal-funny-code-comment,0,0,4.17
cpp-microsoft-terminal-insert-only,0,0,4.07
cpp-microsoft-terminal-preproc-add-because-same-name-was-replaced-on-both-sides,2,2,17.66
cpp-microsoft-terminal-pure-add,0,0,2.91
cpp-microsoft-terminal-remove-unary-expression-from-binary,0,0,8.19
cpp-microsoft-terminal-small-change,0,0,34.95
cpp-mikepopoloski-slang-remove-if-condition-and-brackets,0,0,16.44
cpp-mongodb-mongo-add-function-and-2-call-sites,0,0,2.80
cpp-mongodb-mongo-use-auto,0,0,25.21
cpp-mozilla-firefox-firefox-block-to-default,0,0,4.74
cpp-mozilla-firefox-firefox-delete-leading-comment,0,0,1.03
cpp-mozilla-firefox-firefox-pure-move,0,0,93.84
cpp-mozilla-firefox-firefox-update-file-comment,0,0,0.26
cpp-mozilla-firefox-firefox-update-file-comment-2,0,0,0.18
cpp-nextcloud-add-test-case,0,0,17.01
cpp-nextcloud-desktop-small-change,0,0,123.07
cpp-nzbgetcom-nzbget-add-if,0,0,20.19
cpp-nzbgetcom-nzbget-add-include,0,0,0.04
cpp-nzbgetcom-nzbget-update-string-const,0,0,5.57
cpp-ollama-add-function-argument,0,0,10.54
cpp-ollama-ollama-delete-if-else-branch,0,0,6.90
cpp-ollama-ollama-update-commit-hash,0,0,0.08
cpp-ollama-ollama-update-commit-hash-2,0,0,0.16
cpp-ollama-ollama-update-commit-hash-3,0,0,0.11
cpp-ollama-ollama-update-commit-hash-4,0,0,0.07
cpp-ollama-ollama-update-commit-hash-5,0,0,0.07
cpp-ollama-ollama-update-commit-hash-6,0,0,0.09
cpp-ollama-ollama-update-commit-hash-7,0,0,0.07
cpp-ollama-ollama-update-commit-hash-8,0,0,0.08
cpp-ollama-ollama-update-commit-hash-string-constant,0,0,0.07
cpp-opencv-add-test-case,0,0,326.32
cpp-opencv-opencv-delete-string-const-from-preprocessor,0,0,0.12
cpp-opencv-opencv-fix-dimention-dimension-typo-in-two-comments,0,0,66.64
cpp-optimize-algorithm,0,0,2.55
cpp-paddlepaddle-paddleocr-add-namespace-closing-comment,0,0,0.48
cpp-paddlepaddle-paddleocr-childs-to-children-rename,0,0,8.32
cpp-protocolbuffers-protobuf-add-preprocessor-commands,0,0,0.15
cpp-protocolbuffers-protobuf-one-line-insert,0,0,5.21
cpp-protocolbuffers-protobuf-small-change,0,0,4.84
cpp-pytorch-pytorch-two-inserted-lines,0,0,78.38
cpp-qpdf-qpdf-move-to-assert-from-if-and-throw,14,9,6.32
cpp-tensorflow-switch-to-primitive-types,6,6,22.51
cpp-tensorflow-tensorflow-new-to-make-unique,6,4,1.06
cpp-whitespace-only-change,0,0,1.99
csharp-cyanfish-naps2-add-condition-to-if,3,0,15.32
csharp-dotnet-script-dotnet-script-remove-two-arguments,0,0,15.82
csharp-glibsharp-gtksharp-formatting-only-change,0,0,1.68
csharp-glibsharp-gtksharp-interesting-case-where-most-should-be-flagged-as-insert-delete-with-a-single-update,1,1,4.15
csharp-glibsharp-gtksharp-whitespace-only-change,0,0,0.52
csharp-glibsharp-gtksharp-whitespace-only-change-2,0,0,0.65
csharp-glibsharp-gtksharp-whitespace-only-change-3,0,0,1.11
csharp-icsharpcode-avaloniailspy-a-few-formatting-changes-and-use-a-struct-instead-of-tuples,4,4,29.39
csharp-jellyfin-add-function,55,36,12.28
csharp-jellyfin-jellyfin-add-const-string,0,0,359.73
csharp-jellyfin-jellyfin-add-line,0,0,85.68
csharp-jellyfin-jellyfin-update-version-string,0,0,0.16
csharp-jellyfin-sql-query-fix,0,0,10.12
csharp-lidarr-add-function,0,0,8.86
csharp-lidarr-call-different-function,0,0,16.04
csharp-lidarr-condition-change,0,0,4.47
csharp-lidarr-lidarr-add-enum-value,0,0,0.48
csharp-lidarr-lidarr-add-function,0,0,0.41
csharp-lidarr-lidarr-add-function-call-to-return,0,0,7.31
csharp-lidarr-lidarr-add-function-signature-to-class,0,0,1.40
csharp-lidarr-lidarr-add-import-and-func,0,0,20.65
csharp-lidarr-lidarr-add-method-to-class,0,0,0.72
csharp-lidarr-lidarr-add-two-params,0,0,5.31
csharp-lidarr-new-feature,0,0,8.47
csharp-radarr-add-object-instance,0,0,5.49
csharp-radarr-radarr-add-base-class,0,0,0.47
csharp-radarr-radarr-add-func,0,0,1.22
csharp-radarr-radarr-add-one-using,0,0,17.17
csharp-radarr-radarr-add-one-using-2,0,0,0.47
csharp-radarr-radarr-add-property,0,0,0.83
csharp-radarr-radarr-add-to-end-of-regex,0,0,17.84
csharp-radarr-radarr-remove-import-and-func,0,0,1.50
csharp-sonarr-add-if-block,0,0,11.23
csharp-sonarr-add-true-to-function-call,0,0,4.68
csharp-sonarr-change-type,0,0,0.71
csharp-sonarr-sonarr-add-attribute,0,0,0.31
csharp-sonarr-sonarr-add-attribute-2,0,0,0.24
csharp-sonarr-sonarr-add-field-definition,0,0,5.36
csharp-sonarr-sonarr-add-func,0,0,14.66
csharp-sonarr-sonarr-add-import-and-annotation,0,0,0.86
csharp-sonarr-sonarr-add-list-item,0,0,0.57
csharp-sonarr-sonarr-add-two-attributes,0,0,58.13
csharp-sonarr-sonarr-add-two-items-to-list,0,0,5.81
csharp-sonarr-sonarr-delete-func,0,0,4.75
csharp-sonarr-sonarr-fix-comment-typo,0,0,4.61
csharp-sonarr-sonarr-update-regex,0,0,27.21
csharp-sonarr-sonarr-use-a-different-class,0,0,4.33
csharp-valvesoftware-openvr-add-many-constants-and-fields,106,58,390.29
csharp-waf-csharprepl-update-string-URL,0,0,5.35
css-add-property,0,0,0.50
css-facebook-react-add-two-selectors,0,0,1.43
css-fortawesome-font-awesome-update-version-comment-2,0,0,0.56
css-fortawesome-font-awesome-update-version-comment-3,0,0,21.64
css-fortawesome-font-awesome-upgrade-version-comment,0,0,0.84
css-gorhill-ublock-add-one-attribute,0,0,3.31
css-heroic-games-launcher-heroicgameslauncher-add-6-lines,0,0,0.60
css-horst3180-vertex-theme-add-spaces-to-change-class-selector-into-descendant-selectors,16,8,319.43
css-horst3180-vertex-theme-remove-single-rule,0,0,322.61
css-lassekongo83-zuki-themes-fails-to-parse,0,0,3.05
css-madmaxms-theme-obsidian-2-add-gnome-44-and-a-few-changes,125,75,106.58
css-mastodon-mastodon-add-two-lines,0,0,4.60
css-microsoft-vscode-remove-one-line,0,0,2.04
css-mozilla-firefox-firefox-actual-style-changes,0,0,7.31
css-nextcloud-server-update-import,0,0,0.18
css-playwright-add-class-selector,0,0,0.95
css-shadcn-ui-ui-add-two-bytes,0,0,4.54
css-shadcn-ui-ui-completely-broken-treesitter-parsing,71,71,69.30
css-source-foundry-hack-change-font-string,0,0,0.40
css-twbs-bootstrap-parse-errors,8,7,1.10
css-wordpress-add-comment,0,0,0.75
css-wordpress-format-comment-and-fix,0,0,2.69
css-wordpress-reformat,30,22,3.12
css-wordpress-smalll-change,0,0,4.22
css-wordpress-wordpress-autogenerated-file,0,0,25.72
css-wordpress-wordpress-change-comment,0,0,17.14
css-wordpress-wordpress-change-simple-values-to-vars,0,0,3.93
css-wordpress-wordpress-go-to-one-line,0,0,0.25
css-wordpress-wordpress-one-line-to-multiline,0,0,1.66
css-wordpress-wordpress-re-format-in-one-line,0,0,0.59
css-wordpress-wordpress-reformat-and-fix-lint-errors,0,0,0.59
css-wordpress-wordpress-remove-one-line,0,0,2.10
css-wordpress-wordpress-remove-one-rule,0,0,0.35
css-wordpress-wordpress-remove-webkit-prefix,0,0,1.31
css-wordpress-wordpress-rename-attribute,0,0,0.15
go-caddy-rename-type,0,0,1.10
go-caddyserver-caddy-multiple-solutions-interesting-case,3,3,137.66
go-cloudflare-cfssl-change-zero-value-to-is-zero,5,5,22.19
go-containers-storage-add-two-constants,0,0,61.65
go-cri-o-cri-o-change-importa,10,6,1.15
go-darylhjd-mangadesk-remove-a-function-uptade-comments,0,0,5.85
go-dweymouth-supersonic-remove-two-lines,0,0,8.55
go-fatedier-frp-build-comment-insert-only,0,0,0.30
go-gin-add-function,0,0,1.57
go-gin-change-import,0,0,1.42
go-gin-constant-change,0,0,2.69
go-gin-gonic-gin-one-space-removed-in-a-comment,0,0,0.04
go-gin-gonic-gin-replace-replaced-with-replaceall,0,0,26.44
go-gin-gonic-gin-update-version-string,0,0,0.08
go-gin-gonic-gin-update-version-string-,0,0,0.14
go-gin-gonic-gin-update-version-string-2,0,0,0.04
go-gin-gonic-gin-update-version-string-3,0,0,0.04
go-gin-gonic-gin-update-version-string-4,0,0,0.05
go-gin-gonic-gin-update-version-string-5,0,0,0.04
go-gin-gonic-gin-update-version-string-6,0,0,0.04
go-gin-gonic-gin-whitespace-in-comment,0,0,0.45
go-gohugoio-hugo-add-and-upadate-list-items,0,0,0.51
go-gohugoio-hugo-update-and-add-list-items,0,0,0.58
go-gohugoio-hugo-update-and-add-some-values,0,0,0.53
go-gohugoio-hugo-version,0,0,0.49
go-golang-go-add-one-line,0,0,1.89
go-golang-go-update-copyright-year,0,0,0.02
go-grafana-grafana-real-small-change-with-a-move,0,0,5.44
go-henri-gasc-cliphist-auto-generated-file,156,102,54.92
go-jesseduffield-lazygit-add-a-func,0,0,0.11
go-jesseduffield-lazygit-add-function,0,0,0.20
go-jesseduffield-lazygit-add-two-lines,0,0,17.10
go-jesseduffield-lazygit-change-undo-key,0,0,13.06
go-junegunn-fzf-real-small-change,0,0,0.58
go-kubernetes-kubernetes-add-element-to-return-slice,0,0,2.10
go-kubernetes-kubernetes-add-unit-test-cases,0,0,77.39
go-lazygit-add-to-if-condition,0,0,23.26
go-lazygit-switch-to-strings,17,7,11.87
go-nwg-piotr-gopsuinfo-shuffle-around-if-blocks,91,57,76.29
go-ollama-ollama-add-go-build-comment,0,0,0.04
go-ollama-ollama-delete-go-build-comment,0,0,2.34
go-ollama-ollama-remove-go-build-comment,0,0,0.07
go-ollama-ollama-surround-block-with-if-and-function-call,0,0,29.62
go-prometheus-node_exporter-remove-one-comment,0,0,6.14
go-prometheus-prometheus-nil-to-selector-expr,0,0,96.47
go-prometheus-prometheus-one-update-in-a-huge-file,0,0,330.82
go-prometheus-prometheus-remove-copyright-year,0,0,0.06
go-prometheus-single-comment-change,0,0,0.45
go-stackexchange-blackbox-add-comment,0,0,0.07
go-user-slices-library,0,0,44.64
html-abs-lang-abs-version-update-in-string,0,0,11.17
html-apache-echarts-actual-structure-change,13,9,9.66
html-apache-echarts-delete-one-script-tag,0,0,0.41
html-axios-axios-add-script-element,0,0,0.19
html-berndporr-iir1-a-lot-of-new-functionality,734,510,12.17
html-caddyserver-caddy-add-one-element,0,0,19.05
html-chennes-med-extreme-test,458,320,28.41
html-chennes-med-only-text-value-change,0,0,2.04
html-chennes-med-only-text-value-change-2,0,0,1.31
html-fatedier-add-attribute,0,0,0.31
html-fatedier-frp-update-hashes,0,0,0.24
html-fatedier-frp-update-hashes-2,0,0,0.31
html-fatedier-frp-update-hashes-3,0,0,0.25
html-fatedier-frp-update-hashes-4,0,0,0.21
html-fatedier-frp-version,0,0,0.20
html-firefox-update-src,0,0,0.46
html-gohugoio-hugo-change-template-variable-path,0,0,0.27
html-gohugoio-hugo-enclose-table-with-div-and-add-thead-tbody,0,0,0.22
html-gohugoio-hugo-template-not-pure-html,0,0,0.11
html-gohugoio-hugo-template-not-pure-html-2,0,0,0.00
html-gohugoio-hugo-update-href-template,0,0,0.35
html-gorhill-add-tag,0,0,0.59
html-gorhill-ublock-add-one-meta-element,0,0,7.84
html-hugo-tag-to-selfclosing-tag,1,0,0.25
html-ladybird-delete-attribute,0,0,0.11
html-ladybirdbrowser-ladybird-remove-meta-attribute,0,0,0.16
html-ladybirdbrowser-ladybird-remove-one-line,0,0,1.31
html-ladybirdbrowser-ladybird-update-pixel-value,0,0,0.39
html-ladybirdbrowser-ladybird-update-two-pixel-numbers,0,0,0.45
html-mermaid-update-link,0,0,0.30
html-milkytracker-milkytracker-text-update,0,0,116.96
html-mozilla-firefox-firefox-href-path,0,0,0.15
html-mozilla-firefox-firefox-interesting-case,0,0,0.08
html-mozilla-firefox-firefox-path,0,0,0.40
html-mozilla-firefox-firefox-remove-li-around-button,2,0,30.72
html-mozilla-firefox-firefox-test-span,2,2,0.42
html-mozilla-pdf-add-closing-tags,0,0,0.38
html-oauth-xx-oauth-ruby-version-and-timestamp-update,0,0,11.46
html-pandas-dev-pandas-release-banner-update,0,0,0.03
html-prettier-prettier-not-pure-html-includes-yaml-as-well,0,0,0.04
html-tcltk-thread-one-multiline-value-changed,0,0,8.17
html-twbs-bootstrap-add-the-same-attribute-in-many-places,0,0,13.42
html-twbs-bootstrap-not-html-template-extract-two-vars,2,2,0.11
html-twbs-bootstrap-remove-one-line-in-yaml-metadata-preamble,0,0,0.53
html-xiaoyeli-superlu-change-a-bunch-of-values-and-add-one-element,0,0,21.74
java-add-exception-handling,6,4,0.67
java-add-interface,0,0,0.54
java-add-logging,0,0,1.24
java-defects4j-chart-1-abstractcategoryitemrenderer,0,0,29.80
java-defects4j-chart-10-standardtooltiptagfragmentgenerator,0,0,0.76
java-defects4j-chart-11-shapeutilities,0,0,6.47
java-defects4j-chart-12-multiplepieplot,0,0,19.74
java-defects4j-chart-13-borderarrangement,0,0,19.90
java-defects4j-chart-14-categoryplot,0,0,78.77
java-defects4j-chart-14-xyplot,0,0,97.23
java-defects4j-chart-15-pieplot,0,0,46.51
java-defects4j-chart-16-defaultintervalcategorydataset,0,0,22.12
java-defects4j-chart-17-timeseries,0,0,12.54
java-defects4j-chart-18-defaultkeyedvalues,2,2,7.82
java-defects4j-chart-18-defaultkeyedvalues2d,0,0,11.36
java-defects4j-chart-19-categoryplot,0,0,64.65
java-defects4j-chart-2-datasetutilities,0,0,235.82
java-defects4j-chart-20-valuemarker,0,0,0.67
java-defects4j-chart-21-defaultboxandwhiskercategorydataset,1,0,45.44
java-defects4j-chart-22-keyedobjects2d,23,16,54.05
java-defects4j-chart-23-minmaxcategoryrenderer,0,0,7.25
java-defects4j-chart-24-graypaintscale,0,0,1.02
java-defects4j-chart-25-statisticalbarrenderer,32,20,77.99
java-defects4j-chart-26-axis,0,0,51.45
java-defects4j-chart-3-timeseries,0,0,21.26
java-defects4j-chart-4-xyplot,0,0,106.45
java-defects4j-chart-5-xyseries,0,0,11.77
java-defects4j-chart-6-shapelist,17,12,2.17
java-defects4j-chart-7-timeperiodvalues,0,0,5.38
java-defects4j-chart-8-week,0,0,6.21
java-defects4j-chart-9-timeseries,0,0,28.89
java-defects4j-cli-1-commandline,106,72,8.68
java-defects4j-cli-10-parser,0,0,4.82
java-defects4j-cli-11-helpformatter,0,0,19.18
java-defects4j-cli-12-gnuparser,4,2,96.93
java-defects4j-cli-13-argumentimpl,0,0,5.13
java-defects4j-cli-13-writeablecommandline,0,0,0.51
java-defects4j-cli-13-writeablecommandlineimpl,0,0,3.30
java-defects4j-cli-14-groupimpl,29,19,15.69
java-defects4j-cli-15-writeablecommandlineimpl,35,25,14.78
java-defects4j-cli-16-groupimpl,0,0,32.30
java-defects4j-cli-16-option,0,0,0.72
java-defects4j-cli-16-optionimpl,0,0,2.65
java-defects4j-cli-16-writeablecommandlineimpl,0,0,4.75
java-defects4j-cli-17-posixparser,0,0,10.24
java-defects4j-cli-18-posixparser,16,10,10.15
java-defects4j-cli-19-posixparser,15,9,5.07
java-defects4j-cli-2-posixparser,0,0,8.19
java-defects4j-cli-20-posixparser,53,38,30.98
java-defects4j-cli-21-groupimpl,0,0,7.60
java-defects4j-cli-21-writeablecommandline,0,0,0.63
java-defects4j-cli-21-writeablecommandlineimpl,0,0,14.29
java-defects4j-cli-22-posixparser,0,0,62.45
java-defects4j-cli-23-helpformatter,7,6,48.46
java-defects4j-cli-24-helpformatter,2,2,19.65
java-defects4j-cli-25-helpformatter,0,0,18.18
java-defects4j-cli-26-optionbuilder,6,6,8.09
java-defects4j-cli-27-optiongroup,0,0,1.24
java-defects4j-cli-28-parser,0,0,12.39
java-defects4j-cli-29-util,0,0,4.63
java-defects4j-cli-3-typehandler,14,11,4.23
java-defects4j-cli-30-defaultparser,46,32,22.11
java-defects4j-cli-30-parser,31,21,14.82
java-defects4j-cli-31-helpformatter,21,15,28.90
java-defects4j-cli-31-option,0,0,4.60
java-defects4j-cli-31-optionbuilder,0,0,3.65
java-defects4j-cli-32-helpformatter,0,0,15.87
java-defects4j-cli-33-helpformatter,0,0,10.66
java-defects4j-cli-34-option,0,0,5.11
java-defects4j-cli-34-optionbuilder,0,0,3.62
java-defects4j-cli-35-options,0,0,2.93
java-defects4j-cli-36-optiongroup,0,0,1.28
java-defects4j-cli-36-options,0,0,2.73
java-defects4j-cli-37-defaultparser,9,6,11.54
java-defects4j-cli-38-defaultparser,11,8,16.17
java-defects4j-cli-39-typehandler,0,0,2.00
java-defects4j-cli-4-parser,0,0,9.59
java-defects4j-cli-40-typehandler,2,2,50.71
java-defects4j-cli-5-util,0,0,0.69
java-defects4j-cli-7-patternbuilder,0,0,2.22
java-defects4j-cli-8-helpformatter,1,1,35.41
java-defects4j-cli-9-parser,14,10,17.56
java-defects4j-closure-1-removeunusedvars,0,0,18.42
java-defects4j-closure-10-nodeutil,0,0,56.70
java-defects4j-closure-100-checkglobalthis,0,0,9.45
java-defects4j-closure-101-commandlinerunner,0,0,7.88
java-defects4j-closure-102-normalize,0,0,7.26
java-defects4j-closure-103-controlflowanalysis,16,10,22.57
java-defects4j-closure-103-disambiguateproperties,0,0,16.26
java-defects4j-closure-104-uniontype,0,0,5.08
java-defects4j-closure-105-foldconstants,24,16,160.76
java-defects4j-closure-106-globalnamespace,0,0,14.00
java-defects4j-closure-106-jsdocinfobuilder,0,0,7.31
java-defects4j-closure-107-commandlinerunner,0,0,19.11
java-defects4j-closure-108-scopedaliases,0,0,187.08
java-defects4j-closure-109-jsdocinfoparser,3,2,48.43
java-defects4j-closure-11-typecheck,2,2,42.63
java-defects4j-closure-110-node,0,0,52.18
java-defects4j-closure-110-scopedaliases,18,11,207.98
java-defects4j-closure-111-closurereverseabstractinterpreter,2,2,4.59
java-defects4j-closure-112-typeinference,2,0,46.19
java-defects4j-closure-113-processclosureprimitives,0,0,31.55
java-defects4j-closure-114-nameanalyzer,0,0,40.98
java-defects4j-closure-115-functioninjector,0,0,32.37
java-defects4j-closure-116-functioninjector,0,0,32.77
java-defects4j-closure-117-typevalidator,0,0,16.31
java-defects4j-closure-118-disambiguateproperties,0,0,31.44
java-defects4j-closure-119-globalnamespace,0,0,81.07
java-defects4j-closure-12-maybereachingvariableuse,0,0,4.58
java-defects4j-closure-120-referencecollectingcallback,0,0,12.14
java-defects4j-closure-121-inlinevariables,0,0,14.50
java-defects4j-closure-122-irfactory,7,5,41.28
java-defects4j-closure-123-codegenerator,0,0,31.32
java-defects4j-closure-124-exploitassigns,0,0,2.91
java-defects4j-closure-125-typecheck,0,0,61.05
java-defects4j-closure-126-minimizeexitpoints,0,0,6.34
java-defects4j-closure-127-unreachablecodeelimination,0,0,40.29
java-defects4j-closure-128-codegenerator,0,0,26.77
java-defects4j-closure-129-prepareast,0,0,2.63
java-defects4j-closure-13-peepholeoptimizationspass,0,0,8.47
java-defects4j-closure-130-collapseproperties,2,0,27.65
java-defects4j-closure-131-tokenstream,2,2,10.79
java-defects4j-closure-132-peepholesubstitutealternatesyntax,0,0,118.99
java-defects4j-closure-133-jsdocinfoparser,0,0,45.19
java-defects4j-closure-134-ambiguateproperties,45,29,87.95
java-defects4j-closure-134-typedscopecreator,1,0,24.63
java-defects4j-closure-135-devirtualizeprototypemethods,0,0,8.90
java-defects4j-closure-135-functiontype,0,0,21.96
java-defects4j-closure-136-methodcompilerpass,1,0,13.39
java-defects4j-closure-136-renamevars,0,0,64.18
java-defects4j-closure-137-makedeclarednamesunique,190,129,63.30
java-defects4j-closure-137-nodeutil,0,0,33.16
java-defects4j-closure-137-normalize,0,0,7.00
java-defects4j-closure-138-closurereverseabstractinterpreter,3,3,13.99
java-defects4j-closure-138-typeinference,29,20,47.52
java-defects4j-closure-14-controlflowanalysis,0,0,16.60
java-defects4j-closure-141-purefunctionidentifier,11,7,26.25
java-defects4j-closure-144-functiontype,1,1,14.07
java-defects4j-closure-147-checkglobalthis,0,0,9.92
java-defects4j-closure-149-commandlinerunner,0,0,10.83
java-defects4j-closure-165-recordtypebuilder,0,0,1.24
java-defects4j-closure-168-typedscopecreator,0,0,35.60
java-defects4j-closure-18-compiler,0,0,78.14
java-defects4j-closure-19-chainablereverseabstractinterpreter,0,0,13.91
java-defects4j-closure-28-inlinecostestimator,0,0,1.12
java-defects4j-closure-30-flowsensitiveinlinevariables,0,0,6.21
java-defects4j-closure-31-compiler,2,2,85.24
java-defects4j-closure-34-codeprinter,0,0,11.60
java-defects4j-closure-37-nodetraversal,0,0,29.71
java-defects4j-closure-38-codeconsumer,0,0,3.48
java-defects4j-closure-44-codeconsumer,2,1,5.27
java-defects4j-closure-52-codegenerator,0,0,24.57
java-defects4j-closure-57-closurecodingconvention,0,0,17.70
java-defects4j-closure-62-lightweightmessageformatter,0,0,5.76
java-defects4j-closure-65-codegenerator,0,0,24.02
java-defects4j-closure-66-typecheck,3,2,38.44
java-defects4j-closure-67-analyzeprototypeproperties,3,0,18.95
java-defects4j-closure-70-typedscopecreator,0,0,50.46
java-defects4j-closure-71-checkaccesscontrols,14,10,39.65
java-defects4j-closure-72-functiontoblockmutator,0,0,5.06
java-defects4j-closure-72-renamelabels,0,0,3.28
java-defects4j-closure-73-codegenerator,0,0,138.39
java-defects4j-closure-77-codegenerator,0,0,45.51
java-defects4j-closure-78-peepholefoldconstants,0,0,121.65
java-defects4j-closure-79-normalize,0,0,12.34
java-defects4j-closure-79-varcheck,0,0,4.30
java-defects4j-closure-80-nodeutil,1,0,124.82
java-defects4j-closure-86-nodeutil,0,0,95.28
java-defects4j-closure-89-globalnamespace,0,0,13.62
java-defects4j-closure-90-functiontypebuilder,0,0,15.13
java-defects4j-closure-92-processclosureprimitives,0,0,15.06
java-defects4j-codec-1-caverphone,0,0,3.90
java-defects4j-codec-1-metaphone,0,0,6.38
java-defects4j-codec-1-soundexutils,0,0,1.53
java-defects4j-codec-10-caverphone,0,0,3.15
java-defects4j-codec-16-base32,0,0,41.74
java-defects4j-codec-17-stringutils,2,2,2.90
java-defects4j-codec-2-base64,0,0,20.07
java-defects4j-codec-3-doublemetaphone,0,0,24.63
java-defects4j-codec-4-base64,1,1,13.01
java-defects4j-codec-7-base64,0,0,15.14
java-defects4j-codec-8-base64inputstream,0,0,60.13
java-defects4j-codec-9-base64,0,0,13.28
java-defects4j-collections-26-multikey,0,0,1.86
java-defects4j-compress-1-cpioarchiveoutputstream,0,0,7.16
java-defects4j-compress-11-archivestreamfactory,2,2,33.24
java-defects4j-compress-19-zip64extendedinformationextrafield,0,0,19.71
java-defects4j-compress-23-coders,5,3,8.17
java-defects4j-compress-25-ziparchiveinputstream,0,0,20.15
java-defects4j-compress-26-ioutils,0,0,2.53
java-defects4j-compress-29-cpioarchiveinputstream,0,0,9.67
java-defects4j-compress-29-cpioarchiveoutputstream,0,0,11.36
java-defects4j-compress-29-dumparchiveinputstream,0,0,11.69
java-defects4j-compress-29-tararchiveinputstream,0,0,11.32
java-defects4j-compress-29-tararchiveoutputstream,0,0,15.43
java-defects4j-compress-29-ziparchiveinputstream,0,0,20.71
java-defects4j-compress-33-deflatecompressorinputstream,0,0,1.75
java-defects4j-compress-38-tararchiveentry,0,0,18.65
java-defects4j-compress-4-changesetperformer,0,0,2.61
java-defects4j-compress-4-cpioarchiveoutputstream,0,0,6.50
java-defects4j-compress-4-tararchiveoutputstream,0,0,4.78
java-defects4j-compress-4-ziparchiveoutputstream,0,0,16.23
java-defects4j-compress-42-unixstat,0,0,1.92
java-defects4j-compress-42-ziparchiveentry,0,0,10.47
java-defects4j-compress-44-checksumcalculatinginputstream,0,0,2.54
java-defects4j-csv-1-extendedbufferedreader,0,0,1.89
java-defects4j-csv-11-csvparser,0,0,21.51
java-defects4j-csv-12-csvformat,0,0,9.79
java-defects4j-csv-13-csvformat,0,0,13.57
java-defects4j-csv-14-csvformat,6,6,137.42
java-defects4j-csv-2-csvrecord,0,0,2.67
java-defects4j-csv-4-csvparser,0,0,5.07
java-defects4j-csv-5-csvprinter,0,0,5.43
java-defects4j-csv-6-csvrecord,0,0,5.69
java-defects4j-gson-11-typeadapters,10,6,41.31
java-defects4j-gson-13-jsonreader,0,0,35.36
java-defects4j-gson-15-jsonwriter,0,0,10.37
java-defects4j-gson-5-iso8601utils,0,0,196.01
java-defects4j-gson-6-jsonadapterannotationtypeadapterfactory,0,0,2.73
java-defects4j-jacksoncore-11-bytequadscanonicalizer,0,0,25.51
java-defects4j-jacksoncore-12-utf8streamjsonparser,0,0,76.16
java-defects4j-jacksoncore-13-jsongeneratorimpl,0,0,1.91
java-defects4j-jacksoncore-21-filteringparserdelegate,0,0,19.52
java-defects4j-jacksoncore-25-readerbasedjsonparser,0,0,101.40
java-defects4j-jacksoncore-26-nonblockingjsonparser,0,0,72.67
java-defects4j-jacksoncore-3-utf8streamjsonparser,0,0,72.79
java-defects4j-jacksoncore-5-jsonpointer,0,0,4.85
java-defects4j-jacksoncore-8-textbuffer,0,0,12.80
java-defects4j-jacksondatabind-1-beanpropertywriter,0,0,16.30
java-defects4j-jacksondatabind-103-basicbeandescription,2,2,26.72
java-defects4j-jacksondatabind-103-basicdeserializerfactory,2,2,58.65
java-defects4j-jacksondatabind-103-databindcontext,2,2,31.06
java-defects4j-jacksondatabind-103-deserializercache,2,2,9.37
java-defects4j-jacksondatabind-103-stddeserializer,2,2,23.31
java-defects4j-jacksondatabind-103-stdvalueinstantiator,2,2,8.23
java-defects4j-jacksondatabind-105-jdkdeserializers,0,0,22.29
java-defects4j-jacksondatabind-107-typedeserializerbase,0,0,17.62
java-defects4j-jacksondatabind-111-atomicreferencedeserializer,0,0,1.72
java-defects4j-jacksondatabind-15-beanserializerfactory,0,0,13.66
java-defects4j-jacksondatabind-15-javatype,0,0,4.34
java-defects4j-jacksondatabind-15-stdserializer,0,0,39.00
java-defects4j-jacksondatabind-16-annotationmap,0,0,2.03
java-defects4j-jacksondatabind-17-objectmapper,0,0,64.27
java-defects4j-jacksondatabind-20-objectnode,32,22,10.53
java-defects4j-jacksondatabind-25-simpleabstracttyperesolver,14,10,1.71
java-defects4j-jacksondatabind-34-numberserializer,0,0,1.33
java-defects4j-jacksondatabind-39-nullifyingdeserializer,0,0,2.06
java-defects4j-jacksondatabind-49-writableobjectid,0,0,1.38
java-defects4j-jacksondatabind-59-typefactory,0,0,25.09
java-defects4j-jacksondatabind-79-objectidinfo,0,0,1.86
java-defects4j-jacksondatabind-94-subtypevalidator,0,0,37.60
java-defects4j-jacksondatabind-99-referencetype,0,0,3.19
java-defects4j-jsoup-16-documenttype,4,4,8.07
java-defects4j-jsoup-17-treebuilderstate,1,1,52.00
java-defects4j-jsoup-2-parser,0,0,7.99
java-defects4j-jsoup-24-tokeniserstate,0,0,41.83
java-defects4j-jsoup-26-cleaner,0,0,2.20
java-defects4j-jsoup-31-token,0,0,3.60
java-defects4j-jsoup-31-tokeniserstate,0,0,42.78
java-defects4j-jsoup-33-htmltreebuilder,0,0,20.51
java-defects4j-jsoup-35-htmltreebuilderstate,0,0,436.94
java-defects4j-jsoup-39-datautil,0,0,8.06
java-defects4j-jsoup-40-documenttype,0,0,3.31
java-defects4j-jsoup-52-xmldeclaration,23,16,7.18
java-defects4j-jsoup-54-w3cdom,0,0,7.97
java-defects4j-jsoup-55-tokeniserstate,0,0,44.92
java-defects4j-jsoup-56-documenttype,0,0,9.44
java-defects4j-jsoup-76-htmltreebuilderstate,0,0,212.10
java-defects4j-jsoup-79-leafnode,4,4,1.77
java-defects4j-jsoup-86-comment,0,0,1.57
java-defects4j-jsoup-91-uncheckedioexception,0,0,0.31
java-defects4j-jsoup-92-parsesettings,0,0,0.72
java-defects4j-jsoup-92-xmltreebuilder,0,0,2.78
java-defects4j-jsoup-93-formelement,0,0,8.64
java-defects4j-jxpath-15-unioncontext,0,0,23.83
java-defects4j-jxpath-18-attributecontext,45,34,6.93
java-defects4j-jxpath-7-coreoperationgreaterthan,36,22,1.34
java-defects4j-jxpath-7-coreoperationgreaterthanorequal,36,22,1.76
java-defects4j-jxpath-7-coreoperationlessthan,36,22,1.84
java-defects4j-jxpath-7-coreoperationlessthanorequal,36,22,1.55
java-defects4j-jxpath-7-coreoperationrelationalexpression,0,0,4.98
java-defects4j-lang-14-stringutils,0,0,76.22
java-defects4j-lang-17-charsequencetranslator,3,0,18.53
java-defects4j-lang-19-numericentityunescaper,49,34,35.20
java-defects4j-lang-28-numericentityunescaper,0,0,24.45
java-defects4j-lang-38-fastdateformat,0,0,26.04
java-defects4j-lang-4-lookuptranslator,0,0,27.25
java-defects4j-lang-43-extendedmessageformat,0,0,8.07
java-defects4j-lang-51-booleanutils,0,0,11.74
java-defects4j-lang-54-localeutils,0,0,10.50
java-defects4j-lang-6-charsequencetranslator,0,0,1.10
java-defects4j-lang-64-valuedenum,0,0,4.09
java-defects4j-math-10-dscompiler,0,0,43.17
java-defects4j-math-103-normaldistributionimpl,6,4,2.22
java-defects4j-math-14-weight,10,8,2.84
java-defects4j-math-22-fdistribution,0,0,2.41
java-defects4j-math-22-uniformrealdistribution,0,0,1.58
java-defects4j-math-35-elitisticlistpopulation,0,0,4.67
java-defects4j-math-6-baseoptimizer,0,0,3.59
java-defects4j-math-6-cmaesoptimizer,0,0,375.00
java-defects4j-math-70-bisectionsolver,0,0,1.90
java-defects4j-math-95-fdistributionimpl,0,0,2.14
java-defects4j-mockito-11-delegatingmethod,0,0,2.18
java-defects4j-mockito-12-genericmaster,0,0,7.67
java-defects4j-mockito-15-finalmockcandidatefilter,0,0,21.35
java-defects4j-mockito-17-mocksettingsimpl,1,1,1.89
java-defects4j-mockito-19-finalmockcandidatefilter,0,0,1.15
java-defects4j-mockito-19-mockcandidatefilter,0,0,0.58
java-defects4j-mockito-19-namebasedcandidatefilter,0,0,14.76
java-defects4j-mockito-19-typebasedcandidatefilter,0,0,2.75
java-defects4j-mockito-2-timer,0,0,1.25
java-defects4j-mockito-21-constructorinstantiator,7,5,15.91
java-defects4j-mockito-22-equality,0,0,1.04
java-defects4j-mockito-29-same,0,0,1.16
java-defects4j-mockito-30-returnssmartnulls,0,0,2.10
java-defects4j-mockito-31-returnssmartnulls,4,3,2.60
java-defects4j-mockito-32-spyannotationengine,10,8,46.43
java-defects4j-mockito-37-answersvalidator,0,0,1.65
java-defects4j-mockito-38-argumentmatchingtool,0,0,1.88
java-defects4j-mockito-5-verificationovertimeimpl,0,0,7.65
java-defects4j-mockito-7-genericmetadatasupport,0,0,8.04
java-defects4j-mockito-9-callsrealmethods,0,0,1.20
java-eclipse-jdt-eclipse-remove-import-and-inheritance,0,0,1.00
java-fix-array-index,0,0,2.06
java-genymobile-scrcpy-add-enum-value,0,0,0.25
java-genymobile-scrcpy-add-func,0,0,0.54
java-genymobile-scrcpy-add-func-2,0,0,1.56
java-genymobile-scrcpy-add-parameter,0,0,0.25
java-genymobile-scrcpy-change-some-android-version-constant,0,0,5.11
java-genymobile-scrcpy-char-to-string-bugfix,0,0,2.05
java-genymobile-scrcpy-only-insert,0,0,0.31
java-genymobile-scrcpy-refactor-for-loop-in-a-function,46,32,231.10
java-genymobile-scrcpy-switch-from-three-exceptions-to-one,0,0,11.02
java-genymobile-scrcpy-whitespace-only,0,0,0.13
java-hunterhacker-jdom-javadoc-update,0,0,3.30
java-hunterhacker-jdom-move-a-block,0,0,15.37
java-jakartaee-rest-real-logic-change-of-a-significant-chunck,76,50,32.38
java-jflex-de-jflex-javadoc-update,0,0,0.84
java-jopt-simple-jopt-simple-remove-import,0,0,1.12
java-junit-pioneer-junit-pioneer-add-block-comment,0,0,1.35
java-nextcloud-android-add-if-branch-with-reused-return,54,38,254.17
java-nextcloud-android-add-one-line,0,0,60.20
java-nextcloud-android-add-two-function-calls,0,0,72.37
java-paddlepaddle-paddleocr-whitespace-only,0,0,0.36
java-paddlepaddle-paddleocr-whitespace-only-2,0,0,0.15
java-pdftk-java-pdftk-license-comment-change,0,0,2.51
java-pdftk-java-pdftk-real-change-all-across-the-file,348,237,264.42
java-protobuf-add-two-annotations,0,0,12.79
java-protocolbuffers-protobuf-add-a-method,0,0,10.94
java-protocolbuffers-protobuf-add-import-and-update-field-access,0,0,158.05
java-protocolbuffers-protobuf-add-one-annotation,0,0,29.99
java-protocolbuffers-protobuf-add-one-import,0,0,272.09
java-protocolbuffers-protobuf-update-comment,0,0,0.15
java-protocolbuffers-protobuf-update-comment-2,0,0,0.15
java-refactor-constants,3,3,0.74
java-scrcpy-public-to-protected,0,0,2.49
java-scrcpy-remove-or-expression,0,0,4.33
java-zeroc-ice-ice-comment-only-update,0,0,0.26
javascript-add-array-method,0,0,0.81
javascript-add-destructuring,19,19,0.19
javascript-add-event-listener,0,0,0.24
javascript-axios-axios-real-small-change,3,1,1.91
javascript-d3-d3-nice-small-change,20,14,3.69
javascript-facebook-react-add-test-case,0,0,273.85
javascript-facebook-react-delete-one-line,0,0,1.52
javascript-facebook-react-update-comment-only,0,0,0.06
javascript-fix-promises,0,0,3.16
javascript-grobian-carbonapi-web-add-binary-expression-to-existing-assignment,0,0,5.02
javascript-home-sweet-gnome-dash-to-panel-change-set-style-arguments,51,33,45.37
javascript-jquery-ui-rails-jquery-ui-rails-add-strict-and-move-function-call-parenthesis,3,1,0.46
javascript-jquery-ui-rails-jquery-ui-rails-update-text-in-string,0,0,0.96
javascript-jquery-ui-rails-jquery-ui-rails-update-text-in-string-2,0,0,0.98
javascript-microsoft-typescript-add-use-strict,0,0,0.04
javascript-microsoft-typescript-add-use-strict-2,0,0,0.21
javascript-microsoft-typescript-another-test-case-marked-with-strict,0,0,0.46
javascript-microsoft-typescript-broken-js-remove-string-fragment,464,320,68.19
javascript-microsoft-typescript-concat-to-template,2,2,0.45
javascript-microsoft-typescript-refactor,10,6,0.99
javascript-microsoft-typescript-remove-one-line,0,0,3.20
javascript-microsoft-typescript-small-change,0,0,0.21
javascript-microsoft-typescript-small-change-2,0,0,0.37
javascript-microsoft-typescript-small-change-3,0,0,0.80
javascript-microsoft-typescript-test-data-pretending-to-be-code-maybe-broken-parsing,0,0,13.35
javascript-microsoft-typescript-use-strict,0,0,0.25
javascript-microsoft-typescript-use-strict-2,0,0,0.29
javascript-microsoft-typescript-use-strict-3,0,0,0.22
javascript-microsoft-typescript-use-strict-4,0,0,0.13
javascript-microsoft-typescript-use-strict-5,0,0,48.05
javascript-microsoft-typescript-use-strict-6,0,0,1.01
javascript-microsoft-typescript-use-strict-7,0,0,65.57
javascript-microsoft-typescript-use-strict-8,0,0,0.51
javascript-mozilla-firefox-add-comment,0,0,4.29
javascript-mozilla-firefox-firefox-remove-one-comment,0,0,0.14
javascript-mui-material-ui-delete-one-import,0,0,0.19
javascript-refactor-arrow-func,0,0,0.83
javascript-twbs-bootstrap-comment-version-update,0,0,2.62
javascript-typescript-add-strict-3,0,0,4.17
javascript-typescript-add-use-strict,0,0,0.34
javascript-typescript-interesting-small-edit-refactor,3,3,0.70
javascript-typescript-use-strict-2,0,0,0.46
javascript-typescript-very-interesting-brokn-code,0,0,0.10
javascript-usebruno-bruno-add-class-to-classname-attribute,0,0,3.76
javascript-usebruno-bruno-style-change,0,0,0.79
javascript-vercel-next-add-doccomment,0,0,1.05
javascript-xpra-org-xpra-html5-small-change,4,4,181.00
json-apache-string-change-version,0,0,10.19
json-apache-superset-js-to-ts,0,0,0.62
json-excalidraw-excalidraw-change-translations-mostly-add,27,19,35.02
json-fedoraqt-qgnomeplatform-remove-from-list,0,0,0.50
json-fortawesome-font-awesome-string-change,0,0,0.25
json-gorhill-ublock-add-5-pairs,0,0,6.83
json-gorhill-ublock-version,0,0,0.14
json-governikus-ausweisapp-whitespace-only,0,0,0.11
json-grafana-grafana-add-pair,0,0,1.95
json-ipfs-ipfs-desktop-only-update-version-strings,0,0,748.55
json-iwalton3-jellyfin-web-jmp-gigantic-file-trivial-string-version-change,0,0,481.80
json-kellyjonbrazil-jc-add-maxhops-to-traceroute,0,0,0.83
json-kiwix-kiwix-desktop-add-a-few-change-a-few,20,14,3.77
json-langflow-update-single-string,0,0,62.85
json-lidarr-lidarr-remove-one-line,0,0,107.86
json-main-branch-track_open_instances-remove-item-from-list,0,0,10.95
json-mastodon-add-translation,0,0,164.52
json-microsoft-playwright-version-update,0,0,0.05
json-nextcloud-server-deleted-pair,0,0,28.58
json-nextcloud-server-remove-many-and-move-one,0,0,9.02
json-puppeteer-puppeteer-update-version,0,0,0.09
json-puppeteer-puppeteer-version-update,0,0,0.01
json-puppeteer-puppeteer-version-update-2,0,0,0.01
json-radarr-radarr-rename-string-key,0,0,61.70
json-shadcn-ui-ui-add-one-line,0,0,1.78
json-shadcn-ui-ui-react-code-in-string-constant,0,0,3.92
json-shadcn-ui-ui-string-value-update-string-is-code,0,0,0.36
json-vercel-next-version,0,0,0.19
json-webgpu-native-webgpu-headers-only-insertions,0,0,234.68
kotlin-add-data-class,0,0,0.66
kotlin-add-null-check,0,0,0.54
kotlin-add-validation,0,0,1.03
kotlin-fix-loop-bug,0,0,1.27
kotlin-jetbrains-kotlin-add-single-const,0,0,0.52
kotlin-jetbrains-kotlin-remove-one-comment-line,0,0,0.47
kotlin-jetbrains-kotlin-remove-some-deprecation,0,0,0.99
kotlin-jetbrains-kotlin-remove-typealias-with-annotations,0,0,0.38
kotlin-mozilla-firefox-firefox-add-one-annotation,0,0,20.56
kotlin-mozilla-firefox-firefox-add-one-line,0,0,213.36
kotlin-mozilla-firefox-firefox-add-one-line-2,0,0,178.87
kotlin-mozilla-firefox-firefox-rename,0,0,0.34
kotlin-nextcloud-a-few-small-removals,2,2,297.20
kotlin-nextcloud-android-add-a-feature,0,0,30.34
kotlin-nextcloud-android-add-one-annotation,0,0,76.09
kotlin-nextcloud-android-add-param,0,0,1.00
kotlin-nextcloud-android-add-param-to-class,0,0,0.72
kotlin-nextcloud-android-different-function,0,0,0.21
kotlin-nextcloud-android-dot-to-question-mark-dot,0,0,22.41
kotlin-nextcloud-android-extract-argument-into-variable,2,2,8.62
kotlin-nextcloud-android-move-from-one-mocking-library-to-other,24,12,12.53
kotlin-nextcloud-android-real-small-change,0,0,1.97
kotlin-nextcloud-android-remove-function,0,0,0.50
kotlin-nextcloud-android-remove-one-argument,0,0,11.01
kotlin-nextcloud-android-remove-one-argument-2,0,0,23.42
kotlin-nextcloud-android-remove-one-import,0,0,87.35
kotlin-nextcloud-android-rename,0,0,0.25
kotlin-nextcloud-android-rename-field,0,0,0.24
kotlin-nextcloud-android-small-change,0,0,0.34
kotlin-nextcloud-android-whitespace-only,0,0,1.34
kotlin-nextcloud-change-function-fingerprint,4,4,5.22
kotlin-nextcloud-remove-function,5,0,66.74
kotlin-nextcloud-whitespace-only-change,0,0,1.71
kotlin-refactor-function,74,54,2.09
kotlin-remove-function,0,0,4.70
kotlin-rustdesk-rustdesk-add-func,0,0,0.56
kotlin-small-api-change,0,0,2.20
kotlin-yairm210-unciv-another-vector2-removal,12,9,27.22
kotlin-yairm210-unciv-move-from-vec2-to-hexexpression,0,0,15.16
kotlin-yairm210-unciv-remove-tovector2-from-multiple-callsites,0,0,81.74
kotlin-yairm210-unciv-small-change,0,0,6.65
kotlin-yairm210-unciv-vector2-to-hexgrid,0,0,53.95
kotlin-yairm210-unciv-yet-another-vector2-removal,1,1,125.37
lua-awesome-only-comment-change,0,0,10.44
lua-awesomewm-awesome-add-comment,0,0,16.45
lua-awesomewm-awesome-add-deprecation-notice-to-comment,0,0,13.02
lua-awesomewm-awesome-add-func,0,0,0.32
lua-awesomewm-awesome-add-func-call,0,0,0.62
lua-awesomewm-awesome-add-h-to-align,0,0,0.38
lua-awesomewm-awesome-add-noreturn-comment,0,0,2.12
lua-awesomewm-awesome-add-to-table-constructor,0,0,0.36
lua-awesomewm-awesome-align-to-halign,0,0,0.92
lua-awesomewm-awesome-change-doccomments,21,14,13.15
lua-awesomewm-awesome-comment-changes-and-additions,0,0,3.51
lua-awesomewm-awesome-comment-only,0,0,0.12
lua-awesomewm-awesome-comment-only-2,0,0,0.36
lua-awesomewm-awesome-fix-one-byte-typo-in-comment,0,0,1.58
lua-awesomewm-awesome-halign,0,0,0.41
lua-awesomewm-awesome-insert,0,0,8.99
lua-awesomewm-awesome-insert-only,18,12,1.27
lua-awesomewm-awesome-update-comment,0,0,0.06
lua-corsixth-corsixth-refactor-if-expressions,12,12,6.72
lua-dromozoa-dromozoa-utf8-only-comment-text-update,0,0,4.93
lua-luakit-luakit-actual-test-change-merging-two-tests-into-one,107,70,313.52
lua-luals-lua-language-server-add-gsub-function-call,2,0,50.48
lua-luals-lua-language-server-add-two-translations,0,0,17.80
lua-luaposix-luaposix-copyright-year-change,0,0,8.93
lua-neovim-neovim-add-if-around-one-line,2,0,29.04
lua-neovim-neovim-add-leading-comment,0,0,2.27
lua-neovim-neovim-add-new-logic,10,5,79.58
lua-neovim-neovim-constant-changes,0,0,1.99
lua-neovim-neovim-if-flips-two-branches,68,46,101.20
lua-neovim-neovim-logic-change-with-some-code-re-use,15,13,84.38
lua-neovim-neovim-rename,0,0,0.46
lua-neovim-one-added-line,0,0,5.10
lua-return-to-the-roots-s25client-add-two-items-to-list,0,0,16.70
lua-return-to-the-roots-s25client-few-added-lines,0,0,2.08
lua-teeworlds-teeworlds-add-or-expression-to-existing-if,2,0,17.17
php-consol-monitoring-pnp-move-from-one-function-to-other-that-has-more-params,0,0,90.09
php-doctrine-orm-delete-3-comments-and-update-1,0,0,242.32
php-icinga-icingaweb2-module-graphite-add-a-few-nodes,0,0,3.10
php-nextcloud-change-doccomment,0,0,3.43
php-nextcloud-server-add-a-few-types,0,0,1.15
php-nextcloud-server-add-declare,0,0,0.08
php-nextcloud-server-add-declare-2,0,0,0.10
php-nextcloud-server-add-declare-3,0,0,0.09
php-nextcloud-server-add-declare-4,0,0,0.20
php-nextcloud-server-add-declare-5,0,0,0.11
php-nextcloud-server-add-declare-6,0,0,0.13
php-nextcloud-server-add-declare-7,0,0,0.30
php-nextcloud-server-add-one-element-to-array-init,0,0,670.82
php-nextcloud-server-add-readonly,0,0,0.60
php-nextcloud-server-real-small-change,0,0,0.67
php-nextcloud-server-whitespace-and-added-declaration,0,0,0.54
php-php-fig-log-deleted-a-class,0,0,2.49
php-rk4an-phpsysinfo-actual-logic-change,2,1,375.79
php-smarty-php-smarty-change-version-string,0,0,33.50
php-symfony-finder-move-elseif-block-to-else,1,0,18.29
php-theseer-directoryscanner-add-two-test-cases-and-reformat-file,2,2,4.29
php-wordpress-wordpress-add-null-to-return,0,0,65.67
php-wordpress-wordpress-add-one-require-statement,0,0,24.28
php-wordpress-wordpress-add-rtc-check,0,0,69.73
php-wordpress-wordpress-add-some-checks,10,6,295.79
php-wordpress-wordpress-not-sure-if-this-parses-correctly,1,1,173.42
php-wordpress-wordpress-one-line-file-insert-and-update,0,0,8.84
php-wordpress-wordpress-one-line-file-with-real-insert-and-update,0,0,1.73
php-wordpress-wordpress-remove-one-todo-comment,0,0,41.00
php-wordpress-wordpress-update-doccomment,0,0,10.23
php-wordpress-wordpress-version,0,0,0.13
php-wordpress-wordpress-version-2,0,0,0.25
php-wordpress-wordpress-version-3,0,0,1.09
php-wordpress-wordpress-version-4,0,0,12.91
php-wordpress-wordpress-version-5,0,0,0.23
php-wordpress-wordpress-version-6,0,0,0.15
php-wordpress-wordpress-version-7,0,0,0.22
php-wordpress-wordpress-version-8,0,0,0.10
php-wordpress-wordpress-version-update,0,0,0.17
php-wordpress-wordpress-version-update-2,0,0,0.17
php-wordpress-wordpress-version-update-3,0,0,0.22
php-wordpress-wordpress-whitespace-only-change,0,0,65.66
php-zetacomponents-base-whitespace-only-change,0,0,0.66
php-zetacomponents-consoletools-file-with-parse-errors-and-a-few-deletions,2,2,20.77
python-aajanki-yle-dl-tiny-change,0,0,1.01
python-aboutcode-org-license-expression-excellent-test-case,251,186,67.14
python-add-remove-block,0,0,0.66
python-added-if-block,0,0,1.25
python-added-if-block-small,0,0,0.23
python-ansible-ansible-add-comment,0,0,0.16
python-ansible-ansible-field-rename,0,0,28.54
python-ansible-ansible-ridiculously-long-yaml-in-string-constant-and-actual-code-changes,5,4,41.42
python-api-change,0,0,2.94
python-bolero-murakami-sprout-change-copyright-year,0,0,2.54
python-bugfix-loop,0,0,1.24
python-cloudflare-cloudflare-python-comment-only-changes,0,0,0.89
python-django-django-update-unit-tests-actual-logic-change,0,0,183.15
python-espressomd-espresso-fix-comment-typo,0,0,8.47
python-fuzzyray-esearch-whitespace-only-change,0,0,1.56
python-langchain-ai-langchain-version-change,0,0,0.04
python-langflow-ai-langflow-actual-change-of-logic,1,1,55.41
python-langflow-ai-langflow-bob,0,0,0.04
python-langflow-ai-langflow-real-small-change,0,0,0.42
python-nvbn-thefuck-add-three-arguments,0,0,0.65
python-nvbn-thefuck-small-change,0,0,2.41
python-nvbn-thefuck-small-change-2,0,0,1.17
python-nvbn-thefuck-small-change-3,0,0,0.62
python-nvbn-thefuck-stdout-stderr-change,0,0,0.57
python-odoo-odoo-add-import,0,0,0.04
python-odoo-odoo-add-import-2,0,0,0.04
python-odoo-odoo-add-two-imports,0,0,0.09
python-odoo-odoo-version,0,0,0.79
python-open-telemetry-opentelemetry-python-move-from-one-function-to-other,0,0,0.59
python-openhands-openhands-change-string-constant,0,0,1.04
python-openhands-openhands-small-change,0,0,0.97
python-paddlepaddle-paddleocr-formatting-only-change,0,0,15.41
python-paddlepaddle-paddleocr-remove-import,0,0,0.06
python-paddlepaddle-paddleocr-whitespace-only,0,0,0.35
python-paddlepaddle-paddleocr-whitespace-only-change,0,0,0.02
python-pandas-dev-pandas-doccoment-changes-only,0,0,42.00
python-persepolisdm-persepolis-add-a-single-node,0,0,6.01
python-portagefilelist-client-remove-one-import-and-update-one-const-string,8,4,3.70
python-pytorch-pytorch-add-param-to-many-places-and-update-one,0,0,71.51
python-refactoring,0,0,3.22
python-scrapy-scrapy-comment-update,0,0,0.43
python-thefuck-multiline-string-change,0,0,1.31
python-ytdl-add-import-and-function-call,0,0,2.03
python-ytdl-org-youtube-dl-version-update,0,0,0.03
python-ytdl-org-youtube-dl-version-update-2,0,0,0.05
python-zaneb-autopage-move-time-sleep,0,0,7.41
r-gtownsend-icon-one-letter-identifier-change,0,0,7.15
r-hroptatyr-dateutils-real-changes-to-an-r-script,0,0,35.23
r-mtytel-helm-dummy-file,0,0,0.12
r-oracle-dtrace-utils-i-have-no-idea-what-this-change-actually-does,0,0,33.87
ruby-homebrew-add-or-expression,0,0,84.38
ruby-homebrew-brew-actual-logic-change,13,6,60.39
ruby-homebrew-brew-add-extends,0,0,3.91
ruby-homebrew-brew-change-heredoc-to-string,2,0,24.37
ruby-homebrew-brew-decent-amount-of-new-code-and-some-changes,24,17,58.63
ruby-homebrew-brew-enclose-block-in-rescue,0,0,4.17
ruby-homebrew-brew-function-callsite-argument-change,0,0,14.22
ruby-homebrew-brew-real-small-change,1,1,23.96
ruby-homebrew-brew-version,0,0,0.12
ruby-intridea-multi_json-remove-double-colon,0,0,0.58
ruby-intridea-multi_json-remove-single-comma,0,0,3.77
ruby-jekyll-jekyll-version,0,0,0.03
ruby-jekyll-jekyll-version-2,0,0,0.03
ruby-jekyll-jekyll-version-3,0,0,0.03
ruby-jekyll-jekyll-version-4,0,0,0.03
ruby-jekyll-jekyll-version-5,0,0,0.03
ruby-jekyll-jekyll-version-6,0,0,0.03
ruby-jekyll-jekyll-version-7,0,0,0.03
ruby-jekyll-jekyll-whitespace-only,0,0,0.06
ruby-jekyll-jekyll-whitespace-only-2,0,0,0.06
ruby-jekyll-jekyll-whitespace-only-3,0,0,0.22
ruby-jekyll-jekyll-whitespace-only-4,0,0,0.83
ruby-jmespath-jmespath-formatting-and-style-guide-fixes,17,15,57.72
ruby-jmespath-jmespath-go-from-conditional-to-unless,27,10,1.32
ruby-junegunn-fzf-add-test-case,0,0,149.67
ruby-junegunn-fzf-add-test-case-2,0,0,155.96
ruby-main-branch-process_executer-actual-small-change,0,0,2.04
ruby-marcandre-backports-actual-small-change,11,6,10.61
ruby-mastodon-mastodon-add-func-and-attribute,0,0,0.61
ruby-mastodon-mastodon-add-method,0,0,0.48
ruby-mastodon-mastodon-add-one-call,0,0,167.88
ruby-mastodon-mastodon-add-one-line,0,0,0.41
ruby-mastodon-mastodon-insert-only,0,0,8.80
ruby-mastodon-mastodon-move,3,3,0.32
ruby-mastodon-mastodon-normal-change,4,4,0.63
ruby-mastodon-mastodon-one-operator,0,0,0.16
ruby-mastodon-mastodon-rare-example-of-true-move,3,3,0.11
ruby-mastodon-mastodon-smal-change,0,0,0.78
ruby-mastodon-mastodon-use-context-and-new-test-case,8,3,2.45
ruby-mikel-mail-whitespace-only-change,0,0,0.85
ruby-moneta-rb-moneta-change-one-identifier,0,0,0.34
ruby-moneta-rb-moneta-trivial-version-update,0,0,0.04
ruby-rapid7-ruby_smb-add-import-and-one-expression,0,0,29.05
rust-add-comments-and-real-new-logic,85,54,183.98
rust-add-if,0,0,0.29
rust-add-to-existing-use,0,0,0.17
rust-add-value-to-enum,0,0,0.54
rust-adding-a-variable-and-test-with-comments,0,0,93.06
rust-adding-many-identical-cfg-test-statements-to-a-signle-file-doesnt-prefer-the-local-insert-but-rather-goes-to-some-other-existing-cfg,0,0,13.62
rust-adding-to-a-list-of-identical-attributes-should-favour-near-matches,0,0,14.52
rust-algorithm-change,44,30,3.50
rust-cost-optimization,0,0,1.48
rust-data-structure,0,0,3.32
rust-error-handling,5,4,2.12
rust-firefox-webrenderer-borders,0,0,10.28
rust-fornwall-rust-script-add-lifecycle-management,0,0,21.12
rust-gyulyvgc-sniffnet-add-mod,0,0,0.07
rust-gyulyvgc-sniffnet-add-mod-2,0,0,0.07
rust-gyulyvgc-sniffnet-add-mod-3,0,0,0.05
rust-gyulyvgc-sniffnet-remoev-attribute,0,0,0.33
rust-gyulyvgc-sniffnet-rename-one-identifier,0,0,69.38
rust-hash-optimization,4,4,4.94
rust-hello-world-added-message,0,0,0.43
rust-hello-world-removed-message,0,0,0.40
rust-leetcode-1-bugfix,0,0,1.35
rust-multi-map-duplicate-calls,7,4,0.21
rust-next-font-imports-generator,0,0,30.93
rust-no-change,0,0,0.94
rust-protocolbuffers-protobuf-add-enum-variant,0,0,1.33
rust-protocolbuffers-protobuf-add-two-attributes,0,0,1.48
rust-quietvoid-dovi_tool-change-to-templated-call,6,6,11.00
rust-rbspy-rbspy-add-two-test-cases,0,0,102.34
rust-real-logic-change-in-a-huge-75k-node-file,44,31,1370.91
rust-refirmlabs-binwalk-whitespace-only,0,0,15.64
rust-rust-lang-rust-add-key-to-function-arguments-and-call-sites,0,0,55.28
rust-rust-lang-rust-add-note-comment,0,0,1.03
rust-rust-lang-rust-add-one-check,0,0,5.41
rust-rust-lang-rust-add-or-expression,0,0,16.05
rust-rust-lang-rust-change-use,6,6,0.89
rust-rust-lang-rust-one-comment-line-into-two,0,0,0.45
rust-rust-lang-rust-remove-min-version-comment,0,0,0.32
rust-rust-lang-rust-remove-path-from-using,2,2,4.10
rust-rust-lang-rust-remove-starting-comment,0,0,0.73
rust-rust-lang-rust-remove-warn-comment,0,0,0.27
rust-rust-lang-rust-remove-warn-comment-2,0,0,0.22
rust-rust-lang-rust-remove-warn-comment-3,0,0,0.44
rust-rust-lang-rust-remove-warn-comments,0,0,0.39
rust-rust-lang-rust-update-comment,0,0,0.49
rust-rustdesk-add-item,0,0,28.59
rust-rustdesk-add-one-slice-element,0,0,31.71
rust-rustdesk-rustdesk-actual-logic-change-in-io-loop-medium-sized-file,74,46,1482.21
rust-rustdesk-rustdesk-add-one-token,0,0,30.26
rust-rustdesk-rustdesk-add-two-values-to-slice,0,0,32.89
rust-rustdesk-rustdesk-large-file-40k-normal-feature-work,60,40,577.48
rust-rustdesk-rustdesk-move-list-item-with-insert,0,0,121.26
rust-rustdesk-rustdesk-string-constant-change,0,0,31.67
rust-skim-rs-skim-format-string,0,0,6.54
rust-small-addition-with-reuse-of-binary-expressions,10,5,662.67
rust-sniffnet-protocol,0,0,4.33
rust-some-to-const-slice,0,0,35.91
rust-tauri-api-build-1,0,0,4.94
rust-tauri-api-build-2,0,0,2.01
rust-tauri-apps-tauri-add-doccomment-empty-line,0,0,84.76
rust-tauri-apps-tauri-add-path-to-const-string,0,0,6.73
rust-tauri-apps-tauri-add-pub-to-mod,0,0,6.35
rust-tauri-apps-tauri-add-to-list,0,0,6.04
rust-tauri-apps-tauri-add-use-and-function,0,0,2.11
rust-tauri-apps-tauri-fix-typo-in-string-constant,0,0,8.65
rust-tauri-apps-tauri-rename-mod,0,0,0.04
rust-tauri-cli-ios-dev,0,0,24.01
rust-tiffany352-rink-rs-real-change,35,28,27.90
rust-turbopack-module-rule,62,43,79.44
rust-turbopack-persistence-tools-main,0,0,2.18
rust-tursodatabase-turso-unwrap-to-expect,0,0,3.41
rust-vercel-next-add-mode,0,0,0.11
rust-vercel-next-remove-mod,0,0,0.03
rust-vercel-next-simple-identifier-change,0,0,13.79
rust-vercel-nextjs-move-from-one-struct-to-another-and-add-some-code,0,0,23.20
rust-vercel-nextjs-refactoring-would-require-mulitmap-mapping,10,8,65.60
rust-weggli-rs-weggli-move-import-around-and-formatting-change,0,0,10.92
rust-xou816-spot-add-Some-around-existing-code,0,0,6.45
rust-yannjor-krabby-actual-normal-change,442,323,30.52
rust-zed-git-panel-settings,0,0,27.28
rust-zed-industries-zed-add-argument,0,0,342.87
rust-zed-industries-zed-add-mod,0,0,0.10
rust-zed-industries-zed-change-mod-and-use,0,0,0.10
rust-zed-industries-zed-change-mods,0,0,0.17
rust-zed-workspace-tasks,117,81,65.38
scala-com-lihaoyi-mill-add-a-function-call,2,2,2.96
scala-com-lihaoyi-mill-add-a-member-to-expression-chains,3,2,66.39
scala-com-lihaoyi-mill-add-one-argument,0,0,2.69
scala-com-lihaoyi-mill-assert-format-string-change,0,0,1.41
scala-com-lihaoyi-mill-change-from-one-function-to-other-and-delete-a-function,5,4,73.55
scala-com-lihaoyi-mill-expand-import-path,0,0,5.09
scala-com-lihaoyi-mill-new-import-used-to-remove-a-lot-of-code,53,30,70.92
scala-com-lihaoyi-mill-only-change-failure-strings,0,0,1.16
scala-com-lihaoyi-mill-real-small-change,2,2,26.83
scala-com-lihaoyi-mill-small-change,4,4,5.07
scala-com-lihaoyi-mill-small-refactoring,2,2,28.69
scala-com-lihaoyi-mill-split-import,1,1,15.49
scala-com-lihaoyi-mill-split-import-2,8,7,0.72
scala-com-lihaoyi-mill-split-two-asserts-into-six-two-times,0,0,167.04
scala-com-lihaoyi-mill-version-string-change,0,0,5.05
scala-sirthias-parboiled-value-change,0,0,0.56
scala-xerial-xerial-java-actual-code-change,4,3,164.32
scala-ymnk-jzlib-add-a-test-case,0,0,2.95
scala-ymnk-jzlib-add-one-test-case,0,0,15.44
scala-ymnk-jzlib-interesting-probably-has-no-optimal-solution,0,0,1.73
shellscript-ansible-ansible-a-small-add,0,0,0.11
shellscript-ansible-ansible-add-commadn,0,0,0.22
shellscript-ansible-ansible-add-variable-and-string-expansion,0,0,5.62
shellscript-ansible-ansible-only-insert,0,0,0.18
shellscript-ansible-ansible-simple-deletion,0,0,0.55
shellscript-ansible-ansible-small-add,0,0,0.18
shellscript-ansible-ansible-small-change,0,0,0.26
shellscript-docker-docker-bench-security-move-all-functions-by-one-and-add-one-to-the-end,334,227,26.26
shellscript-fleetingheart-ksre-multiline-string-change,0,0,1.27
shellscript-genymobile-scrcpy-add-two-flags,0,0,1.81
shellscript-genymobile-scrcpy-insert-only,0,0,2.66
shellscript-genymobile-scrcpy-version,0,0,0.22
shellscript-genymobile-scrcpy-version-2,0,0,0.22
shellscript-go-delve-delve-add-if,0,0,1.65
shellscript-hgst-libzbc-add-variable,0,0,0.08
shellscript-imapsync-imapsync-add-some-test-cases-and-a-few-other-changes,0,0,98.18
shellscript-jesseduffield-lazygit-version,0,0,0.10
shellscript-langchain-ai-langchain-some-interesting-raw-string-to-string-content,1,1,2.55
shellscript-maxsatula-ocp-small-change,0,0,0.15
shellscript-microsoft-playwright-version,0,0,0.04
shellscript-mongodb-mongo-small-change,0,0,0.37
shellscript-nextcloud-server-change-invocation-string,0,0,6.00
shellscript-nicolargo-glances-add-shebang,0,0,0.04
shellscript-nomad-software-vend-huge-multi-line-strings-updated,0,0,1.62
shellscript-nvm-sh-nvm-add-one-line,0,0,1.23
shellscript-nvm-sh-nvm-upgrade-version-string,0,0,106.48
shellscript-openhands-openhands-update-string-value,0,0,0.03
shellscript-openlightingproject-ola-real-small-change,0,0,41.83
shellscript-paddlepaddle-paddleocr-insert-inside-a-string,0,0,0.03
shellscript-pandas-dev-pandas-remove-one-line,2,2,1.84
shellscript-pi-hole-pi-hole-add-comment,0,0,0.19
shellscript-pi-hole-pi-hole-sql-code-in-string-constant,0,0,21.40
shellscript-pytorch-pytorch-change-invocation-string,0,0,3.67
shellscript-ropery-ffcast-comment-only-change,0,0,3.13
shellscript-scikit-learn-scikit-learn-string-to-regex,0,0,2.62
shellscript-scikit-learn-scikit-learn-version,0,0,0.24
shellscript-stgpetrovic-stacuist-pure-add,0,0,0.11
shellscript-stgpetrovic-stacuist-pure-add-2,0,0,0.08
shellscript-torvalds-linux-double-equals-to-equals,0,0,3.12
shellscript-vercel-next-change-command-params,0,0,0.05
swift-apple-swift-argument-parser-if-to-guard,5,5,13.71
swift-apple-swift-argument-parser-refactor-and-improve-tests,63,33,11.29
swift-apple-swift-argument-parser-remove-trimming-lines-function-call,2,2,28.86
swift-apple-swift-argument-parser-simplify-code,2,2,6.36
swift-apple-swift-argument-parser-small-change,18,6,2.69
swift-logseq-logseq-add-real-feature-keypress-tracking,0,0,15.10
swift-logseq-logseq-insertions-only,0,0,4.36
swift-nextcloud-ios-actual-control-flow-change,2,0,14.05
swift-nextcloud-ios-actual-logic-added,0,0,80.81
swift-nextcloud-ios-add-4-functions,0,0,19.16
swift-nextcloud-ios-add-one-log-line,0,0,23.27
swift-nextcloud-ios-call-different-function,0,0,0.90
swift-nextcloud-ios-different-func,0,0,0.08
swift-nextcloud-ios-move-function-and-refactor-logic,16,9,272.22
swift-nextcloud-ios-refactor-and-change,19,13,146.28
swift-swift-emacs-swift-mode-seems-like-test-code,0,0,7.92
swift-swiftlang-swift-actual-logic-change,36,19,324.91
swift-swiftlang-swift-add-target-comment,0,0,0.36
swift-swiftlang-swift-add-to-typecheck-comment,0,0,0.10
swift-swiftlang-swift-add-to-typecheck-comment-1,0,0,0.12
swift-swiftlang-swift-add-to-typecheck-comment-2,0,0,0.08
swift-swiftlang-swift-add-to-typecheck-comment-4,0,0,0.06
swift-swiftlang-swift-add-to-typecheck-comment-5,0,0,0.09
swift-swiftlang-swift-add-to-typecheck-comment-6,0,0,0.06
swift-swiftlang-swift-add-to-typecheck-comment-7,0,0,0.08
swift-swiftlang-swift-comment-change,0,0,0.04
swift-swiftlang-swift-comment-change-2,0,0,0.16
swift-swiftlang-swift-constraint-comment,0,0,0.15
swift-swiftlang-swift-delete-and-insert-in-the-typecheck-comment,0,0,0.10
swift-swiftlang-swift-enable-checks-remove-todo-comment,0,0,3.50
swift-swiftlang-swift-insert-delete-comment,0,0,0.27
swift-swiftlang-swift-insert-only,0,0,0.52
swift-swiftlang-swift-signature-next-comment,0,0,0.20
swift-swiftlang-swift-signature-next-comment-2,0,0,0.07
swift-swiftlang-swift-small-change-mostly-add,0,0,0.36
swift-swiftlang-swift-target-comment,0,0,0.40
swift-swiftlang-swift-target-comment-2,0,0,0.14
swift-swiftlang-swift-update-leading-comment,0,0,0.19
swift-swiftlang-swift-update-typecheck-comment,0,0,0.21
swift-tree-sitter-tree-sitter-haskell-remove-a-list-item,0,0,48.96
swift-zeroc-ice-ice-add-an-if-block-and-variable,0,0,15.57
tsx-apache-superset-add-test-case,0,0,16.25
tsx-apache-superset-error-handling-change,7,5,160.43
tsx-excalidraw-excalidraw-add-type-to-import,0,0,0.29
tsx-excalidraw-excalidraw-huge-file-with-real-logic-change,228,152,281.83
tsx-excalidraw-excalidraw-import-path-change,0,0,0.64
tsx-excalidraw-excalidraw-move-from-one-struct-to-other,2,2,316.04
tsx-greenbone-gsa-add-import-and-use-it,1,1,98.32
tsx-keybase-client-change-from-one-import-and-call-to-another,1,1,32.60
tsx-keybase-client-emoji-to-native,0,0,5.61
tsx-kong-insomnia-classname-strings-changed,0,0,2.70
tsx-kong-insomnia-if-to-ternary-operator,5,5,65.56
tsx-kong-insomnia-rewrite-if-using-ternary-twice,14,8,113.82
tsx-langflow-ai-langflow-add-type-to-import,0,0,0.30
tsx-langflow-ai-langflow-insert-only,0,0,5.20
tsx-langflow-ai-langflow-move-function-around-update-string-constant,0,0,37.05
tsx-langflow-ai-langflow-split-import,0,0,0.38
tsx-langflow-ai-langflow-split-import-2,0,0,0.63
tsx-langflow-ai-langflow-split-import-3,10,7,0.56
tsx-material-remove-import,0,0,2.37
tsx-microsoft-typescript-delete-only,0,0,0.42
tsx-microsoft-typescript-libpath-to-lib,0,0,0.21
tsx-mitmproxy-mitmproxy-array-to-object,0,0,0.19
tsx-mui-material-ui-add-attribute,0,0,1.20
tsx-mui-material-ui-add-name-to-pair,6,4,4.22
tsx-mui-material-ui-add-to-empty-block,23,14,0.08
tsx-mui-material-ui-delete-only,0,0,0.23
tsx-mui-material-ui-move-colour-to-a-new-attribute,16,12,133.07
tsx-mui-material-ui-move-import,0,0,0.40
tsx-mui-material-ui-remove-import,0,0,0.09
tsx-mui-material-ui-remove-import-2,0,0,0.10
tsx-mui-material-ui-remove-import-3,0,0,0.10
tsx-mui-material-ui-remove-import-4,0,0,0.29
tsx-mui-material-ui-remove-one-import,0,0,0.68
tsx-popcorn-official-popcorn-desktop-simple-property-rename,0,0,2.94
tsx-rektdeckard-departure-mono-import-path,0,0,13.91
tsx-shadcn-ui-ui-add-attribute,0,0,60.11
tsx-shadcn-ui-ui-order-of-class-names,0,0,0.24
tsx-shadcn-ui-ui-real-small-change,0,0,0.66
tsx-shadcn-ui-ui-update-release-announcement,0,0,3.07
tsx-troyeguo-koodo-reader-pure-insert,0,0,129.52
typescript-add-error-handling,0,0,1.27
typescript-add-generics,1,1,0.65
typescript-add-type-annotations,0,0,1.17
typescript-apache-echarts-envelop-2-lines-with-an-if-block,6,4,70.99
typescript-async-await,2,0,1.13
typescript-excalidraw-excalidraw-add-function,0,0,22.52
typescript-excalidraw-excalidraw-add-values-to-lists,0,0,231.99
typescript-lxqt-lxqt-openssh-askpass-change-url,0,0,2.17
typescript-lxqt-lxqt-panel-not-actually-ts-but-still,0,0,21.66
typescript-microsoft-playwright-add-two-test-cases,0,0,6.28
typescript-microsoft-typescript-add-dot-js-to-import-paths,0,0,2.81
typescript-microsoft-typescript-add-es-target,0,0,0.06
typescript-microsoft-typescript-add-es-target-2,0,0,0.06
typescript-microsoft-typescript-add-es-target-3,0,0,0.08
typescript-microsoft-typescript-add-es-target-4,0,0,0.12
typescript-microsoft-typescript-add-es-target-5,0,0,0.04
typescript-microsoft-typescript-add-es-target-6,0,0,0.12
typescript-microsoft-typescript-add-eslint,0,0,0.24
typescript-microsoft-typescript-add-lib-comment,0,0,0.32
typescript-microsoft-typescript-add-module-and-target-comment,0,0,0.18
typescript-microsoft-typescript-add-one-item,0,0,127.56
typescript-microsoft-typescript-add-one-line,0,0,475.97
typescript-microsoft-typescript-add-strict,0,0,0.12
typescript-microsoft-typescript-add-strict-2,0,0,0.37
typescript-microsoft-typescript-add-strict-false,0,0,0.04
typescript-microsoft-typescript-add-target,0,0,0.30
typescript-microsoft-typescript-add-target-2,0,0,0.38
typescript-microsoft-typescript-add-target-3,0,0,0.08
typescript-microsoft-typescript-add-target-4,0,0,1.24
typescript-microsoft-typescript-add-target-comment,0,0,0.74
typescript-microsoft-typescript-add-target-comment-2,0,0,0.21
typescript-microsoft-typescript-comment-change,0,0,0.11
typescript-microsoft-typescript-expand-target,0,0,0.09
typescript-microsoft-typescript-expand-target-2,0,0,0.16
typescript-microsoft-typescript-expand-target-3,0,0,0.08
typescript-microsoft-typescript-extend-target-comment,0,0,0.09
typescript-n8n-io-n8n-remove-and-add-imports,0,0,2.07
typescript-refactor-interface,0,0,0.50
typescript-th-ch-youtube-music-add-a-function-and-some-small-changes,0,0,39.19
typescript-typescript-add-target-comment,0,0,0.32
typescript-typescript-add-target-comment-2,0,0,2.98
typescript-typescript-add-target-comment-3,0,0,0.09
typescript-vercel-next-whitespace-only,0,0,25.56
vimscript-chikamichi-mediawiki-add-one-autocmd,26,18,1.57
vimscript-chikamichi-mediawiki-remove-3-lines,0,0,12.17
vimscript-fedorenchik-qt-support-add-two-lines,0,0,17.77
vimscript-fholgado-minibufexpl-massive-comment-reduction,6,6,40.21
vimscript-idanarye-vim-merginal-add-one-call,0,0,4.52
vimscript-jreybert-vimagit-move-one-line,0,0,7.39
vimscript-junegunn-fzf-condition-canges,1,0,22.85
vimscript-m-pilia-vim-mediawiki-add-a-new-functon,0,0,1.73
vimscript-neovim-neovim-add-a-few-lines,0,0,0.60
vimscript-neovim-neovim-add-a-few-lines-one-after-the-other,0,0,3.04
vimscript-neovim-neovim-add-line-comment,0,0,28.76
vimscript-neovim-neovim-add-one-dict-entry,0,0,76.06
vimscript-neovim-neovim-add-one-dict-item,0,0,159.44
vimscript-neovim-neovim-add-one-line-to-dict,0,0,147.57
vimscript-neovim-neovim-add-one-line-to-test,0,0,28.02
vimscript-neovim-neovim-add-test-case-plus-edit-existing-one,0,0,130.52
vimscript-neovim-neovim-add-two-functions-and-modify-a-few-lines,18,14,28.38
vimscript-neovim-neovim-awful-test-case-bunch-of-hex-colours-more-data-than-code,1072,761,15.03
vimscript-neovim-neovim-comment-only-insert,0,0,0.22
vimscript-neovim-neovim-date-update-plus-bugfix,0,0,0.21
vimscript-neovim-neovim-expand-author-comment,0,0,0.08
vimscript-neovim-neovim-i-have-no-idea-what-this-diff-does,0,0,91.44
vimscript-neovim-neovim-improved-asserts,0,0,27.94
vimscript-neovim-neovim-insert-only,0,0,2.15
vimscript-neovim-neovim-insert-only-3,0,0,1.39
vimscript-neovim-neovim-only-delete,0,0,5.55
vimscript-neovim-neovim-small-change,0,0,1.47
vimscript-neovim-neovim-small-change-2,0,0,0.68
vimscript-neovim-neovim-test-debian-package-parsing-awful-string-matching,0,0,9.10
vimscript-preservim-tagbar-add-if-statements,0,0,70.38
vimscript-protesilaos-tempus-themes-vim-add-terminal-color-scheme,19,15,14.71
vimscript-protesilaos-tempus-themes-vim-change-two-values,0,0,3.73
xml-adoptopenjdk-icedtea-web-update-version-string,0,0,3.14
xml-antlr-antlr3-comment-out-part-of-code-interesting-case,0,0,0.83
xml-eclipse-ee4j-jaxb-istack-commons-update-version-string,0,0,0.54
xml-fasterxml-jackson-dataformat-xml-only-string-value-change,0,0,2.02
xml-gap-packages-toric-remove-two-attributes,34,22,37.73
xml-genymobile-scrcpy-remove-package-attribute,0,0,0.07
xml-godotengine-godot-update-element-value,0,0,12.44
xml-gpuopen-drivers-amdvlk-version-update,0,0,0.36
xml-javacc-javacc-version-update,0,0,17.57
xml-jellyfin-jellyfin-update-attribute-values,0,0,0.12
xml-libreoffice-add-one-menu-item,2,2,51.21
xml-libreoffice-non-latin-string-data-update,0,0,1.06
xml-libreoffice-unicode,0,0,0.15
xml-lincity-ng-lincity-ng-whitespace-only-change,0,0,0.48
xml-megaglest-megaglest-data-update-url-path,0,0,2.09
xml-microsoft-terminal-add-one-element,1,1,1.02
xml-microsoft-terminal-multiline-string-constant-change,0,0,2.64
xml-mozilla-firefox-firefox-add-a-few-attributes,0,0,0.83
xml-mozilla-firefox-firefox-add-a-few-translations-and-a-few-attributes,69,49,0.71
xml-mozilla-firefox-firefox-update-value,0,0,0.06
xml-nextcloud-android-add-few-translations,0,0,139.84
xml-nextcloud-android-add-one-element,0,0,233.26
xml-nextcloud-android-add-translation,0,0,278.49
xml-nextcloud-android-add-translation-2,0,0,257.04
xml-nextcloud-android-delete-element,0,0,225.52
xml-nextcloud-android-delete-element-2,0,0,229.87
xml-odoo-odoo-add-attribute,0,0,14.85
xml-odoo-odoo-add-attribute-2,0,0,3.91
xml-odoo-odoo-add-button-roles,109,71,6.20
xml-odoo-odoo-add-two-attributes,0,0,711.88
xml-odoo-odoo-change-value,0,0,2.84
xml-odoo-odoo-insert-only,0,0,0.20
xml-paddlepaddle-paddleocr-whitespace-only,0,0,0.16
xml-paddlepaddle-paddleocr-whitespace-only-2,0,0,0.10
xml-paddlepaddle-paddleocr-whitespace-only-3,0,0,0.22
xml-paddlepaddle-paddleocr-whitespace-only-4,0,0,0.16
xml-paddlepaddle-paddleocr-whitespace-only-change,0,0,0.08
xml-veracrypt-veracrypt-version-string,0,0,136.39
yaml-ansible-ansible-add-block-sequence,0,0,0.12
yaml-ansible-ansible-add-item-to-sequence,0,0,0.21
yaml-ansible-ansible-add-item-to-sequence-2,0,0,0.25
yaml-ansible-ansible-add-mapping-pair,0,0,0.08
yaml-ansible-ansible-add-two-sequence-items,0,0,1.81
yaml-ansible-ansible-change-in-string-scalar,0,0,0.04
yaml-ansible-ansible-double-quote-scalar-change-possible-treesitter-weakness,0,0,59.37
yaml-ansible-ansible-rename-string-scalar,0,0,0.04
yaml-ansible-ansible-version,0,0,0.04
yaml-arkq-bluez-alsa-version-string,0,0,1.98
yaml-axios-axios-node-to-number,1,1,0.39
yaml-axios-axios-update-string-value,0,0,0.41
yaml-containers-skopeo-remove-one-block-pair,0,0,2.74
yaml-draios-sysdig-const-string-url-change,0,0,0.14
yaml-draios-sysdig-string-url-change,0,0,0.24
yaml-draios-sysdig-string-url-change-2,0,0,0.18
yaml-draios-sysdig-string-url-change-3,0,0,0.15
yaml-draios-sysdig-string-url-change-4,0,0,0.21
yaml-gyulyvgc-sniffnet-version,0,0,0.20
yaml-jekyll-jekyll-true-to-false,0,0,0.09
yaml-junegunn-fzf-version-upgrade,0,0,0.25
yaml-kbudde-rabbitmq_exporter-string-url-change,0,0,0.86
yaml-manugarg-pacparser-string-url-change,0,0,0.42
yaml-mastodon-mastodon-add-block-pair-translation,0,0,4.27
yaml-mastodon-mastodon-delete-one-pair,0,0,9.48
yaml-mastodon-mastodon-remove-one-translation,0,0,9.35
yaml-mastodon-mastodon-remove-translation,0,0,65.60
yaml-mastodon-remove-one-pair,0,0,31.92
yaml-mongodb-mongo-add-two-block-sequence-items,0,0,0.52
yaml-mozilla-pdf-single-value-update,0,0,0.53
yaml-n8n-io-n8n-add-performance-check-to-ci-config,0,0,4.06
yaml-puppeteer-puppeteer-false-to-true,0,0,0.09
yaml-python-xmp-toolkit-python-xmp-toolkit-insert-two-values-to-a-slice,0,0,1.21
yaml-twbs-bootstrap-remove-v-semicolon-from-version-numbers,0,0,5.87
yaml-twbs-bootstrap-version-pin-with-comment,0,0,1.09
